Order_ID,Order_Date,Customer,Product,Category,Region,Salesperson,Quantity,Unit_Price,Discount,Revenue,Cost,Profit,Profit_Margin,Month
ORD04826,2025-01-01,Customer_0152,Network Controller,Networking,South,Meera,5,17886.22,0.1,80487.99,51870.04,28617.95,0.3556,2025-01
ORD02157,2025-01-01,Customer_0214,IoT Gateway,IoT Devices,East,Rahul,11,14537.92,0.15,135929.55,95950.27,39979.28,0.2941,2025-01
ORD04850,2025-01-01,Customer_0284,Analytics License,Software,West,Priya,2,24124.84,0.1,43424.71,16887.39,26537.32,0.6111,2025-01
ORD04382,2025-01-01,Customer_0303,Energy Monitor,Energy Management,South,Sneha,14,7012.15,0.0,98170.1,62828.86,35341.24,0.36,2025-01
ORD02754,2025-01-01,Customer_0447,Data Logger,Data Solutions,North,Rahul,13,6257.09,0.0,81342.17,51245.57,30096.6,0.37,2025-01
ORD01601,2025-01-01,Customer_0337,Data Logger,Data Solutions,South,Sneha,16,6676.95,0.1,96148.08,67303.66,28844.42,0.3,2025-01
ORD04246,2025-01-01,Customer_0385,Smart Sensor,IoT Devices,South,Aarav,9,5492.41,0.2,39545.35,30153.33,9392.02,0.2375,2025-01
ORD02315,2025-01-01,Customer_0034,IoT Gateway,IoT Devices,North,Sneha,11,15455.32,0.0,170008.52,102005.11,68003.41,0.4,2025-01
ORD03460,2025-01-01,Customer_0274,Network Controller,Networking,North,Meera,16,19594.96,0.1,282167.42,181841.23,100326.2,0.3556,2025-01
ORD02495,2025-01-01,Customer_0347,Smart Meter,Energy Management,South,Priya,19,7689.65,0.05,138798.18,99350.28,39447.9,0.2842,2025-01
ORD04393,2025-01-02,Customer_0430,Cloud Platform,Software,South,Ananya,4,35914.9,0.05,136476.62,43097.88,93378.74,0.6842,2025-01
ORD04724,2025-01-02,Customer_0288,Advanced Meter,Energy Management,North,Rohan,8,11991.87,0.1,86341.46,62357.72,23983.74,0.2778,2025-01
ORD03197,2025-01-02,Customer_0270,Network Controller,Networking,Central,Rahul,9,18351.2,0.25,123870.6,95793.26,28077.34,0.2267,2025-01
ORD04422,2025-01-02,Customer_0202,Cloud Platform,Software,Central,Vikram,1,33408.15,0.1,30067.34,10022.44,20044.89,0.6667,2025-01
ORD04118,2025-01-02,Customer_0104,Network Controller,Networking,East,Priya,1,17879.49,0.05,16985.52,10370.1,6615.41,0.3895,2025-01
ORD00030,2025-01-02,Customer_0037,Smart Meter,Energy Management,East,Rohan,1,7808.27,0.2,6246.62,5309.62,936.99,0.15,2025-01
ORD04239,2025-01-02,Customer_0370,Communication Module,IoT Devices,Central,Ananya,3,4051.25,0.1,10938.38,7535.32,3403.05,0.3111,2025-01
ORD03662,2025-01-02,Customer_0499,Analytics License,Software,Central,Arjun,1,21220.67,0.2,16976.54,7427.23,9549.3,0.5625,2025-01
ORD02454,2025-01-02,Customer_0145,Communication Module,IoT Devices,South,Vikram,19,3985.6,0.15,64367.44,46950.37,17417.07,0.2706,2025-01
ORD03292,2025-01-02,Customer_0297,IoT Gateway,IoT Devices,West,Meera,8,14736.52,0.05,111997.55,70735.3,41262.26,0.3684,2025-01
ORD00254,2025-01-03,Customer_0115,Energy Monitor,Energy Management,Central,Sneha,16,7030.84,0.0,112493.44,71995.8,40497.64,0.36,2025-01
ORD03637,2025-01-03,Customer_0013,Network Controller,Networking,West,Kavya,6,17324.93,0.1,93554.62,60290.76,33263.87,0.3556,2025-01
ORD02636,2025-01-03,Customer_0059,Communication Module,IoT Devices,West,Vikram,6,4365.24,0.2,20953.15,16238.69,4714.46,0.225,2025-01
ORD04388,2025-01-03,Customer_0368,IoT Gateway,IoT Devices,South,Aarav,2,14531.11,0.05,27609.11,17437.33,10171.78,0.3684,2025-01
ORD03378,2025-01-03,Customer_0404,Cloud Platform,Software,East,Rohan,12,36562.93,0.2,351004.13,131626.55,219377.58,0.625,2025-01
ORD00756,2025-01-03,Customer_0061,Cloud Platform,Software,West,Kavya,18,37968.51,0.2,546746.54,205029.95,341716.59,0.625,2025-01
ORD01428,2025-01-03,Customer_0136,IoT Gateway,IoT Devices,Central,Rahul,5,14195.58,0.15,60331.22,42586.74,17744.47,0.2941,2025-01
ORD00534,2025-01-03,Customer_0339,Communication Module,IoT Devices,North,Sneha,16,4128.44,0.1,59449.54,40954.12,18495.41,0.3111,2025-01
ORD04545,2025-01-03,Customer_0188,Network Controller,Networking,East,Meera,9,17953.44,0.0,161580.96,93716.96,67864.0,0.42,2025-01
ORD00494,2025-01-03,Customer_0102,Cloud Platform,Software,Central,Arjun,14,31580.45,0.1,397913.67,132637.89,265275.78,0.6667,2025-01
ORD04066,2025-01-03,Customer_0129,Smart Meter,Energy Management,East,Rohan,8,7747.68,0.05,58882.37,42147.38,16734.99,0.2842,2025-01
ORD01130,2025-01-04,Customer_0395,Energy Monitor,Energy Management,South,Aarav,1,7679.82,0.2,6143.86,4915.08,1228.77,0.2,2025-01
ORD01685,2025-01-04,Customer_0137,Advanced Meter,Energy Management,South,Kavya,18,12269.98,0.0,220859.64,143558.77,77300.87,0.35,2025-01
ORD00811,2025-01-04,Customer_0215,Analytics License,Software,West,Priya,18,20006.77,0.05,342115.77,126042.65,216073.12,0.6316,2025-01
ORD01228,2025-01-04,Customer_0474,Analytics License,Software,North,Ananya,20,21630.35,0.15,367715.95,151412.45,216303.5,0.5882,2025-01
ORD03586,2025-01-04,Customer_0251,Data Logger,Data Solutions,Central,Aarav,7,6242.0,0.2,34955.2,27527.22,7427.98,0.2125,2025-01
ORD00553,2025-01-04,Customer_0383,Analytics License,Software,South,Rohan,18,21307.64,0.2,306830.02,134238.13,172591.88,0.5625,2025-01
ORD03809,2025-01-04,Customer_0070,Smart Meter,Energy Management,Central,Kavya,16,8331.25,0.2,106640.0,90644.0,15996.0,0.15,2025-01
ORD02024,2025-01-04,Customer_0494,Communication Module,IoT Devices,East,Rohan,13,3810.37,0.05,47058.07,30711.58,16346.49,0.3474,2025-01
ORD01080,2025-01-04,Customer_0410,Network Controller,Networking,South,Rohan,12,17692.63,0.15,180464.83,123140.7,57324.12,0.3176,2025-01
ORD00037,2025-01-04,Customer_0172,Communication Module,IoT Devices,West,Arjun,3,4425.59,0.0,13276.77,8231.6,5045.17,0.38,2025-01
ORD03976,2025-01-04,Customer_0497,IoT Gateway,IoT Devices,Central,Ananya,8,15549.13,0.15,105734.08,74635.82,31098.26,0.2941,2025-01
ORD02070,2025-01-04,Customer_0213,IoT Gateway,IoT Devices,Central,Arjun,2,14892.81,0.0,29785.62,17871.37,11914.25,0.4,2025-01
ORD02071,2025-01-04,Customer_0386,Data Logger,Data Solutions,North,Rohan,1,6800.13,0.0,6800.13,4284.08,2516.05,0.37,2025-01
ORD02184,2025-01-04,Customer_0421,Communication Module,IoT Devices,North,Arjun,13,3872.75,0.15,42793.89,31214.36,11579.52,0.2706,2025-01
ORD02558,2025-01-05,Customer_0357,Energy Monitor,Energy Management,West,Rahul,12,6803.25,0.0,81639.0,52248.96,29390.04,0.36,2025-01
ORD02525,2025-01-05,Customer_0436,Smart Meter,Energy Management,North,Rahul,5,8572.37,0.1,38575.67,29146.06,9429.61,0.2444,2025-01
ORD01721,2025-01-05,Customer_0465,Cloud Platform,Software,West,Kavya,2,36523.52,0.15,62089.98,21914.11,40175.87,0.6471,2025-01
ORD00627,2025-01-05,Customer_0278,Advanced Meter,Energy Management,South,Sneha,20,12890.96,0.1,232037.28,167582.48,64454.8,0.2778,2025-01
ORD00803,2025-01-05,Customer_0181,Data Logger,Data Solutions,South,Meera,11,7342.98,0.15,68656.86,50886.85,17770.01,0.2588,2025-01
ORD04373,2025-01-05,Customer_0188,Smart Meter,Energy Management,South,Priya,19,8392.04,0.1,143503.88,108425.16,35078.73,0.2444,2025-01
ORD03501,2025-01-05,Customer_0142,Cloud Platform,Software,South,Priya,12,36442.87,0.1,393583.0,131194.33,262388.66,0.6667,2025-01
ORD04115,2025-01-05,Customer_0004,Network Controller,Networking,Central,Rohan,20,18527.87,0.15,314973.79,214923.29,100050.5,0.3176,2025-01
ORD04943,2025-01-06,Customer_0192,Smart Sensor,IoT Devices,South,Meera,19,6021.57,0.1,102968.85,69790.0,33178.85,0.3222,2025-01
ORD04526,2025-01-06,Customer_0156,Smart Sensor,IoT Devices,East,Arjun,3,5886.37,0.05,16776.15,10772.06,6004.1,0.3579,2025-01
ORD04750,2025-01-06,Customer_0360,Communication Module,IoT Devices,Central,Sneha,20,4409.07,0.1,79363.26,54672.47,24690.79,0.3111,2025-01
ORD04152,2025-01-06,Customer_0416,Energy Monitor,Energy Management,North,Sneha,10,7055.29,0.25,52914.68,45153.86,7760.82,0.1467,2025-01
ORD03089,2025-01-06,Customer_0066,Network Controller,Networking,West,Rahul,11,17614.33,0.05,184069.75,112379.43,71690.32,0.3895,2025-01
ORD00081,2025-01-06,Customer_0259,Cloud Platform,Software,Central,Rohan,17,35240.42,0.15,509224.07,179726.14,329497.93,0.6471,2025-01
ORD04185,2025-01-06,Customer_0105,Smart Meter,Energy Management,South,Ananya,18,8496.13,0.05,145283.82,103992.63,41291.19,0.2842,2025-01
ORD04610,2025-01-06,Customer_0018,Data Logger,Data Solutions,North,Kavya,19,6572.62,0.2,99903.82,78674.26,21229.56,0.2125,2025-01
ORD04224,2025-01-06,Customer_0132,Network Controller,Networking,South,Priya,5,17562.58,0.05,83422.26,50931.48,32490.77,0.3895,2025-01
ORD00185,2025-01-07,Customer_0416,Communication Module,IoT Devices,East,Meera,11,4470.07,0.1,44253.69,30485.88,13767.82,0.3111,2025-01
ORD03327,2025-01-07,Customer_0250,Communication Module,IoT Devices,Central,Vikram,9,4547.1,0.0,40923.9,25372.82,15551.08,0.38,2025-01
ORD00481,2025-01-07,Customer_0138,IoT Gateway,IoT Devices,West,Vikram,17,15125.97,0.2,205713.19,154284.89,51428.3,0.25,2025-01
ORD01579,2025-01-07,Customer_0172,Energy Monitor,Energy Management,Central,Sneha,13,7155.8,0.2,74420.32,59536.26,14884.06,0.2,2025-01
ORD04402,2025-01-07,Customer_0258,Network Controller,Networking,North,Kavya,2,17957.52,0.1,32323.54,20830.72,11492.81,0.3556,2025-01
ORD02965,2025-01-07,Customer_0268,Smart Sensor,IoT Devices,East,Rahul,16,6001.01,0.1,86414.54,58569.86,27844.69,0.3222,2025-01
ORD02846,2025-01-07,Customer_0147,Smart Sensor,IoT Devices,North,Ananya,17,6003.36,0.0,102057.12,62254.84,39802.28,0.39,2025-01
ORD02820,2025-01-07,Customer_0106,Network Controller,Networking,North,Rahul,18,18910.4,0.2,272309.76,197424.58,74885.18,0.275,2025-01
ORD01857,2025-01-07,Customer_0356,Energy Monitor,Energy Management,South,Meera,13,7038.79,0.05,86929.06,58562.73,28366.32,0.3263,2025-01
ORD04688,2025-01-07,Customer_0314,Energy Monitor,Energy Management,Central,Rahul,4,6709.18,0.05,25494.88,17175.5,8319.38,0.3263,2025-01
ORD03996,2025-01-07,Customer_0213,Advanced Meter,Energy Management,West,Aarav,8,13689.72,0.15,93090.1,71186.54,21903.55,0.2353,2025-01
ORD01213,2025-01-07,Customer_0397,Energy Monitor,Energy Management,Central,Arjun,14,7055.42,0.2,79020.7,63216.56,15804.14,0.2,2025-01
ORD04300,2025-01-07,Customer_0293,Smart Sensor,IoT Devices,North,Rahul,4,5143.43,0.1,18516.35,12549.97,5966.38,0.3222,2025-01
ORD01633,2025-01-07,Customer_0376,Communication Module,IoT Devices,South,Ananya,11,3849.17,0.15,35989.74,26251.34,9738.4,0.2706,2025-01
ORD03700,2025-01-08,Customer_0386,Energy Monitor,Energy Management,East,Priya,5,7204.97,0.1,32422.36,23055.9,9366.46,0.2889,2025-01
ORD00076,2025-01-08,Customer_0178,Data Logger,Data Solutions,West,Arjun,4,6750.63,0.1,24302.27,17011.59,7290.68,0.3,2025-01
ORD03083,2025-01-08,Customer_0120,Communication Module,IoT Devices,East,Rahul,7,4105.77,0.05,27303.37,17819.04,9484.33,0.3474,2025-01
ORD01496,2025-01-08,Customer_0375,Cloud Platform,Software,East,Aarav,17,34772.81,0.1,532023.99,177341.33,354682.66,0.6667,2025-01
ORD00680,2025-01-08,Customer_0451,Communication Module,IoT Devices,Central,Ananya,20,4178.53,0.0,83570.6,51813.77,31756.83,0.38,2025-01
ORD00667,2025-01-08,Customer_0299,Communication Module,IoT Devices,East,Vikram,19,4028.19,0.1,68882.05,47452.08,21429.97,0.3111,2025-01
ORD04840,2025-01-08,Customer_0385,Advanced Meter,Energy Management,South,Meera,5,13248.17,0.1,59616.77,43056.55,16560.21,0.2778,2025-01
ORD04646,2025-01-08,Customer_0045,IoT Gateway,IoT Devices,Central,Vikram,14,14646.87,0.05,194803.37,123033.71,71769.66,0.3684,2025-01
ORD03598,2025-01-09,Customer_0376,Energy Monitor,Energy Management,West,Meera,4,7503.35,0.15,25511.39,19208.58,6302.81,0.2471,2025-01
ORD03226,2025-01-09,Customer_0130,IoT Gateway,IoT Devices,Central,Ananya,20,14841.65,0.1,267149.7,178099.8,89049.9,0.3333,2025-01
ORD04548,2025-01-09,Customer_0394,Communication Module,IoT Devices,South,Vikram,6,4028.96,0.25,18130.32,14987.73,3142.59,0.1733,2025-01
ORD00193,2025-01-09,Customer_0214,IoT Gateway,IoT Devices,Central,Arjun,6,14176.62,0.05,80806.73,51035.83,29770.9,0.3684,2025-01
ORD00200,2025-01-09,Customer_0041,Analytics License,Software,South,Ananya,6,22513.06,0.15,114816.61,47277.43,67539.18,0.5882,2025-01
ORD04307,2025-01-09,Customer_0090,Data Logger,Data Solutions,South,Vikram,18,7344.84,0.1,118986.41,83290.49,35695.92,0.3,2025-01
ORD00707,2025-01-09,Customer_0272,Energy Monitor,Energy Management,East,Vikram,13,7630.06,0.2,79352.62,63482.1,15870.52,0.2,2025-01
ORD04765,2025-01-09,Customer_0004,Smart Meter,Energy Management,Central,Rohan,15,9041.45,0.2,108497.4,92222.79,16274.61,0.15,2025-01
ORD04770,2025-01-09,Customer_0236,IoT Gateway,IoT Devices,South,Ananya,11,15158.98,0.05,158411.34,100049.27,58362.07,0.3684,2025-01
ORD02446,2025-01-09,Customer_0433,Data Logger,Data Solutions,North,Sneha,20,6698.85,0.05,127278.15,84405.51,42872.64,0.3368,2025-01
ORD03198,2025-01-09,Customer_0475,Advanced Meter,Energy Management,South,Vikram,15,12529.32,0.15,159748.83,122160.87,37587.96,0.2353,2025-01
ORD00963,2025-01-09,Customer_0146,Energy Monitor,Energy Management,North,Ananya,19,7295.79,0.15,117827.01,88716.81,29110.2,0.2471,2025-01
ORD02435,2025-01-09,Customer_0153,Smart Meter,Energy Management,South,Meera,5,9032.25,0.05,42903.19,30709.65,12193.54,0.2842,2025-01
ORD01384,2025-01-09,Customer_0021,Cloud Platform,Software,West,Vikram,9,31863.17,0.2,229414.82,86030.56,143384.27,0.625,2025-01
ORD01175,2025-01-09,Customer_0490,Smart Sensor,IoT Devices,North,Meera,1,5017.34,0.1,4515.61,3060.58,1455.03,0.3222,2025-01
ORD04996,2025-01-09,Customer_0127,Analytics License,Software,East,Sneha,9,21064.31,0.1,170620.91,66352.58,104268.33,0.6111,2025-01
ORD02155,2025-01-10,Customer_0058,Energy Monitor,Energy Management,East,Kavya,8,7444.4,0.15,50621.92,38115.33,12506.59,0.2471,2025-01
ORD00706,2025-01-10,Customer_0381,Smart Sensor,IoT Devices,North,Sneha,20,5586.88,0.0,111737.6,68159.94,43577.66,0.39,2025-01
ORD02057,2025-01-10,Customer_0408,Energy Monitor,Energy Management,East,Aarav,10,7734.0,0.0,77340.0,49497.6,27842.4,0.36,2025-01
ORD04391,2025-01-10,Customer_0405,Smart Sensor,IoT Devices,East,Aarav,15,4991.41,0.1,67384.04,45671.4,21712.63,0.3222,2025-01
ORD01180,2025-01-10,Customer_0475,Smart Meter,Energy Management,West,Sneha,16,7664.2,0.05,116495.84,83386.5,33109.34,0.2842,2025-01
ORD04454,2025-01-10,Customer_0088,IoT Gateway,IoT Devices,South,Kavya,16,14503.31,0.2,185642.37,139231.78,46410.59,0.25,2025-01
ORD03624,2025-01-10,Customer_0143,Analytics License,Software,North,Rohan,17,22190.55,0.25,282929.51,132033.77,150895.74,0.5333,2025-01
ORD01091,2025-01-10,Customer_0057,Communication Module,IoT Devices,East,Aarav,17,4469.51,0.05,72182.59,47108.64,25073.95,0.3474,2025-01
ORD01434,2025-01-10,Customer_0435,Data Logger,Data Solutions,East,Kavya,9,7202.81,0.0,64825.29,40839.93,23985.36,0.37,2025-01
ORD03852,2025-01-10,Customer_0407,Data Logger,Data Solutions,South,Sneha,12,6294.42,0.15,64203.08,47585.82,16617.27,0.2588,2025-01
ORD01431,2025-01-10,Customer_0436,IoT Gateway,IoT Devices,East,Aarav,6,13779.86,0.15,70277.29,49607.5,20669.79,0.2941,2025-01
ORD01062,2025-01-10,Customer_0197,Network Controller,Networking,North,Sneha,8,17884.71,0.05,135923.8,82985.05,52938.74,0.3895,2025-01
ORD04856,2025-01-10,Customer_0400,Smart Sensor,IoT Devices,South,Kavya,9,5217.28,0.1,42259.97,28642.87,13617.1,0.3222,2025-01
ORD00638,2025-01-10,Customer_0066,Network Controller,Networking,North,Rahul,2,19765.46,0.1,35577.83,22927.93,12649.89,0.3556,2025-01
ORD01670,2025-01-10,Customer_0193,Smart Sensor,IoT Devices,North,Sneha,2,5132.09,0.15,8724.55,6261.15,2463.4,0.2824,2025-01
ORD02434,2025-01-10,Customer_0379,Smart Meter,Energy Management,North,Kavya,7,7744.16,0.15,46077.75,36862.2,9215.55,0.2,2025-01
ORD03762,2025-01-10,Customer_0461,Smart Meter,Energy Management,Central,Ananya,5,8055.92,0.2,32223.68,27390.13,4833.55,0.15,2025-01
ORD02561,2025-01-10,Customer_0187,IoT Gateway,IoT Devices,West,Sneha,16,15713.3,0.05,238842.16,150847.68,87994.48,0.3684,2025-01
ORD04991,2025-01-10,Customer_0086,Communication Module,IoT Devices,North,Meera,13,3836.25,0.15,42390.56,30920.17,11470.39,0.2706,2025-01
ORD00757,2025-01-10,Customer_0405,Cloud Platform,Software,West,Aarav,7,37273.65,0.15,221778.22,78274.67,143503.55,0.6471,2025-01
ORD04141,2025-01-10,Customer_0032,Energy Monitor,Energy Management,West,Kavya,6,6556.65,0.15,33438.91,25177.54,8261.38,0.2471,2025-01
ORD03611,2025-01-10,Customer_0164,Smart Meter,Energy Management,South,Rahul,8,8551.13,0.05,64988.59,46518.15,18470.44,0.2842,2025-01
ORD03127,2025-01-11,Customer_0291,Energy Monitor,Energy Management,East,Meera,20,7326.64,0.05,139206.16,93780.99,45425.17,0.3263,2025-01
ORD00912,2025-01-11,Customer_0100,IoT Gateway,IoT Devices,West,Kavya,7,16230.65,0.05,107933.82,68168.73,39765.09,0.3684,2025-01
ORD02791,2025-01-11,Customer_0238,Data Logger,Data Solutions,North,Rohan,6,7149.74,0.2,34318.75,27026.02,7292.73,0.2125,2025-01
ORD03039,2025-01-11,Customer_0132,Smart Sensor,IoT Devices,Central,Ananya,10,5095.96,0.15,43315.66,31085.36,12230.3,0.2824,2025-01
ORD00656,2025-01-11,Customer_0390,Smart Sensor,IoT Devices,West,Kavya,6,5525.53,0.05,31495.52,20223.44,11272.08,0.3579,2025-01
ORD03694,2025-01-11,Customer_0042,Analytics License,Software,East,Kavya,14,24060.49,0.15,286319.83,117896.4,168423.43,0.5882,2025-01
ORD04074,2025-01-11,Customer_0036,Smart Sensor,IoT Devices,South,Rohan,11,5823.49,0.2,51246.71,39075.62,12171.09,0.2375,2025-01
ORD04299,2025-01-11,Customer_0024,Smart Sensor,IoT Devices,East,Priya,18,5433.07,0.05,92905.5,59655.11,33250.39,0.3579,2025-01
ORD04665,2025-01-11,Customer_0375,Network Controller,Networking,Central,Rahul,8,17447.55,0.15,118643.34,80956.63,37686.71,0.3176,2025-01
ORD04208,2025-01-11,Customer_0409,Communication Module,IoT Devices,South,Meera,8,3938.12,0.2,25203.97,19533.08,5670.89,0.225,2025-01
ORD03095,2025-01-12,Customer_0232,Cloud Platform,Software,East,Rahul,19,32766.06,0.05,591427.38,186766.54,404660.84,0.6842,2025-01
ORD02171,2025-01-12,Customer_0262,Energy Monitor,Energy Management,East,Arjun,1,6800.79,0.15,5780.67,4352.51,1428.17,0.2471,2025-01
ORD02467,2025-01-12,Customer_0136,Smart Sensor,IoT Devices,North,Sneha,8,5410.96,0.15,36794.53,26405.48,10389.04,0.2824,2025-01
ORD03062,2025-01-12,Customer_0082,Network Controller,Networking,East,Kavya,13,19094.78,0.05,235820.53,143974.64,91845.89,0.3895,2025-01
ORD04464,2025-01-12,Customer_0426,Network Controller,Networking,North,Vikram,9,17917.33,0.1,145130.37,93528.46,51601.91,0.3556,2025-01
ORD03157,2025-01-12,Customer_0092,Smart Meter,Energy Management,West,Rahul,20,8200.03,0.05,155800.57,111520.41,44280.16,0.2842,2025-01
ORD03872,2025-01-12,Customer_0143,Network Controller,Networking,Central,Kavya,6,18553.85,0.15,94624.64,64567.4,30057.24,0.3176,2025-01
ORD00295,2025-01-12,Customer_0437,Analytics License,Software,North,Sneha,17,19848.54,0.15,286811.4,118098.81,168712.59,0.5882,2025-01
ORD02547,2025-01-12,Customer_0475,IoT Gateway,IoT Devices,South,Kavya,11,15516.81,0.05,162150.66,102410.95,59739.72,0.3684,2025-01
ORD02511,2025-01-12,Customer_0261,Advanced Meter,Energy Management,Central,Rohan,4,11629.92,0.1,41867.71,30237.79,11629.92,0.2778,2025-01
ORD04602,2025-01-12,Customer_0458,Energy Monitor,Energy Management,East,Rohan,7,6862.79,0.15,40833.6,30745.3,10088.3,0.2471,2025-01
ORD04105,2025-01-12,Customer_0178,Communication Module,IoT Devices,East,Aarav,9,4401.45,0.15,33671.09,24560.09,9111.0,0.2706,2025-01
ORD02860,2025-01-12,Customer_0362,Cloud Platform,Software,South,Arjun,20,33026.12,0.25,495391.8,198156.72,297235.08,0.6,2025-01
ORD03579,2025-01-12,Customer_0373,Smart Sensor,IoT Devices,South,Aarav,20,5041.96,0.2,80671.36,61511.91,19159.45,0.2375,2025-01
ORD03076,2025-01-12,Customer_0131,Smart Sensor,IoT Devices,Central,Rahul,6,5016.44,0.15,25583.84,18360.17,7223.67,0.2824,2025-01
ORD00203,2025-01-12,Customer_0122,Analytics License,Software,East,Rohan,12,20502.0,0.2,196819.2,86108.4,110710.8,0.5625,2025-01
ORD04079,2025-01-12,Customer_0326,Smart Sensor,IoT Devices,East,Ananya,8,5742.75,0.05,43644.9,28024.62,15620.28,0.3579,2025-01
ORD03310,2025-01-12,Customer_0271,Energy Monitor,Energy Management,East,Aarav,16,6617.18,0.05,100581.14,67759.92,32821.21,0.3263,2025-01
ORD01922,2025-01-12,Customer_0147,Network Controller,Networking,North,Meera,9,20039.75,0.2,144286.2,104607.49,39678.71,0.275,2025-01
ORD04486,2025-01-12,Customer_0455,Data Logger,Data Solutions,South,Aarav,20,6500.68,0.15,110511.56,81908.57,28602.99,0.2588,2025-01
ORD02419,2025-01-13,Customer_0083,Communication Module,IoT Devices,North,Priya,2,4586.14,0.0,9172.28,5686.81,3485.47,0.38,2025-01
ORD02825,2025-01-13,Customer_0045,Communication Module,IoT Devices,Central,Priya,12,4134.54,0.15,42172.31,30760.98,11411.33,0.2706,2025-01
ORD01291,2025-01-13,Customer_0050,Smart Sensor,IoT Devices,West,Ananya,12,5511.43,0.25,49602.87,40343.67,9259.2,0.1867,2025-01
ORD00413,2025-01-13,Customer_0386,Network Controller,Networking,North,Vikram,18,18692.66,0.1,302821.09,195151.37,107669.72,0.3556,2025-01
ORD02856,2025-01-13,Customer_0253,Communication Module,IoT Devices,Central,Sneha,13,3910.83,0.0,50840.79,31521.29,19319.5,0.38,2025-01
ORD01439,2025-01-13,Customer_0494,Advanced Meter,Energy Management,South,Arjun,3,12533.74,0.0,37601.22,24440.79,13160.43,0.35,2025-01
ORD02792,2025-01-13,Customer_0225,Smart Meter,Energy Management,West,Priya,1,8098.08,0.15,6883.37,5506.69,1376.67,0.2,2025-01
ORD01094,2025-01-13,Customer_0100,Network Controller,Networking,North,Priya,19,19958.47,0.05,360250.38,219942.34,140308.04,0.3895,2025-01
ORD03890,2025-01-13,Customer_0362,Data Logger,Data Solutions,South,Rahul,16,6655.31,0.2,85187.97,67085.52,18102.44,0.2125,2025-01
ORD00062,2025-01-13,Customer_0062,Cloud Platform,Software,West,Vikram,3,32221.87,0.2,77332.49,28999.68,48332.8,0.625,2025-01
ORD01430,2025-01-13,Customer_0047,Communication Module,IoT Devices,West,Sneha,5,4041.1,0.25,15154.12,12527.41,2626.72,0.1733,2025-01
ORD00557,2025-01-13,Customer_0218,Cloud Platform,Software,East,Arjun,17,36856.12,0.2,501243.23,187966.21,313277.02,0.625,2025-01
ORD03936,2025-01-13,Customer_0425,Analytics License,Software,Central,Meera,1,20933.75,0.05,19887.06,7326.81,12560.25,0.6316,2025-01
ORD01100,2025-01-14,Customer_0400,Advanced Meter,Energy Management,South,Ananya,14,13499.03,0.2,151189.14,122841.17,28347.96,0.1875,2025-01
ORD02730,2025-01-14,Customer_0175,Data Logger,Data Solutions,West,Vikram,19,7112.13,0.15,114860.9,85132.2,29728.7,0.2588,2025-01
ORD04403,2025-01-14,Customer_0097,Smart Sensor,IoT Devices,North,Ananya,15,5201.85,0.2,62422.2,47596.93,14825.27,0.2375,2025-01
ORD04530,2025-01-14,Customer_0147,Cloud Platform,Software,East,Arjun,20,34478.05,0.0,689561.0,206868.3,482692.7,0.7,2025-01
ORD00597,2025-01-14,Customer_0283,Communication Module,IoT Devices,Central,Aarav,15,3897.26,0.1,52613.01,36244.52,16368.49,0.3111,2025-01
ORD03902,2025-01-14,Customer_0493,Energy Monitor,Energy Management,East,Sneha,13,7708.57,0.2,80169.13,64135.3,16033.83,0.2,2025-01
ORD02590,2025-01-14,Customer_0032,Advanced Meter,Energy Management,South,Priya,17,13122.1,0.15,189614.34,144999.21,44615.14,0.2353,2025-01
ORD00538,2025-01-14,Customer_0155,Network Controller,Networking,South,Ananya,11,20162.04,0.2,177425.95,128633.82,48792.14,0.275,2025-01
ORD01440,2025-01-14,Customer_0111,Data Logger,Data Solutions,West,Rahul,8,6666.5,0.15,45332.2,33599.16,11733.04,0.2588,2025-01
ORD02719,2025-01-15,Customer_0023,Communication Module,IoT Devices,East,Rahul,6,4459.7,0.1,24082.38,16590.08,7492.3,0.3111,2025-01
ORD02007,2025-01-15,Customer_0300,Data Logger,Data Solutions,Central,Vikram,14,6173.0,0.2,69137.6,54445.86,14691.74,0.2125,2025-01
ORD00116,2025-01-15,Customer_0231,Smart Sensor,IoT Devices,East,Sneha,15,5632.08,0.1,76033.08,51533.53,24499.55,0.3222,2025-01
ORD01829,2025-01-15,Customer_0305,Analytics License,Software,West,Sneha,18,20066.48,0.2,288957.31,126418.82,162538.49,0.5625,2025-01
ORD03158,2025-01-15,Customer_0447,Communication Module,IoT Devices,North,Kavya,16,4526.74,0.15,61563.66,44905.26,16658.4,0.2706,2025-01
ORD01337,2025-01-15,Customer_0102,Data Logger,Data Solutions,West,Ananya,15,6541.17,0.0,98117.55,61814.06,36303.49,0.37,2025-01
ORD01800,2025-01-15,Customer_0072,Cloud Platform,Software,Central,Vikram,5,37526.51,0.2,150106.04,56289.77,93816.28,0.625,2025-01
ORD03041,2025-01-15,Customer_0453,Advanced Meter,Energy Management,North,Rahul,17,11546.64,0.0,196292.88,127590.37,68702.51,0.35,2025-01
ORD02726,2025-01-15,Customer_0240,Network Controller,Networking,East,Kavya,9,17561.54,0.15,134345.78,91671.24,42674.54,0.3176,2025-01
ORD02089,2025-01-15,Customer_0089,Smart Sensor,IoT Devices,Central,Ananya,14,5311.45,0.0,74360.3,45359.78,29000.52,0.39,2025-01
ORD04292,2025-01-15,Customer_0238,Network Controller,Networking,West,Sneha,9,17777.62,0.15,135998.79,92799.18,43199.62,0.3176,2025-01
ORD04871,2025-01-15,Customer_0062,Communication Module,IoT Devices,East,Priya,7,4372.07,0.15,26013.82,18974.78,7039.03,0.2706,2025-01
ORD01258,2025-01-16,Customer_0075,Smart Meter,Energy Management,South,Aarav,17,8005.85,0.05,129294.48,92547.63,36746.85,0.2842,2025-01
ORD02366,2025-01-16,Customer_0262,Analytics License,Software,East,Aarav,5,23726.38,0.1,106768.71,41521.17,65247.55,0.6111,2025-01
ORD03060,2025-01-16,Customer_0406,Cloud Platform,Software,West,Rahul,17,34888.82,0.2,474487.95,177932.98,296554.97,0.625,2025-01
ORD02823,2025-01-16,Customer_0400,Energy Monitor,Energy Management,Central,Arjun,12,7386.57,0.15,75343.01,56728.86,18614.16,0.2471,2025-01
ORD01687,2025-01-16,Customer_0134,Data Logger,Data Solutions,Central,Sneha,14,6179.52,0.1,77861.95,54503.37,23358.59,0.3,2025-01
ORD03862,2025-01-16,Customer_0059,Smart Meter,Energy Management,South,Rahul,1,7760.99,0.1,6984.89,5277.47,1707.42,0.2444,2025-01
ORD00681,2025-01-16,Customer_0334,Cloud Platform,Software,Central,Arjun,13,38462.07,0.05,475006.56,150002.07,325004.49,0.6842,2025-01
ORD00950,2025-01-16,Customer_0021,Communication Module,IoT Devices,South,Sneha,8,3848.89,0.05,29251.56,19090.49,10161.07,0.3474,2025-01
ORD04749,2025-01-16,Customer_0318,Analytics License,Software,South,Priya,16,21879.18,0.1,315060.19,122523.41,192536.78,0.6111,2025-01
ORD04630,2025-01-16,Customer_0244,Smart Sensor,IoT Devices,West,Ananya,16,5661.34,0.0,90581.44,55254.68,35326.76,0.39,2025-01
ORD01466,2025-01-16,Customer_0312,Advanced Meter,Energy Management,South,Aarav,6,13335.31,0.0,80011.86,52007.71,28004.15,0.35,2025-01
ORD02616,2025-01-16,Customer_0337,Cloud Platform,Software,East,Aarav,8,37693.3,0.1,271391.76,90463.92,180927.84,0.6667,2025-01
ORD00522,2025-01-16,Customer_0237,Analytics License,Software,East,Priya,8,22389.42,0.05,170159.59,62690.38,107469.22,0.6316,2025-01
ORD03452,2025-01-16,Customer_0041,Energy Monitor,Energy Management,West,Ananya,16,6574.04,0.15,89406.94,67318.17,22088.77,0.2471,2025-01
ORD04598,2025-01-16,Customer_0130,Communication Module,IoT Devices,West,Rahul,13,4418.78,0.05,54571.93,35615.37,18956.57,0.3474,2025-01
ORD03927,2025-01-16,Customer_0152,Smart Sensor,IoT Devices,North,Priya,15,5475.37,0.15,69810.97,50099.64,19711.33,0.2824,2025-01
ORD00649,2025-01-16,Customer_0383,Smart Sensor,IoT Devices,South,Arjun,3,5930.45,0.1,16012.21,10852.72,5159.49,0.3222,2025-01
ORD01531,2025-01-16,Customer_0103,Network Controller,Networking,West,Aarav,1,19096.68,0.1,17187.01,11076.07,6110.94,0.3556,2025-01
ORD00765,2025-01-17,Customer_0132,Advanced Meter,Energy Management,South,Sneha,9,13475.59,0.0,121280.31,78832.2,42448.11,0.35,2025-01
ORD01992,2025-01-17,Customer_0438,Smart Meter,Energy Management,East,Ananya,13,8915.18,0.15,98512.74,78810.19,19702.55,0.2,2025-01
ORD00596,2025-01-17,Customer_0078,Smart Meter,Energy Management,Central,Kavya,13,7793.97,0.1,91189.45,68898.69,22290.75,0.2444,2025-01
ORD02352,2025-01-17,Customer_0282,Energy Monitor,Energy Management,Central,Kavya,5,6530.67,0.0,32653.35,20898.14,11755.21,0.36,2025-01
ORD03973,2025-01-17,Customer_0038,Smart Meter,Energy Management,West,Arjun,19,8475.58,0.05,152984.22,109504.49,43479.73,0.2842,2025-01
ORD03547,2025-01-17,Customer_0071,Communication Module,IoT Devices,East,Aarav,17,4127.81,0.05,66664.13,43507.12,23157.01,0.3474,2025-01
ORD00181,2025-01-17,Customer_0344,Network Controller,Networking,Central,Rahul,8,17611.27,0.15,119756.64,81716.29,38040.34,0.3176,2025-01
ORD01276,2025-01-17,Customer_0306,Cloud Platform,Software,Central,Priya,10,31638.08,0.0,316380.8,94914.24,221466.56,0.7,2025-01
ORD01176,2025-01-17,Customer_0087,Analytics License,Software,East,Priya,6,23943.99,0.15,122114.35,50282.38,71831.97,0.5882,2025-01
ORD04378,2025-01-17,Customer_0251,IoT Gateway,IoT Devices,West,Rohan,20,14482.18,0.05,275161.42,173786.16,101375.26,0.3684,2025-01
ORD01501,2025-01-17,Customer_0262,Energy Monitor,Energy Management,South,Arjun,8,6943.19,0.0,55545.52,35549.13,19996.39,0.36,2025-01
ORD03298,2025-01-18,Customer_0376,Cloud Platform,Software,West,Arjun,14,34672.18,0.05,461139.99,145623.16,315516.84,0.6842,2025-01
ORD00829,2025-01-18,Customer_0384,Data Logger,Data Solutions,North,Aarav,15,6504.27,0.05,92685.85,61465.35,31220.5,0.3368,2025-01
ORD04044,2025-01-18,Customer_0349,Cloud Platform,Software,North,Aarav,17,38215.76,0.15,552217.73,194900.38,357317.36,0.6471,2025-01
ORD04928,2025-01-18,Customer_0150,IoT Gateway,IoT Devices,South,Meera,6,14480.39,0.2,69505.87,52129.4,17376.47,0.25,2025-01
ORD02956,2025-01-18,Customer_0368,Energy Monitor,Energy Management,Central,Sneha,11,6833.5,0.05,71410.08,48107.84,23302.23,0.3263,2025-01
ORD02569,2025-01-18,Customer_0253,Cloud Platform,Software,South,Vikram,19,34255.17,0.1,585763.41,195254.47,390508.94,0.6667,2025-01
ORD04572,2025-01-18,Customer_0434,Cloud Platform,Software,West,Rahul,16,35901.41,0.0,574422.56,172326.77,402095.79,0.7,2025-01
ORD03790,2025-01-18,Customer_0422,Analytics License,Software,East,Arjun,4,22748.76,0.1,81895.54,31848.26,50047.27,0.6111,2025-01
ORD01516,2025-01-18,Customer_0255,Communication Module,IoT Devices,East,Ananya,16,4356.55,0.0,69704.8,43216.98,26487.82,0.38,2025-01
ORD01537,2025-01-18,Customer_0461,Smart Sensor,IoT Devices,North,Meera,19,5587.76,0.05,100859.07,64762.14,36096.93,0.3579,2025-01
ORD04287,2025-01-18,Customer_0209,Network Controller,Networking,West,Ananya,15,18514.02,0.15,236053.75,161071.97,74981.78,0.3176,2025-01
ORD02471,2025-01-18,Customer_0253,Smart Sensor,IoT Devices,Central,Aarav,4,5638.38,0.1,20298.17,13757.65,6540.52,0.3222,2025-01
ORD02314,2025-01-18,Customer_0316,Smart Sensor,IoT Devices,West,Kavya,13,4958.5,0.1,58014.45,39320.9,18693.55,0.3222,2025-01
ORD03704,2025-01-19,Customer_0499,Smart Sensor,IoT Devices,Central,Kavya,20,5853.02,0.15,99501.34,71406.84,28094.5,0.2824,2025-01
ORD03746,2025-01-19,Customer_0113,Smart Meter,Energy Management,West,Kavya,8,8137.33,0.2,52078.91,44267.08,7811.84,0.15,2025-01
ORD00767,2025-01-19,Customer_0174,Cloud Platform,Software,West,Aarav,20,34911.69,0.15,593498.73,209470.14,384028.59,0.6471,2025-01
ORD00470,2025-01-19,Customer_0167,Advanced Meter,Energy Management,West,Aarav,5,11430.28,0.05,54293.83,37148.41,17145.42,0.3158,2025-01
ORD04546,2025-01-19,Customer_0400,Communication Module,IoT Devices,North,Meera,2,3780.29,0.0,7560.58,4687.56,2873.02,0.38,2025-01
ORD03468,2025-01-19,Customer_0019,IoT Gateway,IoT Devices,East,Rahul,1,13882.13,0.0,13882.13,8329.28,5552.85,0.4,2025-01
ORD00948,2025-01-19,Customer_0084,Smart Meter,Energy Management,North,Sneha,6,8999.72,0.1,48598.49,36718.86,11879.63,0.2444,2025-01
ORD01486,2025-01-19,Customer_0434,Energy Monitor,Energy Management,South,Arjun,15,7493.68,0.05,106784.94,71939.33,34845.61,0.3263,2025-01
ORD04264,2025-01-19,Customer_0259,Analytics License,Software,West,Ananya,12,20873.75,0.1,225436.5,87669.75,137766.75,0.6111,2025-01
ORD04697,2025-01-19,Customer_0377,IoT Gateway,IoT Devices,South,Kavya,16,16016.8,0.05,243455.36,153761.28,89694.08,0.3684,2025-01
ORD03383,2025-01-20,Customer_0131,Smart Meter,Energy Management,West,Aarav,9,8145.97,0.1,65982.36,49853.34,16129.02,0.2444,2025-01
ORD01796,2025-01-20,Customer_0224,Smart Sensor,IoT Devices,East,Kavya,6,5941.35,0.0,35648.1,21745.34,13902.76,0.39,2025-01
ORD02371,2025-01-20,Customer_0098,Analytics License,Software,North,Ananya,3,23998.64,0.2,57596.74,25198.57,32398.16,0.5625,2025-01
ORD00859,2025-01-20,Customer_0199,Network Controller,Networking,North,Kavya,2,17605.0,0.1,31689.0,20421.8,11267.2,0.3556,2025-01
ORD04956,2025-01-20,Customer_0438,Advanced Meter,Energy Management,North,Vikram,11,11721.75,0.2,103151.4,83810.51,19340.89,0.1875,2025-01
ORD02947,2025-01-20,Customer_0050,Advanced Meter,Energy Management,South,Arjun,1,12323.24,0.2,9858.59,8010.11,1848.49,0.1875,2025-01
ORD02442,2025-01-20,Customer_0094,Advanced Meter,Energy Management,East,Vikram,16,13577.99,0.15,184660.66,141211.1,43449.57,0.2353,2025-01
ORD01465,2025-01-20,Customer_0048,Analytics License,Software,Central,Rahul,17,20060.96,0.05,323984.5,119362.71,204621.79,0.6316,2025-01
ORD00140,2025-01-20,Customer_0393,Cloud Platform,Software,South,Arjun,5,33916.35,0.15,144144.49,50874.53,93269.96,0.6471,2025-01
ORD00312,2025-01-21,Customer_0070,Network Controller,Networking,South,Ananya,4,17816.2,0.15,60575.08,41333.58,19241.5,0.3176,2025-01
ORD03434,2025-01-21,Customer_0266,Communication Module,IoT Devices,West,Rohan,14,4503.51,0.15,53591.77,39090.47,14501.3,0.2706,2025-01
ORD01156,2025-01-21,Customer_0113,Data Logger,Data Solutions,West,Meera,20,6859.03,0.05,130321.57,86423.78,43897.79,0.3368,2025-01
ORD01231,2025-01-21,Customer_0339,Network Controller,Networking,Central,Aarav,20,18159.46,0.05,345029.74,210649.74,134380.0,0.3895,2025-01
ORD02835,2025-01-21,Customer_0119,Data Logger,Data Solutions,West,Arjun,13,7118.14,0.15,78655.45,58297.57,20357.88,0.2588,2025-01
ORD01506,2025-01-21,Customer_0414,Analytics License,Software,East,Rohan,4,22351.86,0.2,71525.95,31292.6,40233.35,0.5625,2025-01
ORD02323,2025-01-21,Customer_0083,Cloud Platform,Software,West,Priya,6,36509.47,0.2,175245.46,65717.05,109528.41,0.625,2025-01
ORD03349,2025-01-21,Customer_0156,Data Logger,Data Solutions,North,Priya,1,6860.17,0.0,6860.17,4321.91,2538.26,0.37,2025-01
ORD01963,2025-01-21,Customer_0410,Analytics License,Software,North,Sneha,7,23645.98,0.15,140693.58,57932.65,82760.93,0.5882,2025-01
ORD00329,2025-01-21,Customer_0223,Data Logger,Data Solutions,East,Rohan,13,6559.3,0.25,63953.18,53720.67,10232.51,0.16,2025-01
ORD00314,2025-01-21,Customer_0421,Smart Sensor,IoT Devices,North,Rahul,18,5109.46,0.15,78174.74,56101.87,22072.87,0.2824,2025-01
ORD03431,2025-01-22,Customer_0045,Cloud Platform,Software,West,Aarav,10,37943.13,0.1,341488.17,113829.39,227658.78,0.6667,2025-01
ORD00391,2025-01-22,Customer_0320,Advanced Meter,Energy Management,Central,Priya,11,13430.12,0.1,132958.19,96025.36,36932.83,0.2778,2025-01
ORD04511,2025-01-22,Customer_0329,Smart Sensor,IoT Devices,South,Rahul,12,5847.16,0.25,52624.44,42801.21,9823.23,0.1867,2025-01
ORD02982,2025-01-22,Customer_0145,Energy Monitor,Energy Management,East,Arjun,2,6508.51,0.15,11064.47,8330.89,2733.57,0.2471,2025-01
ORD00004,2025-01-22,Customer_0170,Smart Sensor,IoT Devices,West,Rahul,12,4975.37,0.1,53734.0,36419.71,17314.29,0.3222,2025-01
ORD03232,2025-01-22,Customer_0187,Network Controller,Networking,South,Kavya,5,18593.26,0.2,74373.04,53920.45,20452.59,0.275,2025-01
ORD01391,2025-01-22,Customer_0133,Communication Module,IoT Devices,Central,Meera,8,4003.57,0.05,30427.13,19857.71,10569.42,0.3474,2025-01
ORD04226,2025-01-23,Customer_0081,Network Controller,Networking,North,Rahul,4,18969.63,0.0,75878.52,44009.54,31868.98,0.42,2025-01
ORD01701,2025-01-23,Customer_0100,Communication Module,IoT Devices,Central,Sneha,10,4456.21,0.05,42334.0,27628.5,14705.49,0.3474,2025-01
ORD03697,2025-01-23,Customer_0309,Network Controller,Networking,West,Aarav,3,17122.16,0.15,43661.51,29792.56,13868.95,0.3176,2025-01
ORD01726,2025-01-23,Customer_0204,Communication Module,IoT Devices,Central,Rahul,8,4358.45,0.15,29637.46,21617.91,8019.55,0.2706,2025-01
ORD02992,2025-01-23,Customer_0449,Data Logger,Data Solutions,West,Meera,13,7209.21,0.1,84347.76,59043.43,25304.33,0.3,2025-01
ORD02870,2025-01-23,Customer_0166,Communication Module,IoT Devices,West,Sneha,13,3941.47,0.1,46115.2,31768.25,14346.95,0.3111,2025-01
ORD00114,2025-01-23,Customer_0495,Smart Meter,Energy Management,South,Arjun,15,8631.73,0.1,116528.36,88043.65,28484.71,0.2444,2025-01
ORD01361,2025-01-23,Customer_0115,Communication Module,IoT Devices,West,Vikram,14,4142.75,0.0,57998.5,35959.07,22039.43,0.38,2025-01
ORD03268,2025-01-23,Customer_0390,Communication Module,IoT Devices,Central,Rohan,12,4534.15,0.0,54409.8,33734.08,20675.72,0.38,2025-01
ORD02128,2025-01-23,Customer_0057,Advanced Meter,Energy Management,North,Aarav,16,11977.4,0.15,162892.64,124564.96,38327.68,0.2353,2025-01
ORD02795,2025-01-23,Customer_0469,Analytics License,Software,South,Rahul,9,21565.41,0.1,174679.82,67931.04,106748.78,0.6111,2025-01
ORD01623,2025-01-23,Customer_0359,Smart Sensor,IoT Devices,East,Sneha,15,5657.03,0.1,76369.9,51761.82,24608.08,0.3222,2025-01
ORD02332,2025-01-24,Customer_0041,Smart Meter,Energy Management,Central,Aarav,17,8851.37,0.05,142949.63,102321.84,40627.79,0.2842,2025-01
ORD00743,2025-01-24,Customer_0185,Smart Meter,Energy Management,West,Rahul,15,7964.36,0.1,107518.86,81236.47,26282.39,0.2444,2025-01
ORD01777,2025-01-24,Customer_0280,Analytics License,Software,East,Rohan,14,20234.58,0.1,254955.71,99149.44,155806.27,0.6111,2025-01
ORD04705,2025-01-24,Customer_0281,Smart Sensor,IoT Devices,West,Sneha,11,4993.31,0.15,46687.45,33505.11,13182.34,0.2824,2025-01
ORD01660,2025-01-24,Customer_0245,Smart Sensor,IoT Devices,South,Vikram,14,5467.56,0.0,76545.84,46692.96,29852.88,0.39,2025-01
ORD00297,2025-01-24,Customer_0310,IoT Gateway,IoT Devices,Central,Meera,3,13913.47,0.15,35479.35,25044.25,10435.1,0.2941,2025-01
ORD04212,2025-01-24,Customer_0286,Data Logger,Data Solutions,North,Vikram,13,7202.85,0.05,88955.2,58991.34,29963.86,0.3368,2025-01
ORD03628,2025-01-24,Customer_0467,Smart Sensor,IoT Devices,East,Sneha,14,5618.95,0.05,74732.04,47985.83,26746.2,0.3579,2025-01
ORD03172,2025-01-24,Customer_0062,IoT Gateway,IoT Devices,Central,Priya,19,14124.86,0.15,228116.49,161023.4,67093.08,0.2941,2025-01
ORD04281,2025-01-24,Customer_0481,Communication Module,IoT Devices,West,Priya,13,3994.98,0.05,49338.0,32199.54,17138.46,0.3474,2025-01
ORD00410,2025-01-24,Customer_0281,Smart Meter,Energy Management,North,Arjun,12,7870.32,0.15,80277.26,64221.81,16055.45,0.2,2025-01
ORD03330,2025-01-24,Customer_0452,Communication Module,IoT Devices,North,Vikram,17,4395.55,0.15,63515.7,46329.1,17186.6,0.2706,2025-01
ORD01934,2025-01-24,Customer_0481,Data Logger,Data Solutions,South,Ananya,6,7251.83,0.1,39159.88,27411.92,11747.96,0.3,2025-01
ORD00450,2025-01-24,Customer_0433,Energy Monitor,Energy Management,Central,Ananya,10,7667.69,0.1,69009.21,49073.22,19935.99,0.2889,2025-01
ORD03915,2025-01-24,Customer_0440,Communication Module,IoT Devices,East,Rohan,13,4341.24,0.1,50792.51,34990.39,15802.11,0.3111,2025-01
ORD00886,2025-01-24,Customer_0464,Smart Meter,Energy Management,East,Aarav,10,8940.26,0.1,80462.34,60793.77,19668.57,0.2444,2025-01
ORD00262,2025-01-25,Customer_0164,Smart Sensor,IoT Devices,North,Kavya,2,5095.78,0.2,8153.25,6216.85,1936.4,0.2375,2025-01
ORD04635,2025-01-25,Customer_0447,Analytics License,Software,East,Sneha,7,24012.68,0.1,151279.88,58831.07,92448.82,0.6111,2025-01
ORD03067,2025-01-25,Customer_0291,Smart Meter,Energy Management,Central,Rohan,9,8392.94,0.1,67982.81,51364.79,16618.02,0.2444,2025-01
ORD00330,2025-01-25,Customer_0418,Data Logger,Data Solutions,South,Arjun,3,6837.26,0.15,17435.01,12922.42,4512.59,0.2588,2025-01
ORD00065,2025-01-25,Customer_0151,Communication Module,IoT Devices,North,Rohan,20,4344.92,0.15,73863.64,53877.01,19986.63,0.2706,2025-01
ORD03030,2025-01-25,Customer_0098,Advanced Meter,Energy Management,Central,Meera,16,13531.81,0.1,194858.06,140730.82,54127.24,0.2778,2025-01
ORD00263,2025-01-25,Customer_0482,IoT Gateway,IoT Devices,West,Vikram,13,14602.6,0.0,189833.8,113900.28,75933.52,0.4,2025-01
ORD00685,2025-01-25,Customer_0284,Data Logger,Data Solutions,South,Vikram,18,7382.15,0.0,132878.7,83713.58,49165.12,0.37,2025-01
ORD01457,2025-01-25,Customer_0060,Communication Module,IoT Devices,East,Priya,6,4375.81,0.0,26254.86,16278.01,9976.85,0.38,2025-01
ORD03749,2025-01-25,Customer_0221,Advanced Meter,Energy Management,North,Rahul,8,13121.86,0.05,99726.14,68233.67,31492.46,0.3158,2025-01
ORD04054,2025-01-25,Customer_0208,Energy Monitor,Energy Management,Central,Vikram,15,6513.98,0.1,87938.73,62534.21,25404.52,0.2889,2025-01
ORD03893,2025-01-25,Customer_0202,IoT Gateway,IoT Devices,South,Vikram,5,14729.79,0.15,62601.61,44189.37,18412.24,0.2941,2025-01
ORD00127,2025-01-25,Customer_0475,IoT Gateway,IoT Devices,South,Aarav,11,16268.88,0.1,161061.91,107374.61,53687.3,0.3333,2025-01
ORD01852,2025-01-26,Customer_0269,Cloud Platform,Software,Central,Meera,11,31955.32,0.25,263631.39,105452.56,158178.83,0.6,2025-01
ORD03879,2025-01-26,Customer_0260,Data Logger,Data Solutions,South,Meera,6,7126.85,0.1,38484.99,26939.49,11545.5,0.3,2025-01
ORD01405,2025-01-26,Customer_0237,Advanced Meter,Energy Management,South,Kavya,19,13333.19,0.1,227997.55,164664.9,63332.65,0.2778,2025-01
ORD02536,2025-01-26,Customer_0252,Data Logger,Data Solutions,West,Meera,19,6794.1,0.0,129087.9,81325.38,47762.52,0.37,2025-01
ORD01770,2025-01-26,Customer_0298,Smart Meter,Energy Management,Central,Meera,8,9236.04,0.05,70193.9,50244.06,19949.85,0.2842,2025-01
ORD02031,2025-01-26,Customer_0039,Analytics License,Software,East,Sneha,19,22381.72,0.05,403990.05,148838.44,255151.61,0.6316,2025-01
ORD00773,2025-01-26,Customer_0068,Smart Meter,Energy Management,Central,Meera,13,8296.82,0.0,107858.66,73343.89,34514.77,0.32,2025-01
ORD03776,2025-01-26,Customer_0332,Communication Module,IoT Devices,East,Meera,4,4103.64,0.2,13131.65,10177.03,2954.62,0.225,2025-01
ORD00915,2025-01-26,Customer_0167,Energy Monitor,Energy Management,West,Vikram,19,7225.94,0.0,137292.86,87867.43,49425.43,0.36,2025-01
ORD00042,2025-01-26,Customer_0316,Cloud Platform,Software,South,Rohan,3,33293.45,0.15,84898.3,29964.1,54934.19,0.6471,2025-01
ORD00186,2025-01-26,Customer_0465,Cloud Platform,Software,East,Vikram,2,33415.39,0.25,50123.08,20049.23,30073.85,0.6,2025-01
ORD04713,2025-01-26,Customer_0203,Analytics License,Software,Central,Kavya,11,22649.63,0.25,186859.45,87201.08,99658.37,0.5333,2025-01
ORD03840,2025-01-26,Customer_0423,Analytics License,Software,North,Arjun,14,22251.25,0.2,249214.0,109031.12,140182.88,0.5625,2025-01
ORD00544,2025-01-26,Customer_0150,Analytics License,Software,West,Ananya,11,22408.5,0.1,221844.15,86272.72,135571.42,0.6111,2025-01
ORD02855,2025-01-26,Customer_0070,Energy Monitor,Energy Management,East,Kavya,19,7592.01,0.2,115398.55,92318.84,23079.71,0.2,2025-01
ORD04901,2025-01-26,Customer_0214,Smart Meter,Energy Management,North,Ananya,8,9259.18,0.05,70369.77,50369.94,19999.83,0.2842,2025-01
ORD00748,2025-01-26,Customer_0192,Energy Monitor,Energy Management,East,Aarav,16,6646.4,0.2,85073.92,68059.14,17014.78,0.2,2025-01
ORD01626,2025-01-26,Customer_0122,Analytics License,Software,East,Kavya,11,20434.2,0.2,179820.96,78671.67,101149.29,0.5625,2025-01
ORD03394,2025-01-27,Customer_0075,Cloud Platform,Software,West,Priya,10,31720.97,0.15,269628.24,95162.91,174465.34,0.6471,2025-01
ORD02055,2025-01-27,Customer_0006,Smart Sensor,IoT Devices,South,Priya,9,5158.74,0.2,37142.93,28321.48,8821.45,0.2375,2025-01
ORD04259,2025-01-27,Customer_0273,Analytics License,Software,East,Meera,15,20753.16,0.0,311297.4,108954.09,202343.31,0.65,2025-01
ORD02703,2025-01-27,Customer_0243,Network Controller,Networking,Central,Kavya,14,16793.05,0.1,211592.43,136359.57,75232.86,0.3556,2025-01
ORD00236,2025-01-27,Customer_0106,IoT Gateway,IoT Devices,West,Priya,15,15096.78,0.1,203806.53,135871.02,67935.51,0.3333,2025-01
ORD01120,2025-01-27,Customer_0359,Communication Module,IoT Devices,East,Rohan,18,4204.14,0.05,71890.79,46918.2,24972.59,0.3474,2025-01
ORD04306,2025-01-27,Customer_0254,Energy Monitor,Energy Management,South,Arjun,3,6896.57,0.05,19655.22,13241.41,6413.81,0.3263,2025-01
ORD01580,2025-01-27,Customer_0271,Advanced Meter,Energy Management,Central,Kavya,20,12228.45,0.2,195655.2,158969.85,36685.35,0.1875,2025-01
ORD01645,2025-01-27,Customer_0352,IoT Gateway,IoT Devices,South,Sneha,14,16074.87,0.05,213795.77,135028.91,78766.86,0.3684,2025-01
ORD00146,2025-01-27,Customer_0237,Analytics License,Software,North,Arjun,6,23021.61,0.05,131223.18,48345.38,82877.8,0.6316,2025-01
ORD04633,2025-01-27,Customer_0467,Energy Monitor,Energy Management,North,Vikram,19,7673.75,0.0,145801.25,93312.8,52488.45,0.36,2025-01
ORD04955,2025-01-27,Customer_0301,Data Logger,Data Solutions,South,Vikram,11,7368.69,0.15,68897.25,51065.02,17832.23,0.2588,2025-01
ORD02812,2025-01-27,Customer_0380,Advanced Meter,Energy Management,North,Kavya,13,12944.18,0.05,159860.62,109378.32,50482.3,0.3158,2025-01
ORD02987,2025-01-27,Customer_0368,Smart Sensor,IoT Devices,North,Priya,3,5092.51,0.2,12222.02,9319.29,2902.73,0.2375,2025-01
ORD02631,2025-01-27,Customer_0098,Data Logger,Data Solutions,West,Meera,5,7111.78,0.0,35558.9,22402.11,13156.79,0.37,2025-01
ORD04406,2025-01-27,Customer_0315,Cloud Platform,Software,Central,Ananya,15,34324.22,0.2,411890.64,154458.99,257431.65,0.625,2025-01
ORD04183,2025-01-27,Customer_0142,Smart Sensor,IoT Devices,West,Arjun,17,5053.56,0.1,77319.47,52405.42,24914.05,0.3222,2025-01
ORD04589,2025-01-27,Customer_0226,Data Logger,Data Solutions,West,Rohan,2,7012.6,0.05,13323.94,8835.88,4488.06,0.3368,2025-01
ORD00577,2025-01-28,Customer_0244,Analytics License,Software,West,Kavya,2,22526.31,0.1,40547.36,15768.42,24778.94,0.6111,2025-01
ORD02646,2025-01-28,Customer_0310,Network Controller,Networking,South,Ananya,11,19553.11,0.0,215084.21,124748.84,90335.37,0.42,2025-01
ORD00365,2025-01-28,Customer_0002,Cloud Platform,Software,Central,Kavya,3,36567.81,0.0,109703.43,32911.03,76792.4,0.7,2025-01
ORD01541,2025-01-28,Customer_0175,Smart Sensor,IoT Devices,East,Arjun,9,4995.76,0.0,44961.84,27426.72,17535.12,0.39,2025-01
ORD04822,2025-01-28,Customer_0079,Data Logger,Data Solutions,North,Ananya,15,7078.07,0.15,90245.39,66887.76,23357.63,0.2588,2025-01
ORD04136,2025-01-28,Customer_0382,Smart Sensor,IoT Devices,East,Sneha,3,5059.84,0.2,12143.62,9259.51,2884.11,0.2375,2025-01
ORD00661,2025-01-28,Customer_0054,Cloud Platform,Software,Central,Rahul,11,38285.25,0.1,379023.98,126341.32,252682.65,0.6667,2025-01
ORD02655,2025-01-28,Customer_0432,Smart Meter,Energy Management,East,Rahul,5,9282.82,0.0,46414.1,31561.59,14852.51,0.32,2025-01
ORD03952,2025-01-28,Customer_0293,Analytics License,Software,East,Sneha,13,22271.36,0.1,260574.91,101334.69,159240.22,0.6111,2025-01
ORD01380,2025-01-28,Customer_0175,Communication Module,IoT Devices,South,Arjun,18,4550.36,0.0,81906.48,50782.02,31124.46,0.38,2025-01
ORD01552,2025-01-28,Customer_0430,Analytics License,Software,Central,Priya,13,22438.76,0.05,277118.69,102096.36,175022.33,0.6316,2025-01
ORD02296,2025-01-28,Customer_0388,Network Controller,Networking,Central,Priya,2,16712.51,0.1,30082.52,19386.51,10696.01,0.3556,2025-01
ORD00281,2025-01-28,Customer_0350,Cloud Platform,Software,South,Kavya,19,32718.77,0.0,621656.63,186496.99,435159.64,0.7,2025-01
ORD03064,2025-01-28,Customer_0461,Analytics License,Software,West,Sneha,11,21508.26,0.1,212931.77,82806.8,130124.97,0.6111,2025-01
ORD03081,2025-01-28,Customer_0334,Energy Monitor,Energy Management,East,Priya,1,7459.8,0.1,6713.82,4774.27,1939.55,0.2889,2025-01
ORD00552,2025-01-28,Customer_0036,Cloud Platform,Software,Central,Meera,17,33975.88,0.05,548710.46,173276.99,375433.47,0.6842,2025-01
ORD01211,2025-01-29,Customer_0163,Analytics License,Software,South,Rahul,1,21113.61,0.2,16890.89,7389.76,9501.12,0.5625,2025-01
ORD00930,2025-01-29,Customer_0304,Smart Sensor,IoT Devices,North,Arjun,3,5665.12,0.15,14446.06,10367.17,4078.89,0.2824,2025-01
ORD01821,2025-01-29,Customer_0350,Cloud Platform,Software,Central,Rahul,19,37990.22,0.2,577451.34,216544.25,360907.09,0.625,2025-01
ORD03944,2025-01-29,Customer_0193,Analytics License,Software,West,Rohan,8,23082.76,0.05,175428.98,64631.73,110797.25,0.6316,2025-01
ORD04203,2025-01-29,Customer_0259,Analytics License,Software,South,Ananya,12,21289.93,0.15,217157.29,89417.71,127739.58,0.5882,2025-01
ORD00945,2025-01-29,Customer_0277,Advanced Meter,Energy Management,North,Rohan,14,12703.3,0.0,177846.2,115600.03,62246.17,0.35,2025-01
ORD00472,2025-01-29,Customer_0392,IoT Gateway,IoT Devices,South,Meera,18,16323.82,0.2,235063.01,176297.26,58765.75,0.25,2025-01
ORD01971,2025-01-29,Customer_0162,Smart Meter,Energy Management,North,Arjun,10,8472.56,0.05,80489.32,57613.41,22875.91,0.2842,2025-01
ORD02563,2025-01-29,Customer_0250,Smart Sensor,IoT Devices,South,Kavya,3,5690.42,0.05,16217.7,10413.47,5804.23,0.3579,2025-01
ORD02387,2025-01-29,Customer_0335,Energy Monitor,Energy Management,Central,Vikram,3,7379.14,0.15,18816.81,14167.95,4648.86,0.2471,2025-01
ORD04027,2025-01-29,Customer_0086,Network Controller,Networking,West,Priya,11,16785.9,0.05,175412.66,107094.04,68318.61,0.3895,2025-01
ORD04263,2025-01-29,Customer_0028,Energy Monitor,Energy Management,South,Kavya,20,7079.6,0.2,113273.6,90618.88,22654.72,0.2,2025-01
ORD02240,2025-01-29,Customer_0301,IoT Gateway,IoT Devices,South,Arjun,16,13674.0,0.1,196905.6,131270.4,65635.2,0.3333,2025-01
ORD04557,2025-01-29,Customer_0036,Network Controller,Networking,Central,Sneha,20,18481.29,0.1,332663.22,214382.96,118280.26,0.3556,2025-01
ORD03413,2025-01-29,Customer_0372,Energy Monitor,Energy Management,North,Sneha,5,6635.79,0.2,26543.16,21234.53,5308.63,0.2,2025-01
ORD00880,2025-01-29,Customer_0328,Smart Sensor,IoT Devices,Central,Arjun,19,5236.44,0.2,79593.89,60690.34,18903.55,0.2375,2025-01
ORD04865,2025-01-29,Customer_0269,Data Logger,Data Solutions,South,Priya,20,6297.3,0.2,100756.8,79345.98,21410.82,0.2125,2025-01
ORD04935,2025-01-30,Customer_0073,Advanced Meter,Energy Management,Central,Priya,4,11267.82,0.1,40564.15,29296.33,11267.82,0.2778,2025-01
ORD04626,2025-01-30,Customer_0312,Data Logger,Data Solutions,North,Vikram,17,6308.87,0.2,85800.63,67568.0,18232.63,0.2125,2025-01
ORD02059,2025-01-30,Customer_0344,Smart Sensor,IoT Devices,North,Aarav,9,5178.21,0.1,41943.5,28428.37,13515.13,0.3222,2025-01
ORD03882,2025-01-30,Customer_0217,Energy Monitor,Energy Management,West,Meera,6,6724.87,0.0,40349.22,25823.5,14525.72,0.36,2025-01
ORD03508,2025-01-30,Customer_0342,Analytics License,Software,North,Aarav,15,21915.53,0.15,279423.01,115056.53,164366.47,0.5882,2025-01
ORD00513,2025-01-30,Customer_0194,Data Logger,Data Solutions,West,Vikram,8,6141.09,0.05,46672.28,30951.09,15721.19,0.3368,2025-01
ORD03391,2025-01-30,Customer_0213,Communication Module,IoT Devices,South,Priya,1,4174.79,0.05,3966.05,2588.37,1377.68,0.3474,2025-01
ORD02299,2025-01-30,Customer_0201,Cloud Platform,Software,South,Rohan,11,35286.02,0.05,368738.91,116443.87,252295.04,0.6842,2025-01
ORD02503,2025-01-30,Customer_0051,Data Logger,Data Solutions,East,Sneha,8,7274.35,0.15,49465.58,36662.72,12802.86,0.2588,2025-01
ORD01754,2025-01-30,Customer_0172,Data Logger,Data Solutions,East,Rohan,7,6323.86,0.0,44267.02,27888.22,16378.8,0.37,2025-01
ORD02248,2025-01-30,Customer_0157,Cloud Platform,Software,Central,Kavya,18,38398.06,0.05,656606.83,207349.52,449257.3,0.6842,2025-01
ORD00624,2025-01-30,Customer_0427,IoT Gateway,IoT Devices,Central,Sneha,13,14512.6,0.2,150931.04,113198.28,37732.76,0.25,2025-01
ORD01229,2025-01-31,Customer_0107,Communication Module,IoT Devices,South,Arjun,13,4471.02,0.05,55217.1,36036.42,19180.68,0.3474,2025-01
ORD04494,2025-01-31,Customer_0461,Smart Sensor,IoT Devices,Central,Vikram,15,5925.55,0.1,79994.92,54218.78,25776.14,0.3222,2025-01
ORD02607,2025-01-31,Customer_0076,Analytics License,Software,West,Sneha,9,22214.29,0.2,159942.89,69975.01,89967.87,0.5625,2025-01
ORD04586,2025-01-31,Customer_0058,Advanced Meter,Energy Management,South,Ananya,7,12959.06,0.0,90713.42,58963.72,31749.7,0.35,2025-01
ORD02984,2025-01-31,Customer_0420,Smart Sensor,IoT Devices,East,Sneha,11,5308.6,0.1,52555.14,35620.71,16934.43,0.3222,2025-01
ORD02552,2025-01-31,Customer_0150,Network Controller,Networking,West,Vikram,6,18497.71,0.1,99887.63,64372.03,35515.6,0.3556,2025-01
ORD04256,2025-01-31,Customer_0372,Communication Module,IoT Devices,Central,Aarav,15,4136.44,0.1,55841.94,38468.89,17373.05,0.3111,2025-01
ORD04554,2025-01-31,Customer_0329,Smart Sensor,IoT Devices,East,Kavya,19,5994.23,0.25,85417.78,69473.13,15944.65,0.1867,2025-01
ORD02244,2025-01-31,Customer_0498,Communication Module,IoT Devices,East,Sneha,11,4330.4,0.05,45252.68,29533.33,15719.35,0.3474,2025-01
ORD02002,2025-01-31,Customer_0161,Communication Module,IoT Devices,South,Arjun,14,3831.91,0.1,48282.07,33260.98,15021.09,0.3111,2025-01
ORD00374,2025-01-31,Customer_0414,Smart Meter,Energy Management,East,Rahul,4,7934.51,0.25,23803.53,21581.87,2221.66,0.0933,2025-01
ORD01901,2025-01-31,Customer_0243,Smart Meter,Energy Management,North,Meera,7,8515.3,0.25,44705.32,40532.83,4172.5,0.0933,2025-01
ORD03847,2025-01-31,Customer_0385,Analytics License,Software,North,Priya,17,20966.19,0.1,320782.71,124748.83,196033.88,0.6111,2025-01
ORD01300,2025-01-31,Customer_0327,Smart Meter,Energy Management,South,Arjun,16,9028.98,0.0,144463.68,98235.3,46228.38,0.32,2025-01
ORD01471,2025-01-31,Customer_0474,Smart Sensor,IoT Devices,Central,Sneha,17,6039.19,0.0,102666.23,62626.4,40039.83,0.39,2025-01
ORD00179,2025-01-31,Customer_0158,Network Controller,Networking,South,Sneha,10,17126.82,0.05,162704.79,99335.56,63369.23,0.3895,2025-01
ORD03150,2025-01-31,Customer_0095,Data Logger,Data Solutions,South,Vikram,18,7297.44,0.1,118218.53,82752.97,35465.56,0.3,2025-01
ORD02496,2025-02-01,Customer_0434,Smart Meter,Energy Management,Central,Vikram,1,9078.05,0.25,6808.54,6173.07,635.46,0.0933,2025-02
ORD02065,2025-02-01,Customer_0387,Energy Monitor,Energy Management,East,Meera,9,6678.2,0.1,54093.42,38466.43,15626.99,0.2889,2025-02
ORD01179,2025-02-01,Customer_0116,Energy Monitor,Energy Management,West,Ananya,6,7535.74,0.0,45214.44,28937.24,16277.2,0.36,2025-02
ORD04315,2025-02-01,Customer_0076,Network Controller,Networking,East,Rahul,2,18618.18,0.15,31650.91,21597.09,10053.82,0.3176,2025-02
ORD00794,2025-02-01,Customer_0226,Smart Sensor,IoT Devices,North,Sneha,10,5584.49,0.0,55844.9,34065.39,21779.51,0.39,2025-02
ORD01974,2025-02-01,Customer_0470,Analytics License,Software,West,Meera,14,20741.6,0.15,246825.04,101633.84,145191.2,0.5882,2025-02
ORD01792,2025-02-01,Customer_0251,Analytics License,Software,East,Rohan,14,23975.32,0.1,302089.03,117479.07,184609.96,0.6111,2025-02
ORD01377,2025-02-01,Customer_0183,Network Controller,Networking,North,Vikram,10,20054.42,0.1,180489.78,116315.64,64174.14,0.3556,2025-02
ORD00759,2025-02-01,Customer_0320,Network Controller,Networking,East,Priya,15,19459.45,0.15,248107.99,169297.21,78810.77,0.3176,2025-02
ORD02648,2025-02-01,Customer_0174,IoT Gateway,IoT Devices,North,Ananya,19,14043.63,0.0,266828.97,160097.38,106731.59,0.4,2025-02
ORD01065,2025-02-01,Customer_0072,Advanced Meter,Energy Management,South,Arjun,10,11561.09,0.25,86708.17,75147.08,11561.09,0.1333,2025-02
ORD01244,2025-02-01,Customer_0349,Energy Monitor,Energy Management,East,Kavya,20,7175.25,0.05,136329.75,91843.2,44486.55,0.3263,2025-02
ORD01846,2025-02-01,Customer_0347,Network Controller,Networking,West,Ananya,13,18813.05,0.25,183427.24,141850.4,41576.84,0.2267,2025-02
ORD04937,2025-02-01,Customer_0406,Smart Sensor,IoT Devices,South,Meera,7,5030.75,0.2,28172.2,21481.3,6690.9,0.2375,2025-02
ORD02152,2025-02-01,Customer_0058,Advanced Meter,Energy Management,Central,Rahul,7,12315.7,0.0,86209.9,56036.44,30173.47,0.35,2025-02
ORD04708,2025-02-02,Customer_0023,Cloud Platform,Software,Central,Arjun,11,33791.94,0.0,371711.34,111513.4,260197.94,0.7,2025-02
ORD03934,2025-02-02,Customer_0497,Energy Monitor,Energy Management,South,Arjun,15,7683.87,0.05,109495.15,73765.15,35730.0,0.3263,2025-02
ORD04326,2025-02-02,Customer_0133,Analytics License,Software,Central,Vikram,5,19886.52,0.1,89489.34,34801.41,54687.93,0.6111,2025-02
ORD02021,2025-02-02,Customer_0490,Communication Module,IoT Devices,West,Sneha,20,4565.33,0.05,86741.27,56610.09,30131.18,0.3474,2025-02
ORD01214,2025-02-02,Customer_0489,Smart Meter,Energy Management,East,Kavya,4,8676.09,0.2,27763.49,23598.96,4164.52,0.15,2025-02
ORD01357,2025-02-02,Customer_0345,Communication Module,IoT Devices,West,Aarav,12,4360.86,0.2,41864.26,32444.8,9419.46,0.225,2025-02
ORD04336,2025-02-02,Customer_0194,Network Controller,Networking,West,Vikram,16,17186.93,0.05,261241.34,159494.71,101746.63,0.3895,2025-02
ORD02195,2025-02-02,Customer_0431,Advanced Meter,Energy Management,West,Rohan,11,11564.74,0.1,114490.93,82687.89,31803.04,0.2778,2025-02
ORD01436,2025-02-02,Customer_0147,IoT Gateway,IoT Devices,East,Kavya,13,14299.13,0.2,148710.95,111533.21,37177.74,0.25,2025-02
ORD02381,2025-02-02,Customer_0137,Smart Meter,Energy Management,East,Vikram,9,8442.39,0.05,72182.43,51667.43,20515.01,0.2842,2025-02
ORD03381,2025-02-02,Customer_0349,IoT Gateway,IoT Devices,West,Kavya,1,15141.99,0.1,13627.79,9085.19,4542.6,0.3333,2025-02
ORD04846,2025-02-02,Customer_0146,Cloud Platform,Software,South,Sneha,6,33068.2,0.15,168647.82,59522.76,109125.06,0.6471,2025-02
ORD02143,2025-02-02,Customer_0385,Cloud Platform,Software,Central,Aarav,17,36463.87,0.0,619885.79,185965.74,433920.05,0.7,2025-02
ORD02331,2025-02-02,Customer_0380,Network Controller,Networking,West,Ananya,19,17284.3,0.25,246301.28,190472.99,55828.29,0.2267,2025-02
ORD02712,2025-02-02,Customer_0375,Analytics License,Software,South,Aarav,20,22179.57,0.0,443591.4,155256.99,288334.41,0.65,2025-02
ORD01279,2025-02-03,Customer_0312,Network Controller,Networking,Central,Aarav,7,17233.35,0.05,114601.78,69967.4,44634.38,0.3895,2025-02
ORD01782,2025-02-03,Customer_0152,Communication Module,IoT Devices,East,Rohan,7,4152.89,0.1,26163.21,18023.54,8139.66,0.3111,2025-02
ORD01281,2025-02-03,Customer_0474,Analytics License,Software,East,Vikram,7,20896.5,0.05,138961.72,51196.42,87765.3,0.6316,2025-02
ORD02717,2025-02-03,Customer_0388,Analytics License,Software,North,Vikram,18,23618.46,0.05,403875.67,148796.3,255079.37,0.6316,2025-02
ORD03140,2025-02-03,Customer_0462,Cloud Platform,Software,East,Rahul,18,33193.67,0.25,448114.54,179245.82,268868.73,0.6,2025-02
ORD00274,2025-02-03,Customer_0227,IoT Gateway,IoT Devices,North,Sneha,20,14230.43,0.15,241917.31,170765.16,71152.15,0.2941,2025-02
ORD03640,2025-02-03,Customer_0241,Cloud Platform,Software,South,Kavya,19,32585.42,0.1,557210.68,185736.89,371473.79,0.6667,2025-02
ORD01408,2025-02-03,Customer_0242,Smart Sensor,IoT Devices,North,Arjun,8,5851.02,0.1,42127.34,28552.98,13574.37,0.3222,2025-02
ORD00145,2025-02-03,Customer_0076,Analytics License,Software,Central,Meera,17,21583.09,0.1,330221.28,128419.39,201801.89,0.6111,2025-02
ORD03054,2025-02-03,Customer_0180,Data Logger,Data Solutions,South,Sneha,19,6898.76,0.2,104861.15,82578.16,22282.99,0.2125,2025-02
ORD00924,2025-02-03,Customer_0120,Smart Sensor,IoT Devices,East,Kavya,3,5519.0,0.0,16557.0,10099.77,6457.23,0.39,2025-02
ORD00718,2025-02-03,Customer_0215,Smart Sensor,IoT Devices,Central,Vikram,4,5111.36,0.15,17378.62,12471.72,4906.91,0.2824,2025-02
ORD04660,2025-02-03,Customer_0115,Communication Module,IoT Devices,North,Ananya,10,4331.38,0.0,43313.8,26854.56,16459.24,0.38,2025-02
ORD01763,2025-02-03,Customer_0078,Advanced Meter,Energy Management,East,Aarav,19,12356.47,0.0,234772.93,152602.4,82170.53,0.35,2025-02
ORD02344,2025-02-04,Customer_0061,Cloud Platform,Software,East,Arjun,6,34699.02,0.1,187374.71,62458.24,124916.47,0.6667,2025-02
ORD03377,2025-02-04,Customer_0425,Data Logger,Data Solutions,Central,Ananya,12,6666.05,0.0,79992.6,50395.34,29597.26,0.37,2025-02
ORD03364,2025-02-04,Customer_0344,Network Controller,Networking,East,Kavya,15,18973.13,0.2,227677.56,165066.23,62611.33,0.275,2025-02
ORD02843,2025-02-04,Customer_0010,Network Controller,Networking,South,Sneha,19,17554.15,0.15,283499.52,193446.73,90052.79,0.3176,2025-02
ORD00306,2025-02-04,Customer_0320,Smart Sensor,IoT Devices,Central,Sneha,14,5198.1,0.1,65496.06,44391.77,21104.29,0.3222,2025-02
ORD01883,2025-02-04,Customer_0395,Smart Sensor,IoT Devices,South,Aarav,18,5898.53,0.05,100864.86,64765.86,36099.0,0.3579,2025-02
ORD02938,2025-02-04,Customer_0467,Advanced Meter,Energy Management,Central,Priya,7,13303.51,0.15,79155.88,60530.97,18624.91,0.2353,2025-02
ORD04917,2025-02-04,Customer_0220,Network Controller,Networking,Central,Vikram,1,18281.62,0.25,13711.22,10603.34,3107.88,0.2267,2025-02
ORD00206,2025-02-04,Customer_0350,Communication Module,IoT Devices,Central,Meera,15,3996.45,0.1,53952.08,37166.99,16785.09,0.3111,2025-02
ORD04253,2025-02-04,Customer_0270,IoT Gateway,IoT Devices,West,Sneha,1,14216.84,0.25,10662.63,8530.1,2132.53,0.2,2025-02
ORD03672,2025-02-04,Customer_0280,Smart Sensor,IoT Devices,North,Ananya,9,5879.16,0.05,50266.82,32276.59,17990.23,0.3579,2025-02
ORD03124,2025-02-04,Customer_0193,Cloud Platform,Software,Central,Ananya,15,32323.92,0.2,387887.04,145457.64,242429.4,0.625,2025-02
ORD03133,2025-02-04,Customer_0395,Energy Monitor,Energy Management,West,Kavya,19,7391.55,0.05,133417.48,89881.25,43536.23,0.3263,2025-02
ORD03306,2025-02-04,Customer_0125,Smart Sensor,IoT Devices,East,Rahul,5,5505.45,0.0,27527.25,16791.62,10735.63,0.39,2025-02
ORD01502,2025-02-04,Customer_0421,Cloud Platform,Software,North,Ananya,17,38410.17,0.05,620324.25,195891.87,424432.38,0.6842,2025-02
ORD01604,2025-02-05,Customer_0263,Cloud Platform,Software,East,Ananya,17,34013.5,0.0,578229.5,173468.85,404760.65,0.7,2025-02
ORD03176,2025-02-05,Customer_0058,Communication Module,IoT Devices,East,Priya,13,4051.58,0.05,50037.01,32655.73,17381.28,0.3474,2025-02
ORD00061,2025-02-05,Customer_0151,Communication Module,IoT Devices,Central,Aarav,18,3990.01,0.1,64638.16,44528.51,20109.65,0.3111,2025-02
ORD03190,2025-02-05,Customer_0207,Advanced Meter,Energy Management,West,Ananya,2,11515.26,0.1,20727.47,14969.84,5757.63,0.2778,2025-02
ORD03474,2025-02-05,Customer_0183,Smart Meter,Energy Management,Central,Kavya,6,7844.98,0.1,42362.89,32007.52,10355.37,0.2444,2025-02
ORD01448,2025-02-05,Customer_0072,Smart Meter,Energy Management,Central,Meera,1,8491.6,0.2,6793.28,5774.29,1018.99,0.15,2025-02
ORD04981,2025-02-05,Customer_0274,Advanced Meter,Energy Management,West,Kavya,6,12430.45,0.0,74582.7,48478.76,26103.94,0.35,2025-02
ORD04964,2025-02-05,Customer_0013,Smart Sensor,IoT Devices,Central,Vikram,2,4951.12,0.1,8912.02,6040.37,2871.65,0.3222,2025-02
ORD04584,2025-02-05,Customer_0498,Energy Monitor,Energy Management,South,Rohan,18,7159.89,0.0,128878.02,82481.93,46396.09,0.36,2025-02
ORD00753,2025-02-05,Customer_0069,Smart Meter,Energy Management,Central,Priya,13,9099.97,0.0,118299.61,80443.73,37855.88,0.32,2025-02
ORD01938,2025-02-05,Customer_0178,Advanced Meter,Energy Management,East,Sneha,15,12419.79,0.1,167667.16,121092.95,46574.21,0.2778,2025-02
ORD02597,2025-02-05,Customer_0188,Analytics License,Software,Central,Arjun,18,20823.55,0.15,318600.31,131188.36,187411.95,0.5882,2025-02
ORD04870,2025-02-05,Customer_0413,Analytics License,Software,Central,Sneha,10,22561.52,0.15,191772.92,78965.32,112807.6,0.5882,2025-02
ORD00043,2025-02-05,Customer_0494,Network Controller,Networking,West,Rahul,13,17368.81,0.0,225794.53,130960.83,94833.7,0.42,2025-02
ORD00641,2025-02-05,Customer_0336,Analytics License,Software,Central,Sneha,13,21090.76,0.1,246761.89,95962.96,150798.93,0.6111,2025-02
ORD03372,2025-02-05,Customer_0269,Smart Meter,Energy Management,West,Vikram,13,8103.57,0.1,94811.77,71635.56,23176.21,0.2444,2025-02
ORD01820,2025-02-06,Customer_0020,Network Controller,Networking,North,Rohan,16,17706.96,0.2,226649.09,164320.59,62328.5,0.275,2025-02
ORD02413,2025-02-06,Customer_0292,IoT Gateway,IoT Devices,Central,Rohan,11,14290.53,0.2,125756.66,94317.5,31439.17,0.25,2025-02
ORD03187,2025-02-06,Customer_0106,Network Controller,Networking,North,Priya,9,19081.69,0.25,128801.41,99606.42,29194.99,0.2267,2025-02
ORD00394,2025-02-06,Customer_0136,Network Controller,Networking,Central,Vikram,1,16905.41,0.0,16905.41,9805.14,7100.27,0.42,2025-02
ORD04596,2025-02-06,Customer_0038,Smart Meter,Energy Management,East,Arjun,20,8512.34,0.2,136197.44,115767.82,20429.62,0.15,2025-02
ORD04140,2025-02-06,Customer_0094,Analytics License,Software,Central,Vikram,20,20156.74,0.15,342664.58,141097.18,201567.4,0.5882,2025-02
ORD02516,2025-02-06,Customer_0425,IoT Gateway,IoT Devices,South,Vikram,3,13869.47,0.1,37447.57,24965.05,12482.52,0.3333,2025-02
ORD01310,2025-02-06,Customer_0385,Cloud Platform,Software,West,Rahul,18,35068.06,0.1,568102.57,189367.52,378735.05,0.6667,2025-02
ORD01292,2025-02-06,Customer_0054,Data Logger,Data Solutions,South,Priya,12,7249.06,0.25,65241.54,54802.89,10438.65,0.16,2025-02
ORD01048,2025-02-06,Customer_0337,Communication Module,IoT Devices,South,Kavya,7,4475.17,0.1,28193.57,19422.24,8771.33,0.3111,2025-02
ORD03831,2025-02-06,Customer_0251,Smart Meter,Energy Management,South,Kavya,6,8226.54,0.0,49359.24,33564.28,15794.96,0.32,2025-02
ORD04924,2025-02-06,Customer_0005,Cloud Platform,Software,North,Meera,4,34669.19,0.05,131742.92,41603.03,90139.89,0.6842,2025-02
ORD03522,2025-02-06,Customer_0139,Data Logger,Data Solutions,South,Rahul,12,7058.75,0.0,84705.0,53364.15,31340.85,0.37,2025-02
ORD00175,2025-02-06,Customer_0081,Smart Sensor,IoT Devices,South,Ananya,16,5701.58,0.0,91225.28,55647.42,35577.86,0.39,2025-02
ORD03191,2025-02-06,Customer_0001,Advanced Meter,Energy Management,North,Ananya,11,11972.38,0.1,118526.56,85602.52,32924.04,0.2778,2025-02
ORD01204,2025-02-07,Customer_0435,Energy Monitor,Energy Management,East,Ananya,16,7087.04,0.15,96383.74,72571.29,23812.45,0.2471,2025-02
ORD04348,2025-02-07,Customer_0359,IoT Gateway,IoT Devices,Central,Aarav,12,13563.22,0.15,138344.84,97655.18,40689.66,0.2941,2025-02
ORD04167,2025-02-07,Customer_0465,Communication Module,IoT Devices,East,Rohan,3,4511.39,0.1,12180.75,8391.19,3789.57,0.3111,2025-02
ORD01955,2025-02-07,Customer_0308,Advanced Meter,Energy Management,South,Kavya,1,13505.49,0.1,12154.94,8778.57,3376.37,0.2778,2025-02
ORD04062,2025-02-07,Customer_0499,Energy Monitor,Energy Management,South,Arjun,20,6884.04,0.15,117028.68,88115.71,28912.97,0.2471,2025-02
ORD02403,2025-02-07,Customer_0226,Smart Sensor,IoT Devices,East,Sneha,12,5026.46,0.1,54285.77,36793.69,17492.08,0.3222,2025-02
ORD01124,2025-02-07,Customer_0313,Analytics License,Software,North,Sneha,9,22491.28,0.1,182179.37,70847.53,111331.84,0.6111,2025-02
ORD04009,2025-02-07,Customer_0410,Smart Sensor,IoT Devices,Central,Rahul,14,5821.22,0.0,81497.08,49713.22,31783.86,0.39,2025-02
ORD00121,2025-02-07,Customer_0302,Energy Monitor,Energy Management,East,Meera,6,7057.23,0.1,38109.04,27099.76,11009.28,0.2889,2025-02
ORD04488,2025-02-08,Customer_0194,Communication Module,IoT Devices,South,Vikram,19,3817.65,0.05,68908.58,44971.92,23936.67,0.3474,2025-02
ORD03026,2025-02-08,Customer_0085,Communication Module,IoT Devices,Central,Rahul,4,4496.48,0.15,15288.03,11151.27,4136.76,0.2706,2025-02
ORD04913,2025-02-08,Customer_0337,Data Logger,Data Solutions,East,Meera,16,6414.29,0.25,76971.48,64656.04,12315.44,0.16,2025-02
ORD03273,2025-02-08,Customer_0392,Analytics License,Software,West,Kavya,15,22526.46,0.2,270317.52,118263.91,152053.6,0.5625,2025-02
ORD02853,2025-02-08,Customer_0045,Cloud Platform,Software,North,Vikram,2,34189.32,0.1,61540.78,20513.59,41027.18,0.6667,2025-02
ORD02634,2025-02-08,Customer_0030,Communication Module,IoT Devices,West,Rohan,6,4527.27,0.2,21730.9,16841.44,4889.45,0.225,2025-02
ORD00053,2025-02-08,Customer_0023,Data Logger,Data Solutions,South,Meera,4,6355.55,0.1,22879.98,16015.99,6863.99,0.3,2025-02
ORD00669,2025-02-08,Customer_0489,Smart Meter,Energy Management,West,Kavya,16,8192.51,0.1,117972.14,89134.51,28837.64,0.2444,2025-02
ORD00976,2025-02-08,Customer_0191,Communication Module,IoT Devices,West,Rahul,15,4063.48,0.0,60952.2,37790.36,23161.84,0.38,2025-02
ORD01886,2025-02-08,Customer_0330,IoT Gateway,IoT Devices,East,Meera,7,16186.75,0.05,107641.89,67984.35,39657.54,0.3684,2025-02
ORD00855,2025-02-08,Customer_0268,Cloud Platform,Software,Central,Ananya,13,33076.13,0.15,365491.24,128996.91,236494.33,0.6471,2025-02
ORD04305,2025-02-09,Customer_0440,Smart Sensor,IoT Devices,Central,Priya,9,5704.0,0.05,48769.2,31314.96,17454.24,0.3579,2025-02
ORD00210,2025-02-09,Customer_0100,Advanced Meter,Energy Management,South,Priya,15,11839.48,0.15,150953.37,115434.93,35518.44,0.2353,2025-02
ORD04312,2025-02-09,Customer_0046,Communication Module,IoT Devices,Central,Priya,5,4609.92,0.1,20744.64,14290.75,6453.89,0.3111,2025-02
ORD02665,2025-02-09,Customer_0283,Advanced Meter,Energy Management,West,Rohan,7,12166.29,0.05,80905.83,55356.62,25549.21,0.3158,2025-02
ORD03895,2025-02-09,Customer_0011,Communication Module,IoT Devices,North,Meera,10,4443.26,0.1,39989.34,27548.21,12441.13,0.3111,2025-02
ORD03643,2025-02-09,Customer_0103,Communication Module,IoT Devices,West,Aarav,8,4125.93,0.15,28056.32,20464.61,7591.71,0.2706,2025-02
ORD02718,2025-02-09,Customer_0087,Network Controller,Networking,West,Sneha,6,20089.72,0.0,120538.32,69912.23,50626.09,0.42,2025-02
ORD00975,2025-02-10,Customer_0078,Advanced Meter,Energy Management,West,Vikram,16,11718.82,0.0,187501.12,121875.73,65625.39,0.35,2025-02
ORD01546,2025-02-10,Customer_0161,Smart Meter,Energy Management,South,Rohan,16,9168.88,0.2,117361.66,99757.41,17604.25,0.15,2025-02
ORD03571,2025-02-10,Customer_0171,Advanced Meter,Energy Management,South,Meera,8,12834.71,0.05,97543.8,66740.49,30803.3,0.3158,2025-02
ORD04849,2025-02-10,Customer_0095,Smart Meter,Energy Management,West,Aarav,12,8162.98,0.15,83262.4,66609.92,16652.48,0.2,2025-02
ORD02890,2025-02-10,Customer_0361,Data Logger,Data Solutions,South,Arjun,3,6744.65,0.0,20233.95,12747.39,7486.56,0.37,2025-02
ORD04010,2025-02-10,Customer_0399,Smart Sensor,IoT Devices,Central,Kavya,18,5613.57,0.1,90939.83,61637.0,29302.84,0.3222,2025-02
ORD04639,2025-02-10,Customer_0139,Smart Meter,Energy Management,East,Rahul,9,9195.68,0.05,78623.06,56277.56,22345.5,0.2842,2025-02
ORD01578,2025-02-10,Customer_0344,IoT Gateway,IoT Devices,West,Ananya,4,14959.34,0.15,50861.76,35902.42,14959.34,0.2941,2025-02
ORD02575,2025-02-10,Customer_0485,Analytics License,Software,North,Rohan,7,20481.17,0.05,136199.78,50178.87,86020.91,0.6316,2025-02
ORD00358,2025-02-10,Customer_0147,Cloud Platform,Software,East,Aarav,7,34954.83,0.15,207981.24,73405.14,134576.1,0.6471,2025-02
ORD04774,2025-02-10,Customer_0139,Network Controller,Networking,South,Vikram,10,18121.64,0.05,172155.58,105105.51,67050.07,0.3895,2025-02
ORD03751,2025-02-11,Customer_0320,Communication Module,IoT Devices,West,Aarav,7,4382.52,0.05,29143.76,19020.14,10123.62,0.3474,2025-02
ORD01305,2025-02-11,Customer_0072,Advanced Meter,Energy Management,East,Priya,11,11817.09,0.1,116989.19,84492.19,32497.0,0.2778,2025-02
ORD00152,2025-02-11,Customer_0108,Energy Monitor,Energy Management,West,Rahul,7,6589.34,0.0,46125.38,29520.24,16605.14,0.36,2025-02
ORD02519,2025-02-11,Customer_0041,Energy Monitor,Energy Management,Central,Vikram,19,6812.59,0.1,116495.29,82841.09,33654.19,0.2889,2025-02
ORD00066,2025-02-11,Customer_0163,Data Logger,Data Solutions,Central,Priya,7,7474.47,0.0,52321.29,32962.41,19358.88,0.37,2025-02
ORD03453,2025-02-11,Customer_0272,Smart Sensor,IoT Devices,West,Aarav,9,5674.36,0.0,51069.24,31152.24,19917.0,0.39,2025-02
ORD01556,2025-02-11,Customer_0465,Smart Meter,Energy Management,North,Priya,15,9041.85,0.0,135627.75,92226.87,43400.88,0.32,2025-02
ORD00380,2025-02-11,Customer_0497,Communication Module,IoT Devices,Central,Arjun,2,3997.84,0.05,7595.9,4957.32,2638.57,0.3474,2025-02
ORD00678,2025-02-11,Customer_0455,Data Logger,Data Solutions,Central,Rahul,10,6858.48,0.1,61726.32,43208.42,18517.9,0.3,2025-02
ORD03861,2025-02-11,Customer_0111,Smart Sensor,IoT Devices,Central,Rohan,11,5757.13,0.15,53829.17,38630.34,15198.82,0.2824,2025-02
ORD04225,2025-02-11,Customer_0374,Smart Meter,Energy Management,East,Rohan,14,8836.48,0.15,105154.11,84123.29,21030.82,0.2,2025-02
ORD02960,2025-02-11,Customer_0300,Smart Meter,Energy Management,Central,Aarav,5,9285.86,0.05,44107.84,31571.92,12535.91,0.2842,2025-02
ORD00275,2025-02-11,Customer_0017,Analytics License,Software,North,Vikram,10,23725.17,0.25,177938.78,83038.09,94900.68,0.5333,2025-02
ORD01446,2025-02-11,Customer_0255,Energy Monitor,Energy Management,South,Aarav,4,7625.11,0.25,22875.33,19520.28,3355.05,0.1467,2025-02
ORD03346,2025-02-11,Customer_0416,Network Controller,Networking,North,Kavya,12,19039.84,0.0,228478.08,132517.29,95960.79,0.42,2025-02
ORD00704,2025-02-11,Customer_0360,Smart Meter,Energy Management,South,Priya,19,7929.85,0.05,143133.79,102453.66,40680.13,0.2842,2025-02
ORD02483,2025-02-11,Customer_0150,Cloud Platform,Software,North,Kavya,5,33551.78,0.05,159370.95,50327.67,109043.28,0.6842,2025-02
ORD02395,2025-02-11,Customer_0497,Network Controller,Networking,South,Rohan,18,17944.53,0.15,274551.31,187340.89,87210.42,0.3176,2025-02
ORD04238,2025-02-12,Customer_0320,IoT Gateway,IoT Devices,North,Aarav,18,13721.84,0.2,197594.5,148195.87,49398.62,0.25,2025-02
ORD03230,2025-02-12,Customer_0463,Network Controller,Networking,Central,Rohan,12,19511.68,0.0,234140.16,135801.29,98338.87,0.42,2025-02
ORD04448,2025-02-12,Customer_0173,Cloud Platform,Software,North,Vikram,16,35954.84,0.05,546513.57,172583.23,373930.34,0.6842,2025-02
ORD04547,2025-02-12,Customer_0085,IoT Gateway,IoT Devices,South,Sneha,17,14750.49,0.0,250758.33,150455.0,100303.33,0.4,2025-02
ORD01977,2025-02-12,Customer_0284,Advanced Meter,Energy Management,South,Meera,18,12440.82,0.0,223934.76,145557.59,78377.17,0.35,2025-02
ORD02130,2025-02-12,Customer_0255,Smart Meter,Energy Management,North,Ananya,6,8457.04,0.0,50742.24,34504.72,16237.52,0.32,2025-02
ORD04892,2025-02-12,Customer_0061,Advanced Meter,Energy Management,Central,Meera,16,12564.04,0.2,160819.71,130666.02,30153.7,0.1875,2025-02
ORD01528,2025-02-12,Customer_0224,Advanced Meter,Energy Management,East,Meera,4,12903.46,0.0,51613.84,33549.0,18064.84,0.35,2025-02
ORD01652,2025-02-12,Customer_0311,Advanced Meter,Energy Management,Central,Rahul,14,11310.43,0.05,150428.72,102924.91,47503.81,0.3158,2025-02
ORD02092,2025-02-13,Customer_0160,Smart Sensor,IoT Devices,Central,Priya,7,5605.78,0.2,31392.37,23936.68,7455.69,0.2375,2025-02
ORD04827,2025-02-13,Customer_0451,Energy Monitor,Energy Management,South,Arjun,16,6716.41,0.05,102089.43,68776.04,33313.39,0.3263,2025-02
ORD03565,2025-02-13,Customer_0085,Analytics License,Software,South,Arjun,20,21849.37,0.15,371439.29,152945.59,218493.7,0.5882,2025-02
ORD04825,2025-02-13,Customer_0198,Smart Meter,Energy Management,North,Ananya,16,8890.94,0.25,106691.28,96733.43,9957.85,0.0933,2025-02
ORD00584,2025-02-13,Customer_0340,Data Logger,Data Solutions,West,Rohan,15,6667.27,0.2,80007.24,63005.7,17001.54,0.2125,2025-02
ORD04298,2025-02-13,Customer_0216,IoT Gateway,IoT Devices,West,Sneha,1,13927.12,0.0,13927.12,8356.27,5570.85,0.4,2025-02
ORD04499,2025-02-13,Customer_0316,Smart Meter,Energy Management,Central,Rohan,7,8432.72,0.0,59029.04,40139.75,18889.29,0.32,2025-02
ORD02417,2025-02-13,Customer_0263,Cloud Platform,Software,North,Kavya,13,35190.57,0.05,434603.54,137243.22,297360.32,0.6842,2025-02
ORD00311,2025-02-13,Customer_0084,Analytics License,Software,South,Meera,9,21945.31,0.0,197507.79,69127.73,128380.06,0.65,2025-02
ORD02363,2025-02-13,Customer_0024,IoT Gateway,IoT Devices,West,Sneha,9,16478.17,0.25,111227.65,88982.12,22245.53,0.2,2025-02
ORD04579,2025-02-13,Customer_0456,Data Logger,Data Solutions,Central,Priya,11,6124.45,0.05,64000.5,42442.44,21558.06,0.3368,2025-02
ORD02744,2025-02-13,Customer_0304,Advanced Meter,Energy Management,East,Arjun,1,11446.23,0.15,9729.3,7440.05,2289.25,0.2353,2025-02
ORD02072,2025-02-14,Customer_0297,Network Controller,Networking,East,Vikram,18,18745.65,0.15,286808.44,195704.59,91103.86,0.3176,2025-02
ORD04100,2025-02-14,Customer_0247,Smart Meter,Energy Management,South,Ananya,5,8590.59,0.2,34362.36,29208.01,5154.35,0.15,2025-02
ORD00424,2025-02-14,Customer_0157,Network Controller,Networking,South,Priya,4,19977.98,0.15,67925.13,46348.91,21576.22,0.3176,2025-02
ORD00752,2025-02-14,Customer_0391,Analytics License,Software,West,Meera,1,19975.17,0.05,18976.41,6991.31,11985.1,0.6316,2025-02
ORD01046,2025-02-14,Customer_0146,Energy Monitor,Energy Management,West,Meera,4,7197.41,0.1,25910.68,18425.37,7485.31,0.2889,2025-02
ORD00705,2025-02-14,Customer_0361,Network Controller,Networking,East,Rohan,6,18831.72,0.0,112990.32,65534.39,47455.93,0.42,2025-02
ORD02117,2025-02-14,Customer_0476,Energy Monitor,Energy Management,Central,Aarav,19,6949.54,0.0,132041.26,84506.41,47534.85,0.36,2025-02
ORD04178,2025-02-14,Customer_0065,IoT Gateway,IoT Devices,West,Vikram,8,16216.24,0.05,123243.42,77837.95,45405.47,0.3684,2025-02
ORD03326,2025-02-14,Customer_0394,Communication Module,IoT Devices,Central,Aarav,9,3962.41,0.15,30312.44,22110.25,8202.19,0.2706,2025-02
ORD02639,2025-02-14,Customer_0487,Smart Meter,Energy Management,Central,Aarav,7,9141.38,0.0,63989.66,43512.97,20476.69,0.32,2025-02
ORD04359,2025-02-14,Customer_0052,Energy Monitor,Energy Management,West,Rahul,13,7556.07,0.2,78583.13,62866.5,15716.63,0.2,2025-02
ORD03723,2025-02-14,Customer_0346,Energy Monitor,Energy Management,Central,Vikram,15,7744.69,0.0,116170.35,74349.02,41821.33,0.36,2025-02
ORD04872,2025-02-15,Customer_0217,Communication Module,IoT Devices,West,Priya,1,4235.73,0.2,3388.58,2626.15,762.43,0.225,2025-02
ORD03990,2025-02-15,Customer_0364,Smart Sensor,IoT Devices,South,Sneha,15,5203.66,0.0,78054.9,47613.49,30441.41,0.39,2025-02
ORD04022,2025-02-15,Customer_0472,Analytics License,Software,Central,Vikram,7,23993.6,0.15,142761.92,58784.32,83977.6,0.5882,2025-02
ORD04033,2025-02-15,Customer_0231,IoT Gateway,IoT Devices,East,Kavya,5,16011.69,0.25,60043.84,48035.07,12008.77,0.2,2025-02
ORD02488,2025-02-15,Customer_0105,Communication Module,IoT Devices,North,Kavya,14,4126.35,0.05,54880.46,35816.72,19063.74,0.3474,2025-02
ORD04761,2025-02-15,Customer_0118,Advanced Meter,Energy Management,West,Rahul,10,13652.4,0.0,136524.0,88740.6,47783.4,0.35,2025-02
ORD04125,2025-02-15,Customer_0278,Advanced Meter,Energy Management,North,Aarav,2,11619.39,0.0,23238.78,15105.21,8133.57,0.35,2025-02
ORD04796,2025-02-15,Customer_0062,Smart Sensor,IoT Devices,North,Priya,13,5559.06,0.05,68654.39,44083.35,24571.05,0.3579,2025-02
ORD01378,2025-02-15,Customer_0220,Energy Monitor,Energy Management,North,Rohan,8,6788.55,0.0,54308.4,34757.38,19551.02,0.36,2025-02
ORD04083,2025-02-15,Customer_0435,Cloud Platform,Software,South,Vikram,16,37222.12,0.15,506220.83,178666.18,327554.66,0.6471,2025-02
ORD01079,2025-02-16,Customer_0436,Analytics License,Software,West,Sneha,12,23610.5,0.05,269159.7,99164.1,169995.6,0.6316,2025-02
ORD01125,2025-02-16,Customer_0365,Cloud Platform,Software,South,Kavya,15,33213.01,0.0,498195.15,149458.55,348736.6,0.7,2025-02
ORD02175,2025-02-16,Customer_0259,Communication Module,IoT Devices,Central,Kavya,8,3880.21,0.0,31041.68,19245.84,11795.84,0.38,2025-02
ORD00170,2025-02-16,Customer_0241,Analytics License,Software,Central,Meera,17,22080.35,0.1,337829.36,131378.08,206451.27,0.6111,2025-02
ORD00613,2025-02-16,Customer_0412,Data Logger,Data Solutions,South,Ananya,20,6863.18,0.1,123537.24,86476.07,37061.17,0.3,2025-02
ORD02615,2025-02-16,Customer_0364,Data Logger,Data Solutions,Central,Meera,9,7283.27,0.2,52439.54,41296.14,11143.4,0.2125,2025-02
ORD00766,2025-02-16,Customer_0155,Energy Monitor,Energy Management,West,Arjun,11,6558.5,0.05,68536.32,46171.84,22364.48,0.3263,2025-02
ORD03123,2025-02-16,Customer_0084,Smart Sensor,IoT Devices,West,Kavya,4,5988.47,0.2,19163.1,14611.87,4551.24,0.2375,2025-02
ORD00839,2025-02-16,Customer_0430,Smart Sensor,IoT Devices,East,Priya,7,5512.2,0.1,34726.86,23537.09,11189.77,0.3222,2025-02
ORD02485,2025-02-16,Customer_0426,Communication Module,IoT Devices,East,Aarav,18,4471.1,0.2,64383.84,49897.48,14486.36,0.225,2025-02
ORD03905,2025-02-16,Customer_0426,Communication Module,IoT Devices,East,Sneha,17,4464.25,0.05,72097.64,47053.19,25044.44,0.3474,2025-02
ORD02011,2025-02-16,Customer_0064,IoT Gateway,IoT Devices,West,Priya,20,15902.08,0.1,286237.44,190824.96,95412.48,0.3333,2025-02
ORD01364,2025-02-16,Customer_0257,Cloud Platform,Software,Central,Arjun,20,32650.75,0.2,522412.0,195904.5,326507.5,0.625,2025-02
ORD00074,2025-02-16,Customer_0001,Advanced Meter,Energy Management,Central,Kavya,9,11792.02,0.05,100821.77,68983.32,31838.45,0.3158,2025-02
ORD01365,2025-02-16,Customer_0192,Network Controller,Networking,Central,Meera,7,18464.65,0.0,129252.55,74966.48,54286.07,0.42,2025-02
ORD00632,2025-02-16,Customer_0260,Smart Meter,Energy Management,West,Rahul,10,8995.49,0.15,76461.66,61169.33,15292.33,0.2,2025-02
ORD00455,2025-02-16,Customer_0213,Network Controller,Networking,Central,Ananya,4,20293.98,0.15,68999.53,47082.03,21917.5,0.3176,2025-02
ORD02501,2025-02-16,Customer_0441,Smart Sensor,IoT Devices,Central,Sneha,11,5310.0,0.15,49648.5,35630.1,14018.4,0.2824,2025-02
ORD02623,2025-02-16,Customer_0017,Smart Sensor,IoT Devices,West,Sneha,12,5886.68,0.15,60044.14,43090.5,16953.64,0.2824,2025-02
ORD04714,2025-02-17,Customer_0114,Smart Meter,Energy Management,South,Kavya,20,9065.02,0.0,181300.4,123284.27,58016.13,0.32,2025-02
ORD03698,2025-02-17,Customer_0358,Network Controller,Networking,East,Arjun,18,18419.93,0.15,281824.93,192304.07,89520.86,0.3176,2025-02
ORD02107,2025-02-17,Customer_0056,Data Logger,Data Solutions,Central,Aarav,1,7288.73,0.0,7288.73,4591.9,2696.83,0.37,2025-02
ORD02643,2025-02-17,Customer_0004,IoT Gateway,IoT Devices,West,Kavya,10,15512.39,0.1,139611.51,93074.34,46537.17,0.3333,2025-02
ORD02975,2025-02-17,Customer_0103,Analytics License,Software,West,Priya,18,23944.72,0.15,366354.22,150851.74,215502.48,0.5882,2025-02
ORD02377,2025-02-17,Customer_0144,Smart Sensor,IoT Devices,East,Meera,18,5024.44,0.25,67829.94,55168.35,12661.59,0.1867,2025-02
ORD00050,2025-02-17,Customer_0189,Analytics License,Software,Central,Kavya,8,23912.3,0.15,162603.64,66954.44,95649.2,0.5882,2025-02
ORD01134,2025-02-17,Customer_0060,Smart Sensor,IoT Devices,Central,Aarav,10,5912.51,0.05,56168.84,36066.31,20102.53,0.3579,2025-02
ORD02818,2025-02-17,Customer_0487,Communication Module,IoT Devices,East,Kavya,18,4166.99,0.2,60004.66,46503.61,13501.05,0.225,2025-02
ORD02498,2025-02-17,Customer_0384,Advanced Meter,Energy Management,East,Ananya,2,13455.21,0.1,24219.38,17491.77,6727.6,0.2778,2025-02
ORD03830,2025-02-17,Customer_0077,Network Controller,Networking,Central,Ananya,16,17123.45,0.1,246577.68,158905.62,87672.06,0.3556,2025-02
ORD00480,2025-02-17,Customer_0284,Communication Module,IoT Devices,North,Aarav,4,4368.96,0.15,14854.46,10835.02,4019.44,0.2706,2025-02
ORD04172,2025-02-17,Customer_0192,Network Controller,Networking,East,Priya,17,16872.04,0.15,243800.98,166358.31,77442.66,0.3176,2025-02
ORD04997,2025-02-17,Customer_0220,Data Logger,Data Solutions,Central,Meera,11,6694.5,0.15,62593.58,46392.89,16200.69,0.2588,2025-02
ORD03074,2025-02-18,Customer_0334,Communication Module,IoT Devices,East,Aarav,9,4301.74,0.05,36779.88,24003.71,12776.17,0.3474,2025-02
ORD01771,2025-02-18,Customer_0116,IoT Gateway,IoT Devices,South,Priya,14,15732.91,0.1,198234.67,132156.44,66078.22,0.3333,2025-02
ORD01243,2025-02-18,Customer_0463,Cloud Platform,Software,Central,Rahul,9,36802.28,0.15,281537.44,99366.16,182171.29,0.6471,2025-02
ORD01572,2025-02-18,Customer_0098,Smart Meter,Energy Management,Central,Rohan,4,7935.84,0.25,23807.52,21585.48,2222.04,0.0933,2025-02
ORD04355,2025-02-18,Customer_0308,Smart Sensor,IoT Devices,South,Arjun,9,5779.31,0.05,49413.1,31728.41,17684.69,0.3579,2025-02
ORD04135,2025-02-18,Customer_0290,IoT Gateway,IoT Devices,South,Arjun,5,14617.29,0.1,65777.81,43851.87,21925.94,0.3333,2025-02
ORD00771,2025-02-18,Customer_0200,Smart Meter,Energy Management,Central,Rohan,10,7756.26,0.1,69806.34,52742.57,17063.77,0.2444,2025-02
ORD01760,2025-02-18,Customer_0087,Smart Sensor,IoT Devices,Central,Ananya,8,6036.44,0.1,43462.37,29457.83,14004.54,0.3222,2025-02
ORD04590,2025-02-18,Customer_0475,Cloud Platform,Software,North,Rahul,14,36989.19,0.2,414278.93,155354.6,258924.33,0.625,2025-02
ORD03370,2025-02-18,Customer_0144,Advanced Meter,Energy Management,North,Aarav,16,13571.12,0.05,206281.02,141139.65,65141.38,0.3158,2025-02
ORD01139,2025-02-18,Customer_0043,Smart Meter,Energy Management,North,Priya,12,7772.37,0.05,88605.02,63422.54,25182.48,0.2842,2025-02
ORD01998,2025-02-18,Customer_0179,Smart Sensor,IoT Devices,North,Arjun,15,5931.05,0.25,66724.31,54269.11,12455.21,0.1867,2025-02
ORD04057,2025-02-18,Customer_0321,IoT Gateway,IoT Devices,North,Meera,6,15186.57,0.1,82007.48,54671.65,27335.83,0.3333,2025-02
ORD03596,2025-02-18,Customer_0350,Energy Monitor,Energy Management,East,Rohan,16,7258.43,0.05,110328.14,74326.32,36001.81,0.3263,2025-02
ORD03017,2025-02-18,Customer_0451,Smart Meter,Energy Management,East,Meera,3,8111.58,0.0,24334.74,16547.62,7787.12,0.32,2025-02
ORD03410,2025-02-18,Customer_0400,Advanced Meter,Energy Management,Central,Rohan,9,13125.09,0.1,106313.23,76781.78,29531.45,0.2778,2025-02
ORD00697,2025-02-19,Customer_0137,Cloud Platform,Software,Central,Vikram,16,35447.25,0.05,538798.2,170146.8,368651.4,0.6842,2025-02
ORD01507,2025-02-19,Customer_0276,IoT Gateway,IoT Devices,West,Rahul,13,13571.93,0.05,167613.34,105861.05,61752.28,0.3684,2025-02
ORD01715,2025-02-19,Customer_0341,Cloud Platform,Software,Central,Priya,4,37848.11,0.1,136253.2,45417.73,90835.46,0.6667,2025-02
ORD03043,2025-02-19,Customer_0283,Smart Meter,Energy Management,South,Meera,20,8811.9,0.15,149802.3,119841.84,29960.46,0.2,2025-02
ORD02625,2025-02-19,Customer_0127,Advanced Meter,Energy Management,Central,Arjun,17,13666.09,0.1,209091.18,151010.29,58080.88,0.2778,2025-02
ORD00960,2025-02-19,Customer_0483,Advanced Meter,Energy Management,East,Rahul,14,12468.44,0.15,148374.44,113462.8,34911.63,0.2353,2025-02
ORD03820,2025-02-20,Customer_0334,IoT Gateway,IoT Devices,South,Ananya,7,16064.96,0.1,101209.25,67472.83,33736.42,0.3333,2025-02
ORD04983,2025-02-20,Customer_0244,IoT Gateway,IoT Devices,North,Ananya,9,14621.08,0.05,125010.23,78953.83,46056.4,0.3684,2025-02
ORD02979,2025-02-20,Customer_0305,Energy Monitor,Energy Management,South,Aarav,4,7662.66,0.15,26053.04,19616.41,6436.63,0.2471,2025-02
ORD01032,2025-02-20,Customer_0227,Energy Monitor,Energy Management,South,Aarav,16,7235.28,0.15,98399.81,74089.27,24310.54,0.2471,2025-02
ORD03077,2025-02-20,Customer_0281,Data Logger,Data Solutions,North,Aarav,5,6585.86,0.2,26343.44,20745.46,5597.98,0.2125,2025-02
ORD03435,2025-02-20,Customer_0061,IoT Gateway,IoT Devices,East,Aarav,10,13813.09,0.1,124317.81,82878.54,41439.27,0.3333,2025-02
ORD01589,2025-02-20,Customer_0072,IoT Gateway,IoT Devices,East,Rohan,10,14782.21,0.25,110866.57,88693.26,22173.32,0.2,2025-02
ORD00136,2025-02-20,Customer_0291,Communication Module,IoT Devices,East,Sneha,1,4247.65,0.15,3610.5,2633.54,976.96,0.2706,2025-02
ORD00922,2025-02-20,Customer_0141,Analytics License,Software,Central,Vikram,16,21453.61,0.0,343257.76,120140.22,223117.54,0.65,2025-02
ORD00124,2025-02-20,Customer_0407,Analytics License,Software,North,Arjun,14,23911.21,0.2,267805.55,117164.93,150640.62,0.5625,2025-02
ORD02831,2025-02-20,Customer_0284,Cloud Platform,Software,West,Rahul,12,38293.89,0.0,459526.68,137858.0,321668.68,0.7,2025-02
ORD03096,2025-02-20,Customer_0384,Network Controller,Networking,East,Priya,17,16991.89,0.1,259975.92,167540.04,92435.88,0.3556,2025-02
ORD01403,2025-02-20,Customer_0084,Smart Sensor,IoT Devices,East,Meera,19,5908.7,0.1,101038.77,68481.83,32556.94,0.3222,2025-02
ORD04866,2025-02-20,Customer_0226,IoT Gateway,IoT Devices,North,Sneha,5,13602.09,0.1,61209.4,40806.27,20403.14,0.3333,2025-02
ORD03108,2025-02-20,Customer_0451,Smart Meter,Energy Management,East,Kavya,1,9181.77,0.2,7345.42,6243.6,1101.81,0.15,2025-02
ORD03293,2025-02-20,Customer_0012,Network Controller,Networking,East,Priya,2,20007.2,0.15,34012.24,23208.35,10803.89,0.3176,2025-02
ORD03296,2025-02-20,Customer_0288,Communication Module,IoT Devices,South,Ananya,1,4386.29,0.05,4166.98,2719.5,1447.48,0.3474,2025-02
ORD02292,2025-02-20,Customer_0428,Energy Monitor,Energy Management,East,Sneha,9,6765.92,0.1,54803.95,38971.7,15832.25,0.2889,2025-02
ORD00791,2025-02-20,Customer_0120,Smart Meter,Energy Management,Central,Ananya,18,7757.28,0.05,132649.49,94949.11,37700.38,0.2842,2025-02
ORD01105,2025-02-21,Customer_0319,Network Controller,Networking,Central,Priya,1,17120.28,0.1,15408.25,9929.76,5478.49,0.3556,2025-02
ORD02697,2025-02-21,Customer_0390,Data Logger,Data Solutions,South,Arjun,16,6746.99,0.1,97156.66,68009.66,29147.0,0.3,2025-02
ORD03461,2025-02-21,Customer_0096,Network Controller,Networking,North,Rahul,20,19688.23,0.2,315011.68,228383.47,86628.21,0.275,2025-02
ORD01803,2025-02-21,Customer_0090,Smart Sensor,IoT Devices,Central,Rahul,14,5495.08,0.1,69238.01,46927.98,22310.02,0.3222,2025-02
ORD03353,2025-02-21,Customer_0118,Smart Sensor,IoT Devices,East,Vikram,9,5239.47,0.15,40081.95,28764.69,11317.26,0.2824,2025-02
ORD04317,2025-02-21,Customer_0407,Cloud Platform,Software,South,Rahul,19,38004.33,0.05,685978.16,216624.68,469353.48,0.6842,2025-02
ORD02888,2025-02-21,Customer_0013,Cloud Platform,Software,West,Ananya,20,32471.89,0.2,519550.24,194831.34,324718.9,0.625,2025-02
ORD00653,2025-02-21,Customer_0211,Analytics License,Software,West,Ananya,15,22515.27,0.2,270183.24,118205.17,151978.07,0.5625,2025-02
ORD02544,2025-02-21,Customer_0026,Communication Module,IoT Devices,North,Meera,1,4274.0,0.15,3632.9,2649.88,983.02,0.2706,2025-02
ORD02913,2025-02-21,Customer_0251,IoT Gateway,IoT Devices,Central,Vikram,17,15000.19,0.2,204002.58,153001.94,51000.65,0.25,2025-02
ORD03695,2025-02-21,Customer_0187,Data Logger,Data Solutions,Central,Vikram,13,6365.81,0.05,78617.75,52135.98,26481.77,0.3368,2025-02
ORD03119,2025-02-21,Customer_0435,Data Logger,Data Solutions,South,Ananya,16,7029.78,0.1,101228.83,70860.18,30368.65,0.3,2025-02
ORD01804,2025-02-21,Customer_0152,Advanced Meter,Energy Management,Central,Arjun,14,11361.39,0.15,135200.54,103388.65,31811.89,0.2353,2025-02
ORD04389,2025-02-21,Customer_0227,IoT Gateway,IoT Devices,North,Arjun,10,15049.06,0.0,150490.6,90294.36,60196.24,0.4,2025-02
ORD04828,2025-02-21,Customer_0276,Network Controller,Networking,West,Ananya,16,20100.2,0.1,289442.88,186529.86,102913.02,0.3556,2025-02
ORD03992,2025-02-21,Customer_0475,Smart Sensor,IoT Devices,Central,Ananya,19,5290.13,0.05,95486.85,61312.61,34174.24,0.3579,2025-02
ORD04814,2025-02-21,Customer_0239,Data Logger,Data Solutions,East,Meera,6,6949.93,0.15,35444.64,26270.74,9173.91,0.2588,2025-02
ORD04165,2025-02-22,Customer_0042,Communication Module,IoT Devices,East,Rohan,18,3918.05,0.0,70524.9,43725.44,26799.46,0.38,2025-02
ORD01863,2025-02-22,Customer_0095,Smart Meter,Energy Management,North,Sneha,10,8068.37,0.15,68581.14,54864.92,13716.23,0.2,2025-02
ORD00911,2025-02-22,Customer_0298,Energy Monitor,Energy Management,West,Aarav,6,7626.8,0.1,41184.72,29286.91,11897.81,0.2889,2025-02
ORD04014,2025-02-22,Customer_0362,Smart Sensor,IoT Devices,Central,Rohan,16,5062.09,0.05,76943.77,49406.0,27537.77,0.3579,2025-02
ORD04797,2025-02-22,Customer_0357,Smart Sensor,IoT Devices,East,Aarav,18,5439.56,0.15,83225.27,59726.37,23498.9,0.2824,2025-02
ORD04399,2025-02-22,Customer_0349,Smart Sensor,IoT Devices,West,Aarav,10,5334.51,0.1,48010.59,32540.51,15470.08,0.3222,2025-02
ORD01458,2025-02-22,Customer_0168,Advanced Meter,Energy Management,South,Ananya,10,12703.42,0.15,107979.07,82572.23,25406.84,0.2353,2025-02
ORD00082,2025-02-22,Customer_0085,Data Logger,Data Solutions,North,Aarav,5,7149.63,0.1,32173.34,22521.33,9652.0,0.3,2025-02
ORD04368,2025-02-22,Customer_0342,IoT Gateway,IoT Devices,North,Meera,19,15781.59,0.1,269865.19,179910.13,89955.06,0.3333,2025-02
ORD01367,2025-02-22,Customer_0279,Smart Sensor,IoT Devices,Central,Meera,13,5429.43,0.1,63524.33,43055.38,20468.95,0.3222,2025-02
ORD01078,2025-02-22,Customer_0004,Communication Module,IoT Devices,East,Ananya,15,4098.86,0.15,52260.46,38119.4,14141.07,0.2706,2025-02
ORD00866,2025-02-22,Customer_0147,Advanced Meter,Energy Management,North,Kavya,15,12384.82,0.1,167195.07,120751.99,46443.08,0.2778,2025-02
ORD04847,2025-02-22,Customer_0343,Data Logger,Data Solutions,South,Sneha,14,6615.68,0.15,78726.59,58350.3,20376.29,0.2588,2025-02
ORD01107,2025-02-23,Customer_0105,Smart Sensor,IoT Devices,South,Meera,20,5294.02,0.1,95292.36,64587.04,30705.32,0.3222,2025-02
ORD03730,2025-02-23,Customer_0365,Advanced Meter,Energy Management,North,Vikram,4,12319.44,0.15,41886.1,32030.54,9855.55,0.2353,2025-02
ORD00402,2025-02-23,Customer_0178,Energy Monitor,Energy Management,West,Sneha,20,7397.41,0.1,133153.38,94686.85,38466.53,0.2889,2025-02
ORD00617,2025-02-23,Customer_0483,Smart Sensor,IoT Devices,Central,Meera,11,5412.0,0.0,59532.0,36314.52,23217.48,0.39,2025-02
ORD03555,2025-02-23,Customer_0368,Smart Sensor,IoT Devices,South,Vikram,15,5235.42,0.2,62825.04,47904.09,14920.95,0.2375,2025-02
ORD01954,2025-02-23,Customer_0011,Smart Sensor,IoT Devices,East,Rahul,10,5701.26,0.15,48460.71,34777.69,13683.02,0.2824,2025-02
ORD02595,2025-02-23,Customer_0430,Smart Sensor,IoT Devices,Central,Priya,12,5594.0,0.1,60415.2,40948.08,19467.12,0.3222,2025-02
ORD00008,2025-02-23,Customer_0402,Analytics License,Software,South,Priya,10,22297.88,0.0,222978.8,78042.58,144936.22,0.65,2025-02
ORD03536,2025-02-23,Customer_0022,IoT Gateway,IoT Devices,East,Sneha,17,14665.39,0.1,224380.47,149586.98,74793.49,0.3333,2025-02
ORD03588,2025-02-23,Customer_0186,Smart Meter,Energy Management,East,Meera,18,7966.42,0.05,136225.78,97508.98,38716.8,0.2842,2025-02
ORD02478,2025-02-23,Customer_0166,Smart Sensor,IoT Devices,West,Arjun,18,5550.87,0.05,94919.88,60948.55,33971.32,0.3579,2025-02
ORD04556,2025-02-23,Customer_0425,Smart Meter,Energy Management,Central,Aarav,20,8116.04,0.15,137972.68,110378.14,27594.54,0.2,2025-02
ORD03045,2025-02-24,Customer_0148,Network Controller,Networking,Central,Priya,14,19370.86,0.2,216953.63,157291.38,59662.25,0.275,2025-02
ORD02504,2025-02-24,Customer_0089,Smart Sensor,IoT Devices,West,Sneha,3,5321.69,0.25,11973.8,9738.69,2235.11,0.1867,2025-02
ORD01164,2025-02-24,Customer_0285,Analytics License,Software,Central,Kavya,19,22502.34,0.05,406167.24,149640.56,256526.68,0.6316,2025-02
ORD02549,2025-02-24,Customer_0060,IoT Gateway,IoT Devices,East,Rahul,14,15887.18,0.1,200178.47,133452.31,66726.16,0.3333,2025-02
ORD03280,2025-02-24,Customer_0068,Smart Meter,Energy Management,South,Sneha,12,7747.8,0.1,83676.24,63222.05,20454.19,0.2444,2025-02
ORD01420,2025-02-24,Customer_0188,Energy Monitor,Energy Management,West,Meera,20,6840.0,0.1,123120.0,87552.0,35568.0,0.2889,2025-02
ORD03189,2025-02-24,Customer_0285,Energy Monitor,Energy Management,East,Arjun,8,7828.88,0.1,56367.94,40083.87,16284.07,0.2889,2025-02
ORD03110,2025-02-24,Customer_0136,Network Controller,Networking,Central,Aarav,17,19009.79,0.15,274691.47,187436.53,87254.94,0.3176,2025-02
ORD04735,2025-02-24,Customer_0367,Smart Sensor,IoT Devices,South,Arjun,14,5853.24,0.2,65556.29,49986.67,15569.62,0.2375,2025-02
ORD04365,2025-02-24,Customer_0263,Advanced Meter,Energy Management,West,Aarav,18,13051.43,0.05,223179.45,152701.73,70477.72,0.3158,2025-02
ORD01612,2025-02-24,Customer_0025,Smart Meter,Energy Management,East,Arjun,20,7831.7,0.2,125307.2,106511.12,18796.08,0.15,2025-02
ORD02808,2025-02-24,Customer_0422,Energy Monitor,Energy Management,East,Ananya,8,6669.02,0.15,45349.34,34145.38,11203.95,0.2471,2025-02
ORD03543,2025-02-25,Customer_0491,Smart Meter,Energy Management,South,Arjun,9,9257.85,0.1,74988.59,56658.04,18330.54,0.2444,2025-02
ORD03614,2025-02-25,Customer_0440,Network Controller,Networking,Central,Kavya,8,17494.65,0.0,139957.2,81175.18,58782.02,0.42,2025-02
ORD01044,2025-02-25,Customer_0231,Smart Meter,Energy Management,West,Vikram,10,8150.99,0.1,73358.91,55426.73,17932.18,0.2444,2025-02
ORD03402,2025-02-25,Customer_0472,Analytics License,Software,Central,Aarav,14,21319.7,0.1,268628.22,104466.53,164161.69,0.6111,2025-02
ORD01131,2025-02-25,Customer_0265,IoT Gateway,IoT Devices,East,Kavya,15,16449.06,0.2,197388.72,148041.54,49347.18,0.25,2025-02
ORD01109,2025-02-25,Customer_0362,Data Logger,Data Solutions,Central,Rohan,12,7213.95,0.0,86567.4,54537.46,32029.94,0.37,2025-02
ORD01577,2025-02-25,Customer_0210,Advanced Meter,Energy Management,North,Rohan,6,12864.91,0.1,69470.51,50173.15,19297.36,0.2778,2025-02
ORD04658,2025-02-25,Customer_0153,Cloud Platform,Software,East,Arjun,14,37659.11,0.2,421782.03,158168.26,263613.77,0.625,2025-02
ORD02428,2025-02-25,Customer_0037,Analytics License,Software,East,Arjun,13,21684.74,0.1,253711.46,98665.57,155045.89,0.6111,2025-02
ORD02012,2025-02-25,Customer_0381,Analytics License,Software,West,Vikram,5,20049.11,0.05,95233.27,35085.94,60147.33,0.6316,2025-02
ORD00686,2025-02-25,Customer_0220,Communication Module,IoT Devices,North,Sneha,15,4127.49,0.15,52625.5,38385.66,14239.84,0.2706,2025-02
ORD01945,2025-02-25,Customer_0053,Analytics License,Software,West,Rohan,20,24165.56,0.15,410814.52,169158.92,241655.6,0.5882,2025-02
ORD03940,2025-02-25,Customer_0316,Cloud Platform,Software,North,Kavya,5,35870.31,0.05,170383.97,53805.46,116578.51,0.6842,2025-02
ORD02512,2025-02-25,Customer_0044,Smart Sensor,IoT Devices,South,Meera,14,5662.19,0.05,75307.13,48355.1,26952.02,0.3579,2025-02
ORD00591,2025-02-25,Customer_0059,Data Logger,Data Solutions,South,Aarav,13,6915.71,0.05,85409.02,56639.66,28769.35,0.3368,2025-02
ORD03943,2025-02-25,Customer_0063,Data Logger,Data Solutions,South,Ananya,16,6314.76,0.15,85880.74,63652.78,22227.96,0.2588,2025-02
ORD02670,2025-02-26,Customer_0472,Energy Monitor,Energy Management,Central,Aarav,18,6481.23,0.05,110829.03,74663.77,36165.26,0.3263,2025-02
ORD04985,2025-02-26,Customer_0338,Smart Sensor,IoT Devices,East,Rahul,20,5593.08,0.0,111861.6,68235.58,43626.02,0.39,2025-02
ORD00800,2025-02-26,Customer_0013,Advanced Meter,Energy Management,East,Rahul,16,12775.91,0.1,183973.1,132869.46,51103.64,0.2778,2025-02
ORD00746,2025-02-26,Customer_0385,Cloud Platform,Software,West,Arjun,12,31645.31,0.15,322782.16,113923.12,208859.05,0.6471,2025-02
ORD01155,2025-02-26,Customer_0045,Cloud Platform,Software,West,Aarav,17,32126.64,0.1,491537.59,163845.86,327691.73,0.6667,2025-02
ORD04899,2025-02-26,Customer_0047,Smart Sensor,IoT Devices,East,Meera,8,4989.38,0.1,35923.54,24348.17,11575.36,0.3222,2025-02
ORD04858,2025-02-26,Customer_0182,IoT Gateway,IoT Devices,West,Arjun,13,15332.62,0.1,179391.65,119594.44,59797.22,0.3333,2025-02
ORD02049,2025-02-26,Customer_0325,Energy Monitor,Energy Management,West,Kavya,5,7382.56,0.1,33221.52,23624.19,9597.33,0.2889,2025-02
ORD00154,2025-02-26,Customer_0216,Smart Sensor,IoT Devices,East,Ananya,17,5153.65,0.1,78850.84,53443.35,25407.49,0.3222,2025-02
ORD02405,2025-02-26,Customer_0188,Cloud Platform,Software,South,Ananya,2,31550.22,0.05,59945.42,18930.13,41015.29,0.6842,2025-02
ORD02617,2025-02-27,Customer_0014,Smart Meter,Energy Management,North,Rahul,16,9273.12,0.15,126114.43,100891.55,25222.89,0.2,2025-02
ORD02993,2025-02-27,Customer_0417,Analytics License,Software,North,Rahul,15,23712.49,0.05,337902.98,124490.57,213412.41,0.6316,2025-02
ORD01976,2025-02-27,Customer_0106,Energy Monitor,Energy Management,North,Meera,19,7535.41,0.0,143172.79,91630.59,51542.2,0.36,2025-02
ORD03363,2025-02-27,Customer_0302,Analytics License,Software,North,Vikram,9,22312.52,0.15,170690.78,70284.44,100406.34,0.5882,2025-02
ORD02737,2025-02-27,Customer_0319,Advanced Meter,Energy Management,West,Rahul,12,13094.54,0.1,141421.03,102137.41,39283.62,0.2778,2025-02
ORD02741,2025-02-27,Customer_0093,IoT Gateway,IoT Devices,North,Arjun,5,14007.0,0.1,63031.5,42021.0,21010.5,0.3333,2025-02
ORD01848,2025-02-27,Customer_0443,Data Logger,Data Solutions,North,Aarav,8,6165.23,0.05,46855.75,31072.76,15782.99,0.3368,2025-02
ORD00567,2025-02-27,Customer_0174,Energy Monitor,Energy Management,East,Meera,8,7805.87,0.0,62446.96,39966.05,22480.91,0.36,2025-02
ORD03246,2025-02-27,Customer_0046,Cloud Platform,Software,West,Sneha,4,32874.15,0.2,105197.28,39448.98,65748.3,0.625,2025-02
ORD02941,2025-02-27,Customer_0243,Communication Module,IoT Devices,South,Rohan,13,4146.2,0.0,53900.6,33418.37,20482.23,0.38,2025-02
ORD01483,2025-02-27,Customer_0432,Advanced Meter,Energy Management,North,Rahul,20,12157.83,0.2,194525.28,158051.79,36473.49,0.1875,2025-02
ORD01651,2025-02-27,Customer_0393,Advanced Meter,Energy Management,North,Priya,4,12659.51,0.05,48106.14,32914.73,15191.41,0.3158,2025-02
ORD03351,2025-02-27,Customer_0316,Analytics License,Software,Central,Kavya,7,22770.71,0.1,143455.47,55788.24,87667.23,0.6111,2025-02
ORD02770,2025-02-27,Customer_0490,Energy Monitor,Energy Management,West,Aarav,16,6681.6,0.05,101560.32,68419.58,33140.74,0.3263,2025-02
ORD01282,2025-02-28,Customer_0207,Smart Sensor,IoT Devices,Central,Rohan,15,5598.26,0.1,75576.51,51224.08,24352.43,0.3222,2025-02
ORD03563,2025-02-28,Customer_0118,Energy Monitor,Energy Management,Central,Rahul,19,6904.79,0.0,131191.01,83962.25,47228.76,0.36,2025-02
ORD03359,2025-02-28,Customer_0090,IoT Gateway,IoT Devices,North,Arjun,2,15609.94,0.15,26536.9,18731.93,7804.97,0.2941,2025-02
ORD04282,2025-02-28,Customer_0160,Advanced Meter,Energy Management,Central,Priya,18,11788.73,0.15,180367.57,137928.14,42439.43,0.2353,2025-02
ORD03744,2025-02-28,Customer_0202,Advanced Meter,Energy Management,West,Priya,6,12214.65,0.05,69623.5,47637.13,21986.37,0.3158,2025-02
ORD03486,2025-02-28,Customer_0357,Energy Monitor,Energy Management,East,Arjun,3,7065.04,0.0,21195.12,13564.88,7630.24,0.36,2025-02
ORD03871,2025-02-28,Customer_0341,Smart Sensor,IoT Devices,West,Arjun,13,6034.49,0.15,66681.11,47853.51,18827.61,0.2824,2025-02
ORD00542,2025-02-28,Customer_0020,Smart Meter,Energy Management,East,Ananya,11,8421.08,0.1,83368.69,62989.68,20379.01,0.2444,2025-02
ORD03107,2025-02-28,Customer_0337,IoT Gateway,IoT Devices,Central,Sneha,6,14209.93,0.2,68207.66,51155.75,17051.92,0.25,2025-02
ORD01553,2025-02-28,Customer_0199,Smart Sensor,IoT Devices,West,Priya,2,5975.74,0.15,10158.76,7290.4,2868.36,0.2824,2025-02
ORD01206,2025-02-28,Customer_0112,Smart Sensor,IoT Devices,West,Arjun,19,5681.8,0.0,107954.2,65852.06,42102.14,0.39,2025-02
ORD02629,2025-02-28,Customer_0483,Communication Module,IoT Devices,North,Vikram,20,3921.56,0.05,74509.64,48627.34,25882.3,0.3474,2025-02
ORD03428,2025-02-28,Customer_0447,Data Logger,Data Solutions,Central,Aarav,17,7401.92,0.15,106957.74,79274.56,27683.18,0.2588,2025-02
ORD02851,2025-02-28,Customer_0164,Energy Monitor,Energy Management,West,Vikram,15,7341.15,0.05,104611.39,70475.04,34136.35,0.3263,2025-02
ORD04760,2025-02-28,Customer_0230,Smart Meter,Energy Management,South,Aarav,16,7826.19,0.1,112697.14,85148.95,27548.19,0.2444,2025-02
ORD00959,2025-02-28,Customer_0123,Cloud Platform,Software,Central,Arjun,19,34764.62,0.1,594475.0,198158.33,396316.67,0.6667,2025-02
ORD03950,2025-03-01,Customer_0312,Advanced Meter,Energy Management,West,Aarav,6,11673.82,0.2,56034.34,45527.9,10506.44,0.1875,2025-03
ORD01492,2025-03-01,Customer_0074,Smart Sensor,IoT Devices,South,Ananya,4,5341.18,0.15,18160.01,13032.48,5127.53,0.2824,2025-03
ORD02699,2025-03-01,Customer_0293,Communication Module,IoT Devices,South,Aarav,2,3915.91,0.0,7831.82,4855.73,2976.09,0.38,2025-03
ORD03420,2025-03-01,Customer_0216,Data Logger,Data Solutions,North,Rahul,11,7364.54,0.1,72908.95,51036.26,21872.68,0.3,2025-03
ORD03135,2025-03-01,Customer_0301,Data Logger,Data Solutions,South,Rohan,2,6659.03,0.1,11986.25,8390.38,3595.88,0.3,2025-03
ORD02934,2025-03-01,Customer_0035,Analytics License,Software,South,Priya,19,23708.67,0.2,360371.78,157662.66,202709.13,0.5625,2025-03
ORD04170,2025-03-01,Customer_0341,Energy Monitor,Energy Management,South,Arjun,9,6843.27,0.1,55430.49,39417.24,16013.25,0.2889,2025-03
ORD03834,2025-03-01,Customer_0083,Communication Module,IoT Devices,Central,Arjun,3,4524.99,0.25,10181.23,8416.48,1764.75,0.1733,2025-03
ORD02122,2025-03-01,Customer_0049,Advanced Meter,Energy Management,West,Arjun,2,12093.89,0.1,21769.0,15722.06,6046.95,0.2778,2025-03
ORD01342,2025-03-01,Customer_0146,Smart Meter,Energy Management,West,Priya,11,8640.01,0.25,71280.08,64627.27,6652.81,0.0933,2025-03
ORD02134,2025-03-02,Customer_0494,Network Controller,Networking,South,Kavya,14,20189.15,0.15,240250.88,163935.9,76314.99,0.3176,2025-03
ORD00353,2025-03-02,Customer_0467,Smart Meter,Energy Management,West,Meera,12,8676.92,0.2,83298.43,70803.67,12494.76,0.15,2025-03
ORD03332,2025-03-02,Customer_0141,Smart Sensor,IoT Devices,North,Rohan,6,5996.45,0.05,34179.76,21947.01,12232.76,0.3579,2025-03
ORD04407,2025-03-02,Customer_0072,Advanced Meter,Energy Management,Central,Priya,15,13124.42,0.1,177179.67,127963.1,49216.57,0.2778,2025-03
ORD04090,2025-03-02,Customer_0072,IoT Gateway,IoT Devices,Central,Arjun,17,14388.94,0.15,207920.18,146767.19,61153.0,0.2941,2025-03
ORD01495,2025-03-02,Customer_0051,Advanced Meter,Energy Management,West,Meera,9,13184.84,0.2,94930.85,77131.31,17799.53,0.1875,2025-03
ORD03339,2025-03-02,Customer_0333,IoT Gateway,IoT Devices,South,Rahul,9,16222.94,0.25,109504.84,87603.88,21900.97,0.2,2025-03
ORD04933,2025-03-02,Customer_0262,IoT Gateway,IoT Devices,South,Sneha,4,13568.14,0.25,40704.42,32563.54,8140.88,0.2,2025-03
ORD01267,2025-03-02,Customer_0258,Network Controller,Networking,Central,Arjun,4,17514.35,0.15,59548.79,40633.29,18915.5,0.3176,2025-03
ORD03463,2025-03-02,Customer_0044,Advanced Meter,Energy Management,West,Kavya,16,12364.9,0.1,178054.56,128594.96,49459.6,0.2778,2025-03
ORD01019,2025-03-02,Customer_0363,Energy Monitor,Energy Management,Central,Rohan,7,7812.42,0.2,43749.55,34999.64,8749.91,0.2,2025-03
ORD02764,2025-03-02,Customer_0401,Data Logger,Data Solutions,North,Rahul,3,6956.29,0.05,19825.43,13147.39,6678.04,0.3368,2025-03
ORD03412,2025-03-02,Customer_0201,Communication Module,IoT Devices,Central,Rahul,11,4180.0,0.2,36784.0,28507.6,8276.4,0.225,2025-03
ORD04137,2025-03-03,Customer_0101,Advanced Meter,Energy Management,East,Rohan,20,13503.55,0.0,270071.0,175546.15,94524.85,0.35,2025-03
ORD00431,2025-03-03,Customer_0223,Analytics License,Software,East,Kavya,18,22206.18,0.05,379725.68,139898.93,239826.74,0.6316,2025-03
ORD02409,2025-03-03,Customer_0089,Cloud Platform,Software,North,Vikram,11,32802.93,0.05,342790.62,108249.67,234540.95,0.6842,2025-03
ORD00113,2025-03-03,Customer_0402,Smart Sensor,IoT Devices,East,Kavya,4,5297.82,0.1,19072.15,12926.68,6145.47,0.3222,2025-03
ORD01870,2025-03-03,Customer_0001,Analytics License,Software,East,Vikram,15,20788.96,0.2,249467.52,109142.04,140325.48,0.5625,2025-03
ORD04121,2025-03-03,Customer_0160,Smart Meter,Energy Management,West,Rohan,2,8663.96,0.2,13862.34,11782.99,2079.35,0.15,2025-03
ORD04909,2025-03-03,Customer_0320,Analytics License,Software,South,Sneha,9,22386.06,0.2,161179.63,70516.09,90663.54,0.5625,2025-03
ORD01418,2025-03-03,Customer_0108,Energy Monitor,Energy Management,South,Aarav,12,7899.83,0.2,75838.37,60670.69,15167.67,0.2,2025-03
ORD03653,2025-03-03,Customer_0190,Communication Module,IoT Devices,South,Sneha,8,4103.43,0.15,27903.32,20353.01,7550.31,0.2706,2025-03
ORD01171,2025-03-03,Customer_0329,Advanced Meter,Energy Management,East,Rahul,20,12623.17,0.15,214593.89,164101.21,50492.68,0.2353,2025-03
ORD02238,2025-03-03,Customer_0331,Smart Meter,Energy Management,Central,Priya,17,8658.98,0.05,139842.53,100097.81,39744.72,0.2842,2025-03
ORD04474,2025-03-03,Customer_0433,Energy Monitor,Energy Management,Central,Rahul,10,6912.68,0.25,51845.1,44241.15,7603.95,0.1467,2025-03
ORD04593,2025-03-03,Customer_0232,Communication Module,IoT Devices,North,Sneha,17,3891.5,0.0,66155.5,41016.41,25139.09,0.38,2025-03
ORD02614,2025-03-03,Customer_0201,IoT Gateway,IoT Devices,East,Rohan,11,16015.51,0.15,149745.02,105702.37,44042.65,0.2941,2025-03
ORD01750,2025-03-03,Customer_0476,Communication Module,IoT Devices,East,Kavya,5,4274.18,0.05,20302.36,13249.96,7052.4,0.3474,2025-03
ORD02285,2025-03-03,Customer_0195,Smart Meter,Energy Management,East,Ananya,20,8451.81,0.05,160584.39,114944.62,45639.77,0.2842,2025-03
ORD00045,2025-03-04,Customer_0054,Smart Sensor,IoT Devices,East,Arjun,17,4991.08,0.2,67878.69,51757.5,16121.19,0.2375,2025-03
ORD01097,2025-03-04,Customer_0011,Data Logger,Data Solutions,North,Priya,20,6481.79,0.1,116672.22,81670.55,35001.67,0.3,2025-03
ORD02588,2025-03-04,Customer_0307,Communication Module,IoT Devices,East,Ananya,11,4422.23,0.2,38915.62,30159.61,8756.02,0.225,2025-03
ORD04308,2025-03-04,Customer_0321,Cloud Platform,Software,North,Meera,12,33673.35,0.0,404080.2,121224.06,282856.14,0.7,2025-03
ORD02821,2025-03-04,Customer_0364,Smart Meter,Energy Management,East,Priya,8,8922.91,0.2,57106.62,48540.63,8565.99,0.15,2025-03
ORD01085,2025-03-04,Customer_0286,Smart Meter,Energy Management,East,Priya,11,8515.2,0.05,88983.84,63693.7,25290.14,0.2842,2025-03
ORD00016,2025-03-04,Customer_0388,Communication Module,IoT Devices,Central,Rohan,7,4179.31,0.1,26329.65,18138.21,8191.45,0.3111,2025-03
ORD04989,2025-03-04,Customer_0390,Analytics License,Software,East,Sneha,5,20967.7,0.2,83870.8,36693.47,47177.32,0.5625,2025-03
ORD04794,2025-03-04,Customer_0475,Network Controller,Networking,Central,Aarav,1,17678.55,0.05,16794.62,10253.56,6541.06,0.3895,2025-03
ORD04564,2025-03-04,Customer_0125,Energy Monitor,Energy Management,South,Priya,7,6509.68,0.1,41010.98,29163.37,11847.62,0.2889,2025-03
ORD04668,2025-03-04,Customer_0265,Advanced Meter,Energy Management,East,Vikram,14,12216.12,0.0,171025.68,111166.69,59858.99,0.35,2025-03
ORD02367,2025-03-04,Customer_0465,Cloud Platform,Software,East,Sneha,5,37156.1,0.05,176491.48,55734.15,120757.33,0.6842,2025-03
ORD01638,2025-03-04,Customer_0065,Smart Meter,Energy Management,Central,Ananya,13,8402.24,0.15,92844.75,74275.8,18568.95,0.2,2025-03
ORD00576,2025-03-04,Customer_0273,Communication Module,IoT Devices,East,Ananya,8,4563.89,0.05,34685.56,22636.89,12048.67,0.3474,2025-03
ORD04648,2025-03-04,Customer_0413,Network Controller,Networking,North,Aarav,17,19937.76,0.05,321994.82,196586.31,125408.51,0.3895,2025-03
ORD01838,2025-03-04,Customer_0419,Analytics License,Software,West,Kavya,19,20505.69,0.15,331166.89,136362.84,194804.06,0.5882,2025-03
ORD02025,2025-03-04,Customer_0330,Analytics License,Software,South,Rohan,20,24099.6,0.1,433792.8,168697.2,265095.6,0.6111,2025-03
ORD02104,2025-03-05,Customer_0228,IoT Gateway,IoT Devices,North,Meera,19,13749.65,0.2,208994.68,156746.01,52248.67,0.25,2025-03
ORD02149,2025-03-05,Customer_0366,Data Logger,Data Solutions,East,Kavya,15,6448.5,0.1,87054.75,60938.32,26116.43,0.3,2025-03
ORD02082,2025-03-05,Customer_0358,Smart Meter,Energy Management,East,Aarav,2,7923.22,0.15,13469.47,10775.58,2693.89,0.2,2025-03
ORD04911,2025-03-05,Customer_0251,Advanced Meter,Energy Management,South,Rahul,17,12079.52,0.0,205351.84,133478.7,71873.14,0.35,2025-03
ORD03814,2025-03-05,Customer_0078,Network Controller,Networking,South,Vikram,12,19764.87,0.25,177883.83,137563.5,40320.33,0.2267,2025-03
ORD04466,2025-03-05,Customer_0442,Energy Monitor,Energy Management,West,Aarav,20,7735.36,0.0,154707.2,99012.61,55694.59,0.36,2025-03
ORD01679,2025-03-05,Customer_0470,Advanced Meter,Energy Management,South,Meera,3,12043.86,0.1,32518.42,23485.53,9032.9,0.2778,2025-03
ORD04975,2025-03-05,Customer_0104,IoT Gateway,IoT Devices,South,Sneha,5,14520.71,0.15,61713.02,43562.13,18150.89,0.2941,2025-03
ORD04574,2025-03-05,Customer_0370,Data Logger,Data Solutions,West,Ananya,6,6793.72,0.05,38724.2,25680.26,13043.94,0.3368,2025-03
ORD04609,2025-03-05,Customer_0430,Smart Sensor,IoT Devices,East,Meera,3,5341.25,0.0,16023.75,9774.49,6249.26,0.39,2025-03
ORD00999,2025-03-05,Customer_0019,Smart Meter,Energy Management,Central,Vikram,18,9134.71,0.0,164424.78,111808.85,52615.93,0.32,2025-03
ORD04501,2025-03-05,Customer_0355,Analytics License,Software,West,Priya,9,22314.08,0.1,180744.05,70289.35,110454.7,0.6111,2025-03
ORD01187,2025-03-05,Customer_0169,Data Logger,Data Solutions,East,Rahul,13,7291.01,0.1,85304.82,59713.37,25591.45,0.3,2025-03
ORD04908,2025-03-05,Customer_0263,Analytics License,Software,South,Sneha,4,23036.41,0.0,92145.64,32250.97,59894.67,0.65,2025-03
ORD03593,2025-03-05,Customer_0038,Data Logger,Data Solutions,South,Meera,12,6503.65,0.15,66337.23,49167.59,17169.64,0.2588,2025-03
ORD03014,2025-03-05,Customer_0444,Smart Meter,Energy Management,South,Aarav,12,9265.17,0.15,94504.73,75603.79,18900.95,0.2,2025-03
ORD03608,2025-03-05,Customer_0292,Cloud Platform,Software,Central,Arjun,18,34740.82,0.1,562801.28,187600.43,375200.86,0.6667,2025-03
ORD03008,2025-03-05,Customer_0397,Smart Sensor,IoT Devices,North,Arjun,5,4983.6,0.0,24918.0,15199.98,9718.02,0.39,2025-03
ORD03735,2025-03-05,Customer_0463,Advanced Meter,Energy Management,West,Arjun,20,12783.43,0.05,242885.17,166184.59,76700.58,0.3158,2025-03
ORD00479,2025-03-06,Customer_0079,IoT Gateway,IoT Devices,East,Kavya,19,13817.72,0.05,249409.85,157522.01,91887.84,0.3684,2025-03
ORD01587,2025-03-06,Customer_0341,Advanced Meter,Energy Management,East,Sneha,4,12949.95,0.0,51799.8,33669.87,18129.93,0.35,2025-03
ORD04594,2025-03-06,Customer_0478,Cloud Platform,Software,North,Rahul,9,35266.03,0.2,253915.42,95218.28,158697.14,0.625,2025-03
ORD01304,2025-03-06,Customer_0466,Analytics License,Software,East,Priya,20,22832.67,0.15,388155.39,159828.69,228326.7,0.5882,2025-03
ORD04440,2025-03-06,Customer_0356,Analytics License,Software,Central,Vikram,13,20487.94,0.0,266343.22,93220.13,173123.09,0.65,2025-03
ORD02246,2025-03-06,Customer_0268,Data Logger,Data Solutions,Central,Sneha,6,6352.64,0.2,30492.67,24012.98,6479.69,0.2125,2025-03
ORD01490,2025-03-06,Customer_0146,Advanced Meter,Energy Management,North,Meera,12,12200.38,0.05,139084.33,95162.96,43921.37,0.3158,2025-03
ORD00555,2025-03-06,Customer_0184,Smart Meter,Energy Management,South,Vikram,10,9048.05,0.0,90480.5,61526.74,28953.76,0.32,2025-03
ORD04595,2025-03-06,Customer_0349,Data Logger,Data Solutions,North,Rahul,11,6931.7,0.1,68623.83,48036.68,20587.15,0.3,2025-03
ORD04938,2025-03-06,Customer_0141,Smart Meter,Energy Management,West,Sneha,3,7680.69,0.2,18433.66,15668.61,2765.05,0.15,2025-03
ORD01931,2025-03-06,Customer_0403,Cloud Platform,Software,East,Meera,18,35283.7,0.05,603351.27,190531.98,412819.29,0.6842,2025-03
ORD00805,2025-03-06,Customer_0421,Analytics License,Software,Central,Arjun,4,20793.47,0.15,70697.8,29110.86,41586.94,0.5882,2025-03
ORD03032,2025-03-06,Customer_0263,Smart Sensor,IoT Devices,South,Vikram,18,5834.72,0.2,84019.97,64065.23,19954.74,0.2375,2025-03
ORD02806,2025-03-06,Customer_0250,Smart Sensor,IoT Devices,East,Kavya,12,6002.25,0.25,54020.25,43936.47,10083.78,0.1867,2025-03
ORD02018,2025-03-06,Customer_0418,Analytics License,Software,East,Sneha,4,20540.99,0.15,69839.37,28757.39,41081.98,0.5882,2025-03
ORD02489,2025-03-07,Customer_0466,Cloud Platform,Software,South,Kavya,8,34588.04,0.2,221363.46,83011.3,138352.16,0.625,2025-03
ORD02147,2025-03-07,Customer_0287,Communication Module,IoT Devices,South,Sneha,16,4136.29,0.2,52944.51,41032.0,11912.52,0.225,2025-03
ORD04493,2025-03-07,Customer_0487,Analytics License,Software,Central,Ananya,5,22233.89,0.1,100052.5,38909.31,61143.2,0.6111,2025-03
ORD02842,2025-03-07,Customer_0246,Smart Sensor,IoT Devices,East,Rahul,15,5405.82,0.15,68924.2,49463.25,19460.95,0.2824,2025-03
ORD00323,2025-03-07,Customer_0500,Smart Meter,Energy Management,East,Kavya,3,9195.67,0.1,24828.31,18759.17,6069.14,0.2444,2025-03
ORD01259,2025-03-07,Customer_0335,Smart Sensor,IoT Devices,South,Meera,9,5224.95,0.15,39970.87,28684.98,11285.89,0.2824,2025-03
ORD03444,2025-03-07,Customer_0381,Advanced Meter,Energy Management,South,Rohan,10,13548.49,0.1,121936.41,88065.18,33871.23,0.2778,2025-03
ORD04174,2025-03-07,Customer_0359,Analytics License,Software,North,Priya,3,21637.97,0.1,58422.52,22719.87,35702.65,0.6111,2025-03
ORD03101,2025-03-07,Customer_0265,IoT Gateway,IoT Devices,Central,Meera,16,14821.4,0.15,201571.04,142285.44,59285.6,0.2941,2025-03
ORD01563,2025-03-08,Customer_0187,Smart Meter,Energy Management,Central,Rahul,14,8598.83,0.15,102326.08,81860.86,20465.22,0.2,2025-03
ORD02447,2025-03-08,Customer_0473,Network Controller,Networking,West,Sneha,19,20015.07,0.2,304229.06,220566.07,83662.99,0.275,2025-03
ORD01713,2025-03-08,Customer_0186,Cloud Platform,Software,Central,Kavya,3,38455.45,0.0,115366.35,34609.9,80756.44,0.7,2025-03
ORD04064,2025-03-08,Customer_0012,Advanced Meter,Energy Management,East,Kavya,5,11967.31,0.15,50861.07,38893.76,11967.31,0.2353,2025-03
ORD03514,2025-03-08,Customer_0212,Cloud Platform,Software,West,Arjun,15,35644.02,0.15,454461.25,160398.09,294063.16,0.6471,2025-03
ORD03249,2025-03-08,Customer_0301,Cloud Platform,Software,West,Meera,14,34705.12,0.1,437284.51,145761.5,291523.01,0.6667,2025-03
ORD00858,2025-03-08,Customer_0493,Advanced Meter,Energy Management,South,Kavya,8,11317.7,0.1,81487.44,58852.04,22635.4,0.2778,2025-03
ORD03217,2025-03-08,Customer_0376,Network Controller,Networking,Central,Rohan,7,17867.68,0.1,112566.38,72542.78,40023.6,0.3556,2025-03
ORD00582,2025-03-08,Customer_0360,Advanced Meter,Energy Management,South,Rahul,10,13511.92,0.15,114851.32,87827.48,27023.84,0.2353,2025-03
ORD02408,2025-03-08,Customer_0232,Communication Module,IoT Devices,South,Aarav,14,4524.28,0.1,57005.93,39270.75,17735.18,0.3111,2025-03
ORD01890,2025-03-08,Customer_0082,Smart Meter,Energy Management,South,Arjun,9,8672.32,0.25,58538.16,53074.6,5463.56,0.0933,2025-03
ORD02097,2025-03-08,Customer_0498,Advanced Meter,Energy Management,East,Aarav,14,12986.68,0.0,181813.52,118178.79,63634.73,0.35,2025-03
ORD00321,2025-03-09,Customer_0232,Smart Sensor,IoT Devices,Central,Kavya,14,5779.52,0.0,80913.28,49357.1,31556.18,0.39,2025-03
ORD02845,2025-03-09,Customer_0216,Analytics License,Software,Central,Ananya,17,22234.95,0.0,377994.15,132297.95,245696.2,0.65,2025-03
ORD02540,2025-03-09,Customer_0052,Energy Monitor,Energy Management,West,Meera,18,7232.1,0.1,117160.02,83313.79,33846.23,0.2889,2025-03
ORD02539,2025-03-09,Customer_0128,Network Controller,Networking,East,Aarav,16,19940.51,0.15,271190.94,185047.93,86143.0,0.3176,2025-03
ORD03234,2025-03-09,Customer_0438,Analytics License,Software,South,Arjun,14,19812.1,0.1,249632.46,97079.29,152553.17,0.6111,2025-03
ORD03021,2025-03-09,Customer_0161,Cloud Platform,Software,East,Meera,10,34714.4,0.25,260358.0,104143.2,156214.8,0.6,2025-03
ORD03742,2025-03-09,Customer_0378,Data Logger,Data Solutions,North,Rahul,10,6187.62,0.15,52594.77,38982.01,13612.76,0.2588,2025-03
ORD00843,2025-03-09,Customer_0185,Cloud Platform,Software,West,Meera,15,34204.01,0.1,461754.14,153918.05,307836.09,0.6667,2025-03
ORD04601,2025-03-09,Customer_0113,Data Logger,Data Solutions,North,Sneha,7,7238.15,0.15,43066.99,31920.24,11146.75,0.2588,2025-03
ORD04969,2025-03-09,Customer_0048,Cloud Platform,Software,North,Kavya,1,32675.22,0.15,27773.94,9802.57,17971.37,0.6471,2025-03
ORD01102,2025-03-09,Customer_0321,Cloud Platform,Software,West,Aarav,14,32021.0,0.1,403464.6,134488.2,268976.4,0.6667,2025-03
ORD03769,2025-03-09,Customer_0227,Energy Monitor,Energy Management,East,Ananya,11,7360.37,0.0,80964.07,51817.0,29147.07,0.36,2025-03
ORD04416,2025-03-09,Customer_0098,Analytics License,Software,North,Ananya,11,21961.02,0.05,229492.66,84549.93,144942.73,0.6316,2025-03
ORD01395,2025-03-09,Customer_0020,Smart Meter,Energy Management,North,Vikram,15,8117.46,0.0,121761.9,82798.09,38963.81,0.32,2025-03
ORD00099,2025-03-09,Customer_0111,Network Controller,Networking,West,Kavya,10,19569.93,0.1,176129.37,113505.59,62623.78,0.3556,2025-03
ORD01273,2025-03-09,Customer_0119,Smart Meter,Energy Management,West,Vikram,18,7988.12,0.05,136596.85,97774.59,38822.26,0.2842,2025-03
ORD03211,2025-03-10,Customer_0320,Analytics License,Software,Central,Sneha,7,23671.77,0.1,149132.15,57995.84,91136.31,0.6111,2025-03
ORD01753,2025-03-10,Customer_0315,Energy Monitor,Energy Management,West,Rohan,19,7662.34,0.1,131026.01,93174.05,37851.96,0.2889,2025-03
ORD01744,2025-03-10,Customer_0383,Advanced Meter,Energy Management,West,Kavya,6,13191.6,0.05,75192.12,51447.24,23744.88,0.3158,2025-03
ORD02300,2025-03-10,Customer_0412,Network Controller,Networking,South,Ananya,6,18932.53,0.15,96555.9,65885.2,30670.7,0.3176,2025-03
ORD01710,2025-03-10,Customer_0265,Network Controller,Networking,West,Vikram,6,19093.97,0.15,97379.25,66447.02,30932.23,0.3176,2025-03
ORD02531,2025-03-10,Customer_0049,Data Logger,Data Solutions,South,Priya,6,6365.9,0.15,32466.09,24063.1,8402.99,0.2588,2025-03
ORD00708,2025-03-10,Customer_0258,IoT Gateway,IoT Devices,Central,Sneha,5,15193.77,0.15,64573.52,45581.31,18992.21,0.2941,2025-03
ORD01979,2025-03-10,Customer_0031,Network Controller,Networking,East,Arjun,4,16726.74,0.0,66906.96,38806.04,28100.92,0.42,2025-03
ORD04043,2025-03-10,Customer_0335,Analytics License,Software,West,Rahul,20,23687.34,0.1,426372.12,165811.38,260560.74,0.6111,2025-03
ORD02222,2025-03-10,Customer_0091,Smart Meter,Energy Management,East,Kavya,3,8502.1,0.15,21680.36,17344.28,4336.07,0.2,2025-03
ORD00825,2025-03-10,Customer_0063,Smart Meter,Energy Management,East,Sneha,20,8680.02,0.1,156240.36,118048.27,38192.09,0.2444,2025-03
ORD00780,2025-03-10,Customer_0069,Cloud Platform,Software,Central,Arjun,11,33418.84,0.2,294085.79,110282.17,183803.62,0.625,2025-03
ORD01693,2025-03-10,Customer_0454,Smart Sensor,IoT Devices,West,Rahul,3,5444.7,0.1,14700.69,9963.8,4736.89,0.3222,2025-03
ORD02180,2025-03-10,Customer_0412,Analytics License,Software,South,Meera,5,21343.09,0.05,101379.68,37350.41,64029.27,0.6316,2025-03
ORD00496,2025-03-10,Customer_0312,IoT Gateway,IoT Devices,South,Rohan,1,14429.42,0.05,13707.95,8657.65,5050.3,0.3684,2025-03
ORD03959,2025-03-10,Customer_0472,Energy Monitor,Energy Management,South,Priya,19,7889.74,0.2,119924.05,95939.24,23984.81,0.2,2025-03
ORD03621,2025-03-10,Customer_0027,Smart Sensor,IoT Devices,West,Priya,11,5941.53,0.05,62088.99,39867.67,22221.32,0.3579,2025-03
ORD00379,2025-03-10,Customer_0365,IoT Gateway,IoT Devices,Central,Rohan,5,14933.64,0.1,67201.38,44800.92,22400.46,0.3333,2025-03
ORD00905,2025-03-10,Customer_0126,Data Logger,Data Solutions,East,Priya,13,7431.52,0.05,91779.27,60864.15,30915.12,0.3368,2025-03
ORD03812,2025-03-11,Customer_0377,Analytics License,Software,South,Meera,13,23382.03,0.1,273569.75,106388.24,167181.51,0.6111,2025-03
ORD02438,2025-03-11,Customer_0024,Energy Monitor,Energy Management,South,Kavya,10,6890.78,0.1,62017.02,44100.99,17916.03,0.2889,2025-03
ORD02014,2025-03-11,Customer_0241,IoT Gateway,IoT Devices,East,Rohan,6,13856.52,0.05,78982.16,49883.47,29098.69,0.3684,2025-03
ORD02093,2025-03-11,Customer_0424,Cloud Platform,Software,East,Rahul,11,32285.41,0.25,266354.63,106541.85,159812.78,0.6,2025-03
ORD04808,2025-03-11,Customer_0477,Smart Meter,Energy Management,Central,Kavya,2,7874.24,0.1,14173.63,10708.97,3464.67,0.2444,2025-03
ORD04884,2025-03-11,Customer_0145,Smart Sensor,IoT Devices,South,Rahul,7,5860.29,0.15,34868.73,25023.44,9845.29,0.2824,2025-03
ORD04229,2025-03-11,Customer_0103,Smart Sensor,IoT Devices,West,Priya,16,5231.42,0.1,75332.45,51058.66,24273.79,0.3222,2025-03
ORD03144,2025-03-11,Customer_0140,Analytics License,Software,North,Kavya,7,22666.98,0.1,142801.97,55534.1,87267.87,0.6111,2025-03
ORD00588,2025-03-11,Customer_0471,Energy Monitor,Energy Management,West,Priya,17,6545.16,0.05,105704.33,71211.34,34492.99,0.3263,2025-03
ORD04242,2025-03-11,Customer_0186,Analytics License,Software,North,Rohan,11,21504.03,0.1,212889.9,82790.52,130099.38,0.6111,2025-03
ORD03994,2025-03-11,Customer_0234,IoT Gateway,IoT Devices,East,Rahul,12,14945.17,0.1,161407.84,107605.22,53802.61,0.3333,2025-03
ORD00921,2025-03-11,Customer_0423,Smart Sensor,IoT Devices,West,Rahul,14,5318.95,0.25,55848.98,45423.83,10425.14,0.1867,2025-03
ORD01682,2025-03-11,Customer_0247,Smart Meter,Energy Management,South,Rahul,16,9260.19,0.1,133346.74,100750.87,32595.87,0.2444,2025-03
ORD03761,2025-03-11,Customer_0114,Communication Module,IoT Devices,South,Sneha,1,4059.01,0.1,3653.11,2516.59,1136.52,0.3111,2025-03
ORD01360,2025-03-12,Customer_0008,Network Controller,Networking,Central,Arjun,14,18097.04,0.0,253358.56,146947.96,106410.6,0.42,2025-03
ORD03288,2025-03-12,Customer_0177,Cloud Platform,Software,East,Sneha,16,36304.01,0.15,493734.54,174259.25,319475.29,0.6471,2025-03
ORD00549,2025-03-12,Customer_0050,Advanced Meter,Energy Management,South,Sneha,12,11670.3,0.1,126039.24,91028.34,35010.9,0.2778,2025-03
ORD04363,2025-03-12,Customer_0479,Advanced Meter,Energy Management,North,Rahul,18,12274.6,0.15,187801.38,143612.82,44188.56,0.2353,2025-03
ORD01794,2025-03-12,Customer_0228,Cloud Platform,Software,Central,Priya,4,37099.94,0.2,118719.81,44519.93,74199.88,0.625,2025-03
ORD00779,2025-03-12,Customer_0053,Energy Monitor,Energy Management,East,Arjun,16,7320.84,0.05,111276.77,74965.4,36311.37,0.3263,2025-03
ORD02230,2025-03-12,Customer_0424,Advanced Meter,Energy Management,North,Rahul,15,11929.24,0.1,161044.74,116310.09,44734.65,0.2778,2025-03
ORD02633,2025-03-12,Customer_0463,Smart Sensor,IoT Devices,North,Priya,4,5658.01,0.25,16974.03,13805.54,3168.49,0.1867,2025-03
ORD04496,2025-03-12,Customer_0146,Advanced Meter,Energy Management,West,Rohan,13,12289.8,0.15,135802.29,103848.81,31953.48,0.2353,2025-03
ORD03577,2025-03-12,Customer_0355,Data Logger,Data Solutions,South,Rahul,6,6300.73,0.1,34023.94,23816.76,10207.18,0.3,2025-03
ORD03737,2025-03-12,Customer_0492,Network Controller,Networking,South,Ananya,18,19463.54,0.15,297792.16,203199.36,94592.8,0.3176,2025-03
ORD02264,2025-03-12,Customer_0366,Communication Module,IoT Devices,West,Sneha,9,4427.9,0.1,35865.99,24707.68,11158.31,0.3111,2025-03
ORD01092,2025-03-12,Customer_0483,Data Logger,Data Solutions,Central,Rohan,19,6596.87,0.1,112806.48,78964.53,33841.94,0.3,2025-03
ORD00605,2025-03-12,Customer_0313,Energy Monitor,Energy Management,East,Meera,12,7799.65,0.15,79556.43,59901.31,19655.12,0.2471,2025-03
ORD01212,2025-03-12,Customer_0066,Data Logger,Data Solutions,West,Vikram,14,7340.33,0.1,92488.16,64741.71,27746.45,0.3,2025-03
ORD00648,2025-03-13,Customer_0075,Network Controller,Networking,East,Kavya,1,17815.2,0.0,17815.2,10332.82,7482.38,0.42,2025-03
ORD03229,2025-03-13,Customer_0046,IoT Gateway,IoT Devices,Central,Vikram,10,13672.78,0.05,129891.41,82036.68,47854.73,0.3684,2025-03
ORD01619,2025-03-13,Customer_0169,Data Logger,Data Solutions,North,Ananya,12,6189.64,0.15,63134.33,46793.68,16340.65,0.2588,2025-03
ORD02514,2025-03-13,Customer_0220,Data Logger,Data Solutions,West,Meera,1,6415.96,0.2,5132.77,4042.05,1090.71,0.2125,2025-03
ORD03137,2025-03-13,Customer_0380,Analytics License,Software,Central,Rohan,8,20612.66,0.2,131921.02,57715.45,74205.58,0.5625,2025-03
ORD00241,2025-03-13,Customer_0068,Smart Sensor,IoT Devices,South,Ananya,16,5562.3,0.05,84546.96,54288.05,30258.91,0.3579,2025-03
ORD04329,2025-03-13,Customer_0336,Communication Module,IoT Devices,Central,Aarav,15,4430.25,0.05,63131.06,41201.32,21929.74,0.3474,2025-03
ORD04455,2025-03-13,Customer_0205,Communication Module,IoT Devices,North,Ananya,20,3864.56,0.15,65697.52,47920.54,17776.98,0.2706,2025-03
ORD03069,2025-03-13,Customer_0281,Energy Monitor,Energy Management,East,Aarav,2,7774.07,0.15,13215.92,9950.81,3265.11,0.2471,2025-03
ORD03400,2025-03-13,Customer_0300,IoT Gateway,IoT Devices,East,Sneha,16,16041.2,0.2,205327.36,153995.52,51331.84,0.25,2025-03
ORD00573,2025-03-13,Customer_0190,Energy Monitor,Energy Management,East,Rohan,12,7026.84,0.2,67457.66,53966.13,13491.53,0.2,2025-03
ORD01366,2025-03-14,Customer_0362,Data Logger,Data Solutions,West,Sneha,14,7171.11,0.05,95375.76,63249.19,32126.57,0.3368,2025-03
ORD02735,2025-03-14,Customer_0410,Smart Sensor,IoT Devices,West,Arjun,5,5810.68,0.15,24695.39,17722.57,6972.82,0.2824,2025-03
ORD01115,2025-03-14,Customer_0210,IoT Gateway,IoT Devices,West,Rohan,5,15711.19,0.0,78555.95,47133.57,31422.38,0.4,2025-03
ORD01732,2025-03-14,Customer_0065,Analytics License,Software,South,Ananya,1,23769.58,0.1,21392.62,8319.35,13073.27,0.6111,2025-03
ORD01429,2025-03-14,Customer_0034,Smart Meter,Energy Management,North,Ananya,9,7843.71,0.15,60004.38,48003.51,12000.88,0.2,2025-03
ORD03224,2025-03-14,Customer_0493,Smart Sensor,IoT Devices,North,Aarav,17,5848.05,0.0,99416.85,60644.28,38772.57,0.39,2025-03
ORD01116,2025-03-14,Customer_0253,Communication Module,IoT Devices,Central,Rahul,6,4415.24,0.05,25166.87,16424.69,8742.18,0.3474,2025-03
ORD04737,2025-03-14,Customer_0068,Smart Meter,Energy Management,West,Arjun,1,8949.7,0.2,7159.76,6085.8,1073.96,0.15,2025-03
ORD03397,2025-03-14,Customer_0471,IoT Gateway,IoT Devices,East,Rohan,6,14425.15,0.1,77895.81,51930.54,25965.27,0.3333,2025-03
ORD04958,2025-03-14,Customer_0365,Cloud Platform,Software,West,Arjun,5,33606.64,0.0,168033.2,50409.96,117623.24,0.7,2025-03
ORD02050,2025-03-14,Customer_0005,Analytics License,Software,Central,Kavya,17,23619.04,0.2,321218.94,140533.29,180685.66,0.5625,2025-03
ORD04742,2025-03-14,Customer_0014,Communication Module,IoT Devices,East,Arjun,7,3846.05,0.2,21537.88,16691.86,4846.02,0.225,2025-03
ORD02927,2025-03-14,Customer_0068,Network Controller,Networking,West,Rahul,17,19897.38,0.15,287517.14,196188.17,91328.97,0.3176,2025-03
ORD02515,2025-03-14,Customer_0204,Smart Meter,Energy Management,West,Vikram,12,9105.45,0.2,87412.32,74300.47,13111.85,0.15,2025-03
ORD04362,2025-03-14,Customer_0475,Analytics License,Software,South,Vikram,7,23629.44,0.2,132324.86,57892.13,74432.74,0.5625,2025-03
ORD00896,2025-03-14,Customer_0176,Communication Module,IoT Devices,East,Aarav,14,4067.07,0.05,54092.03,35302.17,18789.86,0.3474,2025-03
ORD01504,2025-03-14,Customer_0216,Data Logger,Data Solutions,North,Meera,10,7303.74,0.1,65733.66,46013.56,19720.1,0.3,2025-03
ORD04625,2025-03-14,Customer_0094,Analytics License,Software,East,Vikram,5,21922.2,0.2,87688.8,38363.85,49324.95,0.5625,2025-03
ORD02988,2025-03-15,Customer_0132,Network Controller,Networking,Central,Priya,10,19793.62,0.15,168245.77,114803.0,53442.77,0.3176,2025-03
ORD00758,2025-03-15,Customer_0448,Smart Meter,Energy Management,West,Ananya,19,8053.72,0.05,145369.65,104054.06,41315.58,0.2842,2025-03
ORD00067,2025-03-15,Customer_0174,Network Controller,Networking,Central,Ananya,12,19857.41,0.2,190631.14,138207.57,52423.56,0.275,2025-03
ORD00307,2025-03-15,Customer_0126,Smart Meter,Energy Management,South,Rahul,5,8850.23,0.15,37613.48,30090.78,7522.7,0.2,2025-03
ORD03733,2025-03-15,Customer_0198,Advanced Meter,Energy Management,West,Priya,13,11938.05,0.2,124155.72,100876.52,23279.2,0.1875,2025-03
ORD02385,2025-03-15,Customer_0292,Cloud Platform,Software,North,Aarav,14,35231.98,0.1,443922.95,147974.32,295948.63,0.6667,2025-03
ORD03557,2025-03-15,Customer_0395,Communication Module,IoT Devices,South,Kavya,13,4249.31,0.0,55241.03,34249.44,20991.59,0.38,2025-03
ORD04024,2025-03-15,Customer_0172,Network Controller,Networking,South,Rahul,7,18629.35,0.1,117364.9,75635.16,41729.74,0.3556,2025-03
ORD03545,2025-03-15,Customer_0132,IoT Gateway,IoT Devices,West,Kavya,19,14232.48,0.2,216333.7,162250.27,54083.42,0.25,2025-03
ORD04195,2025-03-15,Customer_0068,Network Controller,Networking,Central,Meera,11,18730.27,0.05,195731.32,119499.12,76232.2,0.3895,2025-03
ORD00438,2025-03-15,Customer_0426,Data Logger,Data Solutions,East,Arjun,4,6605.56,0.2,21137.79,16646.01,4491.78,0.2125,2025-03
ORD00182,2025-03-15,Customer_0060,Analytics License,Software,Central,Kavya,9,24037.16,0.05,205517.72,75717.05,129800.66,0.6316,2025-03
ORD03610,2025-03-15,Customer_0037,Advanced Meter,Energy Management,North,Aarav,9,11644.27,0.05,99558.51,68118.98,31439.53,0.3158,2025-03
ORD04144,2025-03-15,Customer_0087,Cloud Platform,Software,North,Aarav,12,35964.84,0.15,366841.37,129473.42,237367.94,0.6471,2025-03
ORD02708,2025-03-15,Customer_0046,Advanced Meter,Energy Management,South,Vikram,18,13428.86,0.15,205461.56,157117.66,48343.9,0.2353,2025-03
ORD04844,2025-03-15,Customer_0498,Communication Module,IoT Devices,South,Sneha,17,4605.39,0.1,70462.47,48540.81,21921.66,0.3111,2025-03
ORD02608,2025-03-15,Customer_0028,Energy Monitor,Energy Management,South,Vikram,7,6686.52,0.05,44465.36,29955.61,14509.75,0.3263,2025-03
ORD02635,2025-03-15,Customer_0022,Communication Module,IoT Devices,West,Rahul,2,4355.74,0.1,7840.33,5401.12,2439.21,0.3111,2025-03
ORD00614,2025-03-15,Customer_0094,Network Controller,Networking,North,Vikram,14,19329.66,0.15,230022.95,156956.84,73066.11,0.3176,2025-03
ORD00387,2025-03-16,Customer_0411,Analytics License,Software,East,Vikram,1,22275.93,0.1,20048.34,7796.58,12251.76,0.6111,2025-03
ORD00334,2025-03-16,Customer_0108,Smart Sensor,IoT Devices,East,Rahul,16,5584.97,0.15,75955.59,54509.31,21446.28,0.2824,2025-03
ORD00539,2025-03-16,Customer_0345,Cloud Platform,Software,North,Kavya,12,35002.52,0.15,357025.7,126009.07,231016.63,0.6471,2025-03
ORD00396,2025-03-16,Customer_0461,Analytics License,Software,Central,Priya,3,22216.17,0.15,56651.23,23326.98,33324.25,0.5882,2025-03
ORD01887,2025-03-16,Customer_0103,IoT Gateway,IoT Devices,South,Rahul,6,15970.35,0.05,91031.0,57493.26,33537.73,0.3684,2025-03
ORD01912,2025-03-16,Customer_0036,Energy Monitor,Energy Management,West,Kavya,16,7182.45,0.25,86189.4,73548.29,12641.11,0.1467,2025-03
ORD00032,2025-03-16,Customer_0340,IoT Gateway,IoT Devices,East,Vikram,17,13984.89,0.2,190194.5,142645.88,47548.63,0.25,2025-03
ORD00660,2025-03-16,Customer_0348,IoT Gateway,IoT Devices,North,Rohan,17,15528.32,0.05,250782.37,158388.86,92393.5,0.3684,2025-03
ORD04720,2025-03-16,Customer_0444,Smart Meter,Energy Management,South,Arjun,6,7951.52,0.05,45323.66,32442.2,12881.46,0.2842,2025-03
ORD04775,2025-03-16,Customer_0433,Analytics License,Software,Central,Vikram,1,20195.2,0.2,16156.16,7068.32,9087.84,0.5625,2025-03
ORD04877,2025-03-16,Customer_0068,Data Logger,Data Solutions,South,Priya,10,6320.53,0.1,56884.77,39819.34,17065.43,0.3,2025-03
ORD00086,2025-03-16,Customer_0226,Advanced Meter,Energy Management,South,Priya,19,13507.88,0.15,218152.26,166822.32,51329.94,0.2353,2025-03
ORD03631,2025-03-16,Customer_0372,Analytics License,Software,North,Sneha,1,22683.88,0.1,20415.49,7939.36,12476.13,0.6111,2025-03
ORD02111,2025-03-16,Customer_0251,Communication Module,IoT Devices,East,Priya,16,4231.78,0.15,57552.21,41979.26,15572.95,0.2706,2025-03
ORD02532,2025-03-16,Customer_0111,IoT Gateway,IoT Devices,Central,Aarav,9,13906.63,0.2,100127.74,75095.8,25031.93,0.25,2025-03
ORD04040,2025-03-16,Customer_0007,Smart Meter,Energy Management,Central,Kavya,15,9069.92,0.2,108839.04,92513.18,16325.86,0.15,2025-03
ORD03716,2025-03-16,Customer_0076,Smart Meter,Energy Management,West,Vikram,18,8999.28,0.0,161987.04,110151.19,51835.85,0.32,2025-03
ORD04567,2025-03-17,Customer_0450,Analytics License,Software,West,Meera,4,23048.31,0.05,87583.58,32267.63,55315.94,0.6316,2025-03
ORD00224,2025-03-17,Customer_0001,Energy Monitor,Energy Management,East,Arjun,8,7625.53,0.2,48803.39,39042.71,9760.68,0.2,2025-03
ORD03295,2025-03-17,Customer_0129,Cloud Platform,Software,Central,Priya,19,36147.91,0.05,652469.78,206043.09,446426.69,0.6842,2025-03
ORD04392,2025-03-17,Customer_0383,Analytics License,Software,North,Aarav,2,20072.8,0.1,36131.04,14050.96,22080.08,0.6111,2025-03
ORD02327,2025-03-17,Customer_0263,IoT Gateway,IoT Devices,North,Vikram,9,15880.03,0.15,121482.23,85752.16,35730.07,0.2941,2025-03
ORD00111,2025-03-17,Customer_0406,Network Controller,Networking,West,Ananya,3,16896.04,0.15,43084.9,29399.11,13685.79,0.3176,2025-03
ORD00051,2025-03-17,Customer_0285,Cloud Platform,Software,West,Arjun,16,32610.53,0.0,521768.48,156530.54,365237.94,0.7,2025-03
ORD00446,2025-03-17,Customer_0303,Communication Module,IoT Devices,South,Ananya,19,4017.3,0.1,68695.83,47323.79,21372.04,0.3111,2025-03
ORD02284,2025-03-17,Customer_0094,Smart Sensor,IoT Devices,Central,Aarav,10,5592.79,0.1,50335.11,34116.02,16219.09,0.3222,2025-03
ORD03118,2025-03-17,Customer_0031,IoT Gateway,IoT Devices,East,Vikram,17,15732.24,0.25,200586.06,160468.85,40117.21,0.2,2025-03
ORD01255,2025-03-17,Customer_0012,Energy Monitor,Energy Management,Central,Aarav,19,6732.97,0.25,95944.82,81872.92,14071.91,0.1467,2025-03
ORD00229,2025-03-17,Customer_0093,Smart Meter,Energy Management,North,Aarav,7,8607.85,0.1,54229.46,40973.37,13256.09,0.2444,2025-03
ORD01329,2025-03-17,Customer_0286,Advanced Meter,Energy Management,East,Ananya,1,12714.63,0.15,10807.44,8264.51,2542.93,0.2353,2025-03
ORD03239,2025-03-17,Customer_0178,Advanced Meter,Energy Management,Central,Sneha,15,13531.7,0.15,172529.18,131934.08,40595.1,0.2353,2025-03
ORD02833,2025-03-17,Customer_0328,IoT Gateway,IoT Devices,North,Rahul,18,15504.87,0.15,237224.51,167452.6,69771.92,0.2941,2025-03
ORD00500,2025-03-17,Customer_0214,Smart Meter,Energy Management,North,Arjun,16,8922.2,0.1,128479.68,97073.54,31406.14,0.2444,2025-03
ORD04319,2025-03-18,Customer_0012,Network Controller,Networking,West,Kavya,6,19500.97,0.15,99454.95,67863.38,31591.57,0.3176,2025-03
ORD00628,2025-03-18,Customer_0068,Advanced Meter,Energy Management,East,Meera,10,12361.32,0.1,111251.88,80348.58,30903.3,0.2778,2025-03
ORD00198,2025-03-18,Customer_0166,Network Controller,Networking,South,Meera,20,17973.86,0.05,341503.34,208496.78,133006.56,0.3895,2025-03
ORD01602,2025-03-18,Customer_0023,Network Controller,Networking,West,Kavya,1,17050.06,0.1,15345.05,9889.03,5456.02,0.3556,2025-03
ORD02178,2025-03-18,Customer_0111,Cloud Platform,Software,South,Aarav,12,38371.27,0.2,368364.19,138136.57,230227.62,0.625,2025-03
ORD00237,2025-03-18,Customer_0263,Advanced Meter,Energy Management,West,Meera,4,13307.94,0.1,47908.58,34600.64,13307.94,0.2778,2025-03
ORD04627,2025-03-18,Customer_0167,Analytics License,Software,North,Arjun,5,20404.13,0.15,86717.55,35707.23,51010.32,0.5882,2025-03
ORD04235,2025-03-18,Customer_0293,Network Controller,Networking,Central,Ananya,9,18835.48,0.15,144091.42,98321.21,45770.22,0.3176,2025-03
ORD02550,2025-03-18,Customer_0281,Energy Monitor,Energy Management,Central,Meera,18,6863.15,0.1,111183.03,79063.49,32119.54,0.2889,2025-03
ORD03906,2025-03-18,Customer_0094,Communication Module,IoT Devices,North,Rohan,20,4423.93,0.0,88478.6,54856.73,33621.87,0.38,2025-03
ORD03221,2025-03-18,Customer_0096,Cloud Platform,Software,West,Sneha,7,35035.2,0.1,220721.76,73573.92,147147.84,0.6667,2025-03
ORD03782,2025-03-19,Customer_0453,IoT Gateway,IoT Devices,Central,Arjun,15,16153.39,0.0,242300.85,145380.51,96920.34,0.4,2025-03
ORD04111,2025-03-19,Customer_0353,Analytics License,Software,East,Arjun,13,23658.6,0.15,261427.53,107646.63,153780.9,0.5882,2025-03
ORD02309,2025-03-19,Customer_0163,Data Logger,Data Solutions,Central,Arjun,7,6919.59,0.2,38749.7,30515.39,8234.31,0.2125,2025-03
ORD03912,2025-03-19,Customer_0118,IoT Gateway,IoT Devices,East,Vikram,14,15502.69,0.0,217037.66,130222.6,86815.06,0.4,2025-03
ORD04134,2025-03-19,Customer_0022,IoT Gateway,IoT Devices,West,Rohan,7,16172.43,0.15,96225.96,67924.21,28301.75,0.2941,2025-03
ORD03120,2025-03-19,Customer_0193,Advanced Meter,Energy Management,West,Priya,16,11983.53,0.15,162976.01,124628.71,38347.3,0.2353,2025-03
ORD02858,2025-03-19,Customer_0426,Smart Sensor,IoT Devices,West,Vikram,7,5662.53,0.15,33692.05,24179.0,9513.05,0.2824,2025-03
ORD00132,2025-03-19,Customer_0476,Smart Meter,Energy Management,North,Priya,19,8420.59,0.1,143992.09,108794.02,35198.07,0.2444,2025-03
ORD00245,2025-03-19,Customer_0258,Network Controller,Networking,East,Rohan,13,18849.56,0.1,220539.85,142125.68,78414.17,0.3556,2025-03
ORD04931,2025-03-19,Customer_0313,Analytics License,Software,East,Sneha,10,20557.28,0.0,205572.8,71950.48,133622.32,0.65,2025-03
ORD02364,2025-03-19,Customer_0291,Energy Monitor,Energy Management,East,Rohan,16,7675.08,0.2,98241.02,78592.82,19648.2,0.2,2025-03
ORD00961,2025-03-19,Customer_0171,Data Logger,Data Solutions,East,Kavya,11,6164.16,0.15,57634.9,42717.63,14917.27,0.2588,2025-03
ORD01484,2025-03-19,Customer_0467,Network Controller,Networking,West,Rohan,9,16775.02,0.1,135877.66,87565.6,48312.06,0.3556,2025-03
ORD03194,2025-03-19,Customer_0314,Network Controller,Networking,West,Ananya,10,17141.92,0.0,171419.2,99423.14,71996.06,0.42,2025-03
ORD01791,2025-03-19,Customer_0143,Smart Meter,Energy Management,West,Kavya,1,9345.83,0.05,8878.54,6355.16,2523.37,0.2842,2025-03
ORD01692,2025-03-19,Customer_0465,Advanced Meter,Energy Management,West,Priya,16,12430.49,0.15,169054.66,129277.1,39777.57,0.2353,2025-03
ORD03800,2025-03-20,Customer_0089,Cloud Platform,Software,North,Ananya,15,38333.89,0.1,517507.52,172502.5,345005.01,0.6667,2025-03
ORD02807,2025-03-20,Customer_0445,IoT Gateway,IoT Devices,Central,Meera,20,13592.26,0.2,217476.16,163107.12,54369.04,0.25,2025-03
ORD02394,2025-03-20,Customer_0399,Data Logger,Data Solutions,West,Kavya,8,6260.69,0.05,47581.24,31553.88,16027.37,0.3368,2025-03
ORD00739,2025-03-20,Customer_0250,Smart Sensor,IoT Devices,South,Meera,18,5902.64,0.0,106247.52,64810.99,41436.53,0.39,2025-03
ORD04734,2025-03-20,Customer_0075,Analytics License,Software,West,Ananya,3,22755.49,0.0,68266.47,23893.26,44373.21,0.65,2025-03
ORD02015,2025-03-20,Customer_0361,Smart Sensor,IoT Devices,Central,Ananya,17,5932.45,0.05,95809.07,61519.51,34289.56,0.3579,2025-03
ORD00755,2025-03-20,Customer_0169,Communication Module,IoT Devices,North,Rohan,3,3941.29,0.0,11823.87,7330.8,4493.07,0.38,2025-03
ORD04830,2025-03-20,Customer_0017,Energy Monitor,Energy Management,Central,Sneha,19,6959.58,0.15,112397.22,84628.49,27768.72,0.2471,2025-03
ORD00528,2025-03-20,Customer_0176,Communication Module,IoT Devices,North,Ananya,5,4309.23,0.2,17236.92,13358.61,3878.31,0.225,2025-03
ORD04907,2025-03-20,Customer_0214,Smart Meter,Energy Management,West,Kavya,6,7842.36,0.1,42348.74,31996.83,10351.92,0.2444,2025-03
ORD04304,2025-03-20,Customer_0425,Communication Module,IoT Devices,East,Rohan,5,3850.9,0.1,17329.05,11937.79,5391.26,0.3111,2025-03
ORD04912,2025-03-20,Customer_0208,Analytics License,Software,East,Ananya,13,21407.26,0.1,250464.94,97403.03,153061.91,0.6111,2025-03
ORD04853,2025-03-20,Customer_0197,Analytics License,Software,West,Meera,9,22715.04,0.0,204435.36,71552.38,132882.98,0.65,2025-03
ORD04953,2025-03-20,Customer_0472,Data Logger,Data Solutions,Central,Arjun,17,6361.68,0.2,86518.85,68133.59,18385.26,0.2125,2025-03
ORD03471,2025-03-21,Customer_0133,Smart Meter,Energy Management,West,Ananya,16,8751.91,0.1,126027.5,95220.78,30806.72,0.2444,2025-03
ORD01786,2025-03-21,Customer_0451,Smart Sensor,IoT Devices,West,Vikram,6,5893.35,0.0,35360.1,21569.66,13790.44,0.39,2025-03
ORD03098,2025-03-21,Customer_0005,Cloud Platform,Software,North,Rahul,15,37244.62,0.2,446935.44,167600.79,279334.65,0.625,2025-03
ORD03941,2025-03-21,Customer_0279,Smart Sensor,IoT Devices,East,Vikram,3,5961.83,0.1,16096.94,10910.15,5186.79,0.3222,2025-03
ORD03854,2025-03-21,Customer_0389,Communication Module,IoT Devices,North,Rahul,2,4591.26,0.0,9182.52,5693.16,3489.36,0.38,2025-03
ORD03457,2025-03-21,Customer_0116,Network Controller,Networking,North,Vikram,2,19261.25,0.1,34670.25,22343.05,12327.2,0.3556,2025-03
ORD02358,2025-03-21,Customer_0385,Advanced Meter,Energy Management,East,Arjun,7,11639.32,0.15,69253.95,52958.91,16295.05,0.2353,2025-03
ORD01943,2025-03-21,Customer_0376,Analytics License,Software,South,Rahul,2,20085.0,0.15,34144.5,14059.5,20085.0,0.5882,2025-03
ORD02398,2025-03-21,Customer_0492,Energy Monitor,Energy Management,West,Vikram,14,7721.72,0.05,102698.88,69186.61,33512.26,0.3263,2025-03
ORD03688,2025-03-21,Customer_0046,Data Logger,Data Solutions,West,Meera,14,6331.3,0.15,75342.47,55842.07,19500.4,0.2588,2025-03
ORD01539,2025-03-21,Customer_0063,Communication Module,IoT Devices,Central,Ananya,13,4528.68,0.2,47098.27,36501.16,10597.11,0.225,2025-03
ORD03395,2025-03-21,Customer_0254,Energy Monitor,Energy Management,Central,Meera,12,6500.13,0.0,78001.56,49921.0,28080.56,0.36,2025-03
ORD02500,2025-03-21,Customer_0390,Data Logger,Data Solutions,Central,Priya,5,6315.3,0.1,28418.85,19893.19,8525.66,0.3,2025-03
ORD02583,2025-03-22,Customer_0057,Energy Monitor,Energy Management,South,Aarav,6,7295.98,0.05,41587.09,28016.56,13570.52,0.3263,2025-03
ORD03917,2025-03-22,Customer_0459,Network Controller,Networking,West,Kavya,9,20031.15,0.2,144224.28,104562.6,39661.68,0.275,2025-03
ORD00437,2025-03-22,Customer_0086,Cloud Platform,Software,West,Vikram,20,35455.6,0.15,602745.2,212733.6,390011.6,0.6471,2025-03
ORD03247,2025-03-22,Customer_0102,Cloud Platform,Software,South,Rohan,1,33208.98,0.2,26567.18,9962.69,16604.49,0.625,2025-03
ORD01978,2025-03-22,Customer_0384,Analytics License,Software,South,Vikram,19,20048.06,0.1,342821.83,133319.6,209502.23,0.6111,2025-03
ORD03113,2025-03-22,Customer_0438,Advanced Meter,Energy Management,West,Vikram,2,12101.17,0.0,24202.34,15731.52,8470.82,0.35,2025-03
ORD04551,2025-03-22,Customer_0383,Network Controller,Networking,North,Rahul,14,17282.34,0.05,229855.12,140332.6,89522.52,0.3895,2025-03
ORD00155,2025-03-22,Customer_0025,Data Logger,Data Solutions,South,Vikram,5,7061.5,0.2,28246.0,22243.72,6002.28,0.2125,2025-03
ORD01930,2025-03-22,Customer_0317,Energy Monitor,Energy Management,North,Rahul,5,7251.16,0.05,34443.01,23203.71,11239.3,0.3263,2025-03
ORD01235,2025-03-22,Customer_0245,Communication Module,IoT Devices,North,Sneha,4,4312.11,0.0,17248.44,10694.03,6554.41,0.38,2025-03
ORD03715,2025-03-23,Customer_0459,Advanced Meter,Energy Management,East,Rahul,15,13680.54,0.05,194947.7,133385.27,61562.43,0.3158,2025-03
ORD04186,2025-03-23,Customer_0319,Analytics License,Software,South,Sneha,1,21772.23,0.2,17417.78,7620.28,9797.5,0.5625,2025-03
ORD00078,2025-03-23,Customer_0450,Analytics License,Software,South,Ananya,19,22993.17,0.15,371339.7,152904.58,218435.12,0.5882,2025-03
ORD01845,2025-03-23,Customer_0459,IoT Gateway,IoT Devices,North,Aarav,13,14721.99,0.1,172247.28,114831.52,57415.76,0.3333,2025-03
ORD01253,2025-03-23,Customer_0263,Data Logger,Data Solutions,North,Aarav,15,7224.17,0.1,97526.3,68268.41,29257.89,0.3,2025-03
ORD03977,2025-03-23,Customer_0146,Communication Module,IoT Devices,East,Meera,1,4313.94,0.15,3666.85,2674.64,992.21,0.2706,2025-03
ORD02723,2025-03-23,Customer_0330,Smart Sensor,IoT Devices,North,Priya,20,5872.33,0.05,111574.27,71642.43,39931.84,0.3579,2025-03
ORD00840,2025-03-23,Customer_0162,Cloud Platform,Software,West,Priya,12,34650.77,0.2,332647.39,124742.77,207904.62,0.625,2025-03
ORD03322,2025-03-23,Customer_0426,Network Controller,Networking,West,Vikram,6,20343.91,0.05,115960.29,70796.81,45163.48,0.3895,2025-03
ORD01606,2025-03-23,Customer_0309,Smart Sensor,IoT Devices,East,Ananya,9,5953.97,0.05,50906.44,32687.3,18219.15,0.3579,2025-03
ORD03507,2025-03-23,Customer_0388,Smart Sensor,IoT Devices,North,Rahul,13,5535.03,0.1,64759.85,43892.79,20867.06,0.3222,2025-03
ORD04071,2025-03-23,Customer_0115,Energy Monitor,Energy Management,North,Aarav,5,7797.66,0.1,35089.47,24952.51,10136.96,0.2889,2025-03
ORD01919,2025-03-23,Customer_0428,Cloud Platform,Software,North,Rohan,1,38399.44,0.2,30719.55,11519.83,19199.72,0.625,2025-03
ORD03132,2025-03-23,Customer_0467,IoT Gateway,IoT Devices,South,Vikram,10,14149.57,0.0,141495.7,84897.42,56598.28,0.4,2025-03
ORD01918,2025-03-23,Customer_0328,Data Logger,Data Solutions,West,Rahul,8,7438.32,0.0,59506.56,37489.13,22017.43,0.37,2025-03
ORD00714,2025-03-23,Customer_0467,Communication Module,IoT Devices,East,Rahul,11,4321.98,0.15,40410.51,29475.9,10934.61,0.2706,2025-03
ORD00729,2025-03-23,Customer_0253,Advanced Meter,Energy Management,North,Kavya,7,13449.79,0.1,84733.68,61196.54,23537.13,0.2778,2025-03
ORD04401,2025-03-23,Customer_0028,Data Logger,Data Solutions,North,Priya,6,7015.28,0.1,37882.51,26517.76,11364.75,0.3,2025-03
ORD04578,2025-03-23,Customer_0492,Analytics License,Software,North,Priya,16,22317.22,0.15,303514.19,124976.43,178537.76,0.5882,2025-03
ORD03808,2025-03-23,Customer_0252,Smart Sensor,IoT Devices,Central,Aarav,20,5761.45,0.1,103706.1,70289.69,33416.41,0.3222,2025-03
ORD01114,2025-03-24,Customer_0482,IoT Gateway,IoT Devices,East,Kavya,1,14217.78,0.05,13506.89,8530.67,4976.22,0.3684,2025-03
ORD02249,2025-03-24,Customer_0188,Network Controller,Networking,South,Rahul,3,16833.46,0.1,45450.34,29290.22,16160.12,0.3556,2025-03
ORD04131,2025-03-24,Customer_0348,Energy Monitor,Energy Management,East,Priya,20,7897.02,0.05,150043.38,101081.86,48961.52,0.3263,2025-03
ORD04930,2025-03-24,Customer_0263,Smart Sensor,IoT Devices,South,Rohan,6,5649.73,0.1,30508.54,20678.01,9830.53,0.3222,2025-03
ORD04886,2025-03-24,Customer_0377,Communication Module,IoT Devices,South,Ananya,11,3889.03,0.1,38501.4,26523.18,11978.21,0.3111,2025-03
ORD04603,2025-03-24,Customer_0255,Advanced Meter,Energy Management,West,Rohan,14,12173.88,0.1,153390.89,110782.31,42608.58,0.2778,2025-03
ORD03937,2025-03-24,Customer_0149,IoT Gateway,IoT Devices,West,Vikram,16,13527.07,0.25,162324.84,129859.87,32464.97,0.2,2025-03
ORD02915,2025-03-24,Customer_0259,Network Controller,Networking,North,Meera,3,18311.66,0.15,46694.73,31862.29,14832.44,0.3176,2025-03
ORD04130,2025-03-24,Customer_0184,IoT Gateway,IoT Devices,West,Meera,5,15125.1,0.15,64281.68,45375.3,18906.38,0.2941,2025-03
ORD04482,2025-03-24,Customer_0217,Analytics License,Software,East,Kavya,1,21384.08,0.15,18176.47,7484.43,10692.04,0.5882,2025-03
ORD02766,2025-03-24,Customer_0303,Smart Sensor,IoT Devices,East,Sneha,20,5263.27,0.0,105265.4,64211.89,41053.51,0.39,2025-03
ORD04216,2025-03-25,Customer_0006,Energy Monitor,Energy Management,Central,Arjun,19,6884.27,0.1,117721.02,83712.72,34008.29,0.2889,2025-03
ORD01916,2025-03-25,Customer_0378,Advanced Meter,Energy Management,South,Rohan,9,12307.18,0.15,94149.93,71997.0,22152.92,0.2353,2025-03
ORD01844,2025-03-25,Customer_0319,Communication Module,IoT Devices,Central,Meera,15,4463.82,0.05,63609.43,41513.53,22095.91,0.3474,2025-03
ORD02930,2025-03-25,Customer_0423,Data Logger,Data Solutions,North,Meera,20,6489.09,0.15,110314.53,81762.53,28552.0,0.2588,2025-03
ORD04655,2025-03-25,Customer_0411,Energy Monitor,Energy Management,West,Aarav,2,7478.39,0.15,12713.26,9572.34,3140.92,0.2471,2025-03
ORD00796,2025-03-25,Customer_0402,Advanced Meter,Energy Management,Central,Arjun,3,13402.0,0.05,38195.7,26133.9,12061.8,0.3158,2025-03
ORD00870,2025-03-25,Customer_0126,Analytics License,Software,West,Meera,3,20735.72,0.0,62207.16,21772.51,40434.65,0.65,2025-03
ORD00109,2025-03-25,Customer_0265,Advanced Meter,Energy Management,East,Ananya,1,11597.06,0.0,11597.06,7538.09,4058.97,0.35,2025-03
ORD00212,2025-03-25,Customer_0345,Cloud Platform,Software,North,Priya,2,32166.83,0.15,54683.61,19300.1,35383.51,0.6471,2025-03
ORD00550,2025-03-25,Customer_0072,Data Logger,Data Solutions,West,Ananya,3,7460.01,0.05,21261.03,14099.42,7161.61,0.3368,2025-03
ORD01648,2025-03-25,Customer_0386,Analytics License,Software,North,Sneha,1,21466.93,0.2,17173.54,7513.43,9660.12,0.5625,2025-03
ORD01662,2025-03-25,Customer_0339,Smart Meter,Energy Management,West,Rohan,7,7673.77,0.15,45658.93,36527.15,9131.79,0.2,2025-03
ORD01680,2025-03-25,Customer_0061,Network Controller,Networking,Central,Ananya,10,17924.42,0.15,152357.57,103961.64,48395.93,0.3176,2025-03
ORD00239,2025-03-25,Customer_0172,IoT Gateway,IoT Devices,Central,Meera,4,13761.12,0.2,44035.58,33026.69,11008.9,0.25,2025-03
ORD02949,2025-03-25,Customer_0367,Data Logger,Data Solutions,East,Rahul,1,6802.04,0.05,6461.94,4285.29,2176.65,0.3368,2025-03
ORD03487,2025-03-25,Customer_0481,Data Logger,Data Solutions,Central,Priya,20,7435.4,0.0,148708.0,93686.04,55021.96,0.37,2025-03
ORD02578,2025-03-26,Customer_0184,IoT Gateway,IoT Devices,East,Rahul,9,15066.0,0.15,115254.9,81356.4,33898.5,0.2941,2025-03
ORD00995,2025-03-26,Customer_0363,Cloud Platform,Software,Central,Vikram,13,37293.27,0.25,363609.38,145443.75,218165.63,0.6,2025-03
ORD00502,2025-03-26,Customer_0094,Energy Monitor,Energy Management,North,Aarav,2,7245.92,0.15,12318.06,9274.78,3043.29,0.2471,2025-03
ORD03609,2025-03-26,Customer_0081,Analytics License,Software,East,Vikram,10,21983.13,0.2,175865.04,76940.96,98924.09,0.5625,2025-03
ORD01148,2025-03-26,Customer_0400,Analytics License,Software,East,Priya,9,22348.17,0.05,191076.85,70396.74,120680.12,0.6316,2025-03
ORD00872,2025-03-26,Customer_0387,IoT Gateway,IoT Devices,South,Arjun,17,14514.69,0.2,197399.78,148049.84,49349.95,0.25,2025-03
ORD04270,2025-03-26,Customer_0049,IoT Gateway,IoT Devices,South,Kavya,14,16450.86,0.05,218796.44,138187.22,80609.21,0.3684,2025-03
ORD01588,2025-03-26,Customer_0299,Data Logger,Data Solutions,East,Ananya,19,6452.98,0.15,104215.63,77242.17,26973.46,0.2588,2025-03
ORD01266,2025-03-26,Customer_0447,Cloud Platform,Software,Central,Meera,11,38394.65,0.0,422341.15,126702.35,295638.81,0.7,2025-03
ORD03483,2025-03-27,Customer_0284,Data Logger,Data Solutions,North,Aarav,10,6388.19,0.15,54299.61,40245.6,14054.02,0.2588,2025-03
ORD00317,2025-03-27,Customer_0198,Network Controller,Networking,South,Aarav,17,18661.09,0.0,317238.53,183998.35,133240.18,0.42,2025-03
ORD01738,2025-03-27,Customer_0112,Analytics License,Software,South,Aarav,14,20071.39,0.05,266949.49,98349.81,168599.68,0.6316,2025-03
ORD03324,2025-03-27,Customer_0382,Data Logger,Data Solutions,West,Meera,9,7000.02,0.05,59850.17,39690.11,20160.06,0.3368,2025-03
ORD01221,2025-03-27,Customer_0291,Data Logger,Data Solutions,South,Rahul,17,6760.67,0.1,103438.25,72406.78,31031.48,0.3,2025-03
ORD04744,2025-03-27,Customer_0391,Communication Module,IoT Devices,East,Aarav,9,4563.54,0.1,36964.67,25464.55,11500.12,0.3111,2025-03
ORD02905,2025-03-27,Customer_0213,Analytics License,Software,North,Rahul,11,22808.43,0.15,213258.82,87812.46,125446.36,0.5882,2025-03
ORD03918,2025-03-28,Customer_0252,Smart Meter,Energy Management,East,Kavya,18,7692.93,0.05,131549.1,94161.46,37387.64,0.2842,2025-03
ORD00863,2025-03-28,Customer_0098,Advanced Meter,Energy Management,West,Priya,1,11508.04,0.1,10357.24,7480.23,2877.01,0.2778,2025-03
ORD03739,2025-03-28,Customer_0460,Advanced Meter,Energy Management,North,Rahul,3,11793.87,0.05,33612.53,22998.05,10614.48,0.3158,2025-03
ORD04279,2025-03-28,Customer_0119,Smart Meter,Energy Management,Central,Vikram,4,8225.91,0.0,32903.64,22374.48,10529.16,0.32,2025-03
ORD02794,2025-03-28,Customer_0113,Communication Module,IoT Devices,West,Sneha,15,3787.64,0.1,51133.14,35225.05,15908.09,0.3111,2025-03
ORD00832,2025-03-28,Customer_0211,Smart Meter,Energy Management,South,Meera,9,7660.51,0.2,55155.67,46882.32,8273.35,0.15,2025-03
ORD00585,2025-03-28,Customer_0089,IoT Gateway,IoT Devices,South,Rahul,16,15573.17,0.05,236712.18,149502.43,87209.75,0.3684,2025-03
ORD02453,2025-03-28,Customer_0186,Smart Meter,Energy Management,East,Vikram,8,8582.4,0.05,65226.24,46688.26,18537.98,0.2842,2025-03
ORD03303,2025-03-28,Customer_0412,Smart Sensor,IoT Devices,South,Sneha,13,5985.14,0.05,73916.48,47462.16,26454.32,0.3579,2025-03
ORD03928,2025-03-28,Customer_0100,Cloud Platform,Software,East,Priya,5,36903.83,0.2,147615.32,55355.75,92259.58,0.625,2025-03
ORD02505,2025-03-28,Customer_0223,Data Logger,Data Solutions,East,Sneha,16,7429.74,0.2,95100.67,74891.78,20208.89,0.2125,2025-03
ORD00279,2025-03-28,Customer_0483,Energy Monitor,Energy Management,North,Arjun,11,7429.01,0.2,65375.29,52300.23,13075.06,0.2,2025-03
ORD03903,2025-03-28,Customer_0111,Cloud Platform,Software,South,Kavya,19,36748.22,0.25,523662.14,209464.85,314197.28,0.6,2025-03
ORD02656,2025-03-28,Customer_0042,Smart Meter,Energy Management,Central,Priya,8,8920.05,0.05,67792.38,48525.07,19267.31,0.2842,2025-03
ORD04857,2025-03-28,Customer_0449,Energy Monitor,Energy Management,West,Rohan,18,6794.56,0.1,110071.87,78273.33,31798.54,0.2889,2025-03
ORD02045,2025-03-28,Customer_0324,Smart Sensor,IoT Devices,West,Arjun,16,5788.17,0.05,87980.18,56492.54,31487.64,0.3579,2025-03
ORD04106,2025-03-28,Customer_0313,Communication Module,IoT Devices,Central,Meera,5,4144.86,0.1,18651.87,12849.07,5802.8,0.3111,2025-03
ORD04153,2025-03-28,Customer_0065,Cloud Platform,Software,West,Priya,17,37401.55,0.0,635826.35,190747.91,445078.45,0.7,2025-03
ORD01317,2025-03-29,Customer_0173,Communication Module,IoT Devices,North,Kavya,1,3951.17,0.15,3358.49,2449.73,908.77,0.2706,2025-03
ORD03208,2025-03-29,Customer_0039,Network Controller,Networking,East,Vikram,10,19482.0,0.0,194820.0,112995.6,81824.4,0.42,2025-03
ORD00849,2025-03-29,Customer_0480,Cloud Platform,Software,South,Vikram,17,33398.0,0.15,482601.1,170329.8,312271.3,0.6471,2025-03
ORD03651,2025-03-29,Customer_0247,Smart Meter,Energy Management,North,Priya,3,9103.83,0.1,24580.34,18571.81,6008.53,0.2444,2025-03
ORD02470,2025-03-29,Customer_0376,Data Logger,Data Solutions,North,Meera,2,7045.16,0.2,11272.26,8876.9,2395.35,0.2125,2025-03
ORD02005,2025-03-29,Customer_0498,Advanced Meter,Energy Management,West,Kavya,19,11499.72,0.1,196645.21,142021.54,54623.67,0.2778,2025-03
ORD02693,2025-03-29,Customer_0357,Advanced Meter,Energy Management,West,Kavya,10,11725.88,0.05,111395.86,76218.22,35177.64,0.3158,2025-03
ORD04190,2025-03-29,Customer_0012,Advanced Meter,Energy Management,East,Sneha,15,11726.07,0.05,167096.5,114329.18,52767.31,0.3158,2025-03
ORD00290,2025-03-29,Customer_0189,Communication Module,IoT Devices,North,Ananya,12,4395.55,0.1,47471.94,32702.89,14769.05,0.3111,2025-03
ORD04338,2025-03-29,Customer_0039,Data Logger,Data Solutions,South,Aarav,20,7061.48,0.1,127106.64,88974.65,38131.99,0.3,2025-03
ORD04644,2025-03-30,Customer_0335,Energy Monitor,Energy Management,West,Sneha,10,6828.65,0.0,68286.5,43703.36,24583.14,0.36,2025-03
ORD01142,2025-03-30,Customer_0074,Smart Meter,Energy Management,Central,Meera,15,7765.62,0.05,110660.08,79209.32,31450.76,0.2842,2025-03
ORD01394,2025-03-30,Customer_0166,Smart Sensor,IoT Devices,East,Rohan,17,5601.11,0.15,80936.04,58083.51,22852.53,0.2824,2025-03
ORD00172,2025-03-30,Customer_0267,Energy Monitor,Energy Management,North,Ananya,9,7768.69,0.2,55934.57,44747.65,11186.91,0.2,2025-03
ORD01025,2025-03-30,Customer_0228,Data Logger,Data Solutions,North,Arjun,7,6127.98,0.0,42895.86,27024.39,15871.47,0.37,2025-03
ORD00556,2025-03-30,Customer_0401,Analytics License,Software,South,Rohan,16,22207.85,0.25,266494.2,124363.96,142130.24,0.5333,2025-03
ORD00466,2025-03-30,Customer_0002,Smart Sensor,IoT Devices,East,Vikram,20,5694.87,0.15,96812.79,69477.41,27335.38,0.2824,2025-03
ORD04504,2025-03-30,Customer_0225,Analytics License,Software,East,Aarav,16,21074.4,0.15,286611.84,118016.64,168595.2,0.5882,2025-03
ORD02239,2025-03-30,Customer_0448,Energy Monitor,Energy Management,West,Vikram,7,7640.8,0.1,48137.04,34230.78,13906.26,0.2889,2025-03
ORD03587,2025-03-30,Customer_0373,Network Controller,Networking,East,Meera,12,17846.3,0.1,192740.04,124210.25,68529.79,0.3556,2025-03
ORD00798,2025-03-30,Customer_0350,Energy Monitor,Energy Management,East,Meera,4,7701.38,0.15,26184.69,19715.53,6469.16,0.2471,2025-03
ORD02691,2025-03-30,Customer_0067,Cloud Platform,Software,Central,Meera,18,35759.44,0.2,514935.94,193100.98,321834.96,0.625,2025-03
ORD01137,2025-03-30,Customer_0234,Energy Monitor,Energy Management,East,Aarav,1,7189.61,0.05,6830.13,4601.35,2228.78,0.3263,2025-03
ORD00356,2025-03-31,Customer_0318,Smart Meter,Energy Management,South,Kavya,7,9014.4,0.1,56790.72,42908.54,13882.18,0.2444,2025-03
ORD03919,2025-03-31,Customer_0415,Cloud Platform,Software,East,Sneha,14,37677.87,0.25,395617.64,158247.05,237370.58,0.6,2025-03
ORD03978,2025-03-31,Customer_0410,Network Controller,Networking,West,Rohan,17,19459.76,0.1,297734.33,191873.23,105861.09,0.3556,2025-03
ORD01980,2025-03-31,Customer_0344,Communication Module,IoT Devices,East,Ananya,18,3965.88,0.05,67816.55,44259.22,23557.33,0.3474,2025-03
ORD04538,2025-03-31,Customer_0473,Smart Meter,Energy Management,West,Sneha,14,7732.83,0.1,97433.66,73616.54,23817.12,0.2444,2025-03
ORD01000,2025-03-31,Customer_0079,IoT Gateway,IoT Devices,North,Rohan,12,14115.66,0.05,160918.52,101632.75,59285.77,0.3684,2025-03
ORD02971,2025-03-31,Customer_0470,Advanced Meter,Energy Management,West,Rahul,10,11700.12,0.1,105301.08,76050.78,29250.3,0.2778,2025-03
ORD00698,2025-03-31,Customer_0343,Data Logger,Data Solutions,West,Arjun,8,6949.75,0.1,50038.2,35026.74,15011.46,0.3,2025-03
ORD01747,2025-03-31,Customer_0442,Smart Sensor,IoT Devices,Central,Ananya,6,5716.2,0.05,32582.34,20921.29,11661.05,0.3579,2025-03
ORD02899,2025-03-31,Customer_0330,IoT Gateway,IoT Devices,North,Ananya,14,15472.85,0.1,194957.91,129971.94,64985.97,0.3333,2025-03
ORD02937,2025-03-31,Customer_0433,Smart Sensor,IoT Devices,North,Sneha,15,5908.88,0.1,79769.88,54066.25,25703.63,0.3222,2025-03
ORD03888,2025-03-31,Customer_0150,Energy Monitor,Energy Management,North,Rahul,14,6660.67,0.0,93249.38,59679.6,33569.78,0.36,2025-03
ORD02206,2025-03-31,Customer_0355,Smart Meter,Energy Management,West,Aarav,4,9032.68,0.0,36130.72,24568.89,11561.83,0.32,2025-03
ORD04301,2025-03-31,Customer_0349,Analytics License,Software,North,Kavya,11,21906.19,0.15,204822.88,84338.83,120484.04,0.5882,2025-03
ORD04421,2025-03-31,Customer_0376,Energy Monitor,Energy Management,South,Rahul,16,7219.02,0.05,109729.1,73922.76,35806.34,0.3263,2025-03
ORD00860,2025-04-01,Customer_0214,Cloud Platform,Software,West,Vikram,14,36931.14,0.2,413628.77,155110.79,258517.98,0.625,2025-04
ORD03772,2025-04-01,Customer_0324,IoT Gateway,IoT Devices,South,Priya,6,16161.91,0.1,87274.31,58182.88,29091.44,0.3333,2025-04
ORD03517,2025-04-01,Customer_0044,Energy Monitor,Energy Management,South,Arjun,18,7525.18,0.15,115135.25,86690.07,28445.18,0.2471,2025-04
ORD02585,2025-04-01,Customer_0438,Analytics License,Software,West,Sneha,10,22528.48,0.1,202756.32,78849.68,123906.64,0.6111,2025-04
ORD03753,2025-04-01,Customer_0490,Cloud Platform,Software,West,Kavya,1,36732.1,0.2,29385.68,11019.63,18366.05,0.625,2025-04
ORD03342,2025-04-01,Customer_0099,Network Controller,Networking,South,Aarav,16,19372.15,0.15,263461.24,179773.55,83687.69,0.3176,2025-04
ORD03086,2025-04-01,Customer_0005,Cloud Platform,Software,South,Ananya,19,32502.07,0.05,586662.36,185261.8,401400.56,0.6842,2025-04
ORD02882,2025-04-01,Customer_0019,Analytics License,Software,Central,Meera,20,23517.52,0.2,376280.32,164622.64,211657.68,0.5625,2025-04
ORD03164,2025-04-01,Customer_0470,Data Logger,Data Solutions,East,Arjun,4,6695.42,0.05,25442.6,16872.46,8570.14,0.3368,2025-04
ORD04209,2025-04-01,Customer_0261,Smart Meter,Energy Management,South,Ananya,11,8140.7,0.05,85070.31,60892.44,24177.88,0.2842,2025-04
ORD02739,2025-04-01,Customer_0077,Analytics License,Software,South,Kavya,10,22479.1,0.2,179832.8,78676.85,101155.95,0.5625,2025-04
ORD00489,2025-04-01,Customer_0209,Energy Monitor,Energy Management,North,Kavya,14,6899.75,0.15,82107.02,61821.76,20285.26,0.2471,2025-04
ORD02456,2025-04-01,Customer_0080,Analytics License,Software,West,Aarav,12,23022.54,0.05,262456.96,96694.67,165762.29,0.6316,2025-04
ORD03512,2025-04-02,Customer_0205,Data Logger,Data Solutions,East,Ananya,6,6156.83,0.0,36940.98,23272.82,13668.16,0.37,2025-04
ORD04773,2025-04-02,Customer_0498,Analytics License,Software,South,Kavya,18,22644.94,0.05,387228.47,142663.12,244565.35,0.6316,2025-04
ORD02892,2025-04-02,Customer_0236,Communication Module,IoT Devices,Central,Rohan,11,3938.7,0.05,41159.41,26861.93,14297.48,0.3474,2025-04
ORD01036,2025-04-02,Customer_0498,IoT Gateway,IoT Devices,South,Priya,10,14068.67,0.2,112549.36,84412.02,28137.34,0.25,2025-04
ORD00322,2025-04-02,Customer_0058,IoT Gateway,IoT Devices,West,Meera,14,14216.39,0.1,179126.51,119417.68,59708.84,0.3333,2025-04
ORD02523,2025-04-02,Customer_0038,Advanced Meter,Energy Management,West,Kavya,2,13661.29,0.15,23224.19,17759.68,5464.52,0.2353,2025-04
ORD01615,2025-04-02,Customer_0108,Data Logger,Data Solutions,East,Rahul,1,6874.71,0.05,6530.97,4331.07,2199.91,0.3368,2025-04
ORD04561,2025-04-02,Customer_0459,Advanced Meter,Energy Management,South,Ananya,10,12571.26,0.05,119426.97,81713.19,37713.78,0.3158,2025-04
ORD02191,2025-04-02,Customer_0492,Smart Meter,Energy Management,East,Ananya,17,8364.23,0.25,106643.93,96690.5,9953.43,0.0933,2025-04
ORD02682,2025-04-02,Customer_0047,IoT Gateway,IoT Devices,East,Rohan,10,14660.31,0.2,117282.48,87961.86,29320.62,0.25,2025-04
ORD02757,2025-04-02,Customer_0045,Data Logger,Data Solutions,West,Aarav,6,6316.18,0.1,34107.37,23875.16,10232.21,0.3,2025-04
ORD01705,2025-04-02,Customer_0197,IoT Gateway,IoT Devices,South,Meera,11,16337.49,0.2,143769.91,107827.43,35942.48,0.25,2025-04
ORD01712,2025-04-02,Customer_0159,Network Controller,Networking,East,Meera,17,18837.6,0.05,304227.24,185738.74,118488.5,0.3895,2025-04
ORD03741,2025-04-02,Customer_0469,Energy Monitor,Energy Management,East,Aarav,8,6779.11,0.25,40674.66,34709.04,5965.62,0.1467,2025-04
ORD03207,2025-04-02,Customer_0218,Smart Sensor,IoT Devices,Central,Kavya,13,5913.6,0.2,61501.44,46894.85,14606.59,0.2375,2025-04
ORD00191,2025-04-03,Customer_0500,Smart Meter,Energy Management,East,Arjun,8,8960.57,0.2,57347.65,48745.5,8602.15,0.15,2025-04
ORD01289,2025-04-03,Customer_0184,Smart Sensor,IoT Devices,North,Vikram,9,5664.15,0.05,48428.48,31096.18,17332.3,0.3579,2025-04
ORD00507,2025-04-03,Customer_0245,Smart Meter,Energy Management,Central,Rohan,16,9256.69,0.15,125890.98,100712.79,25178.2,0.2,2025-04
ORD03967,2025-04-03,Customer_0220,IoT Gateway,IoT Devices,West,Priya,13,13768.5,0.0,178990.5,107394.3,71596.2,0.4,2025-04
ORD02767,2025-04-03,Customer_0149,Smart Meter,Energy Management,West,Kavya,16,9177.01,0.1,132148.94,99845.87,32303.08,0.2444,2025-04
ORD00354,2025-04-03,Customer_0291,Smart Meter,Energy Management,Central,Sneha,13,8469.47,0.05,104597.95,74870.11,29727.84,0.2842,2025-04
ORD01694,2025-04-03,Customer_0472,Advanced Meter,Energy Management,East,Rahul,3,12218.23,0.15,31156.49,23825.55,7330.94,0.2353,2025-04
ORD04932,2025-04-03,Customer_0207,Analytics License,Software,East,Meera,3,20674.93,0.05,58923.55,21708.68,37214.87,0.6316,2025-04
ORD02802,2025-04-03,Customer_0250,Communication Module,IoT Devices,North,Sneha,16,3954.76,0.2,50620.93,39231.22,11389.71,0.225,2025-04
ORD01023,2025-04-03,Customer_0086,Cloud Platform,Software,Central,Vikram,4,38186.23,0.05,145107.67,45823.48,99284.2,0.6842,2025-04
ORD02611,2025-04-03,Customer_0339,Analytics License,Software,North,Kavya,5,22080.66,0.15,93842.8,38641.15,55201.65,0.5882,2025-04
ORD00543,2025-04-04,Customer_0230,Smart Sensor,IoT Devices,South,Sneha,13,5119.06,0.1,59893.0,40594.15,19298.86,0.3222,2025-04
ORD03315,2025-04-04,Customer_0496,Network Controller,Networking,Central,Sneha,4,17921.07,0.25,53763.21,41576.88,12186.33,0.2267,2025-04
ORD00052,2025-04-04,Customer_0400,Smart Meter,Energy Management,South,Meera,14,9315.17,0.05,123891.76,88680.42,35211.34,0.2842,2025-04
ORD02679,2025-04-04,Customer_0089,Advanced Meter,Energy Management,South,Rohan,19,12996.53,0.1,222240.66,160507.15,61733.52,0.2778,2025-04
ORD04206,2025-04-04,Customer_0500,Network Controller,Networking,North,Aarav,11,17736.09,0.05,185342.14,113156.25,72185.89,0.3895,2025-04
ORD04436,2025-04-04,Customer_0281,IoT Gateway,IoT Devices,East,Meera,10,15528.84,0.15,131995.14,93173.04,38822.1,0.2941,2025-04
ORD01190,2025-04-04,Customer_0054,Cloud Platform,Software,South,Vikram,18,35863.2,0.0,645537.6,193661.28,451876.32,0.7,2025-04
ORD02319,2025-04-04,Customer_0442,Analytics License,Software,South,Kavya,16,22156.68,0.1,319056.19,124077.41,194978.78,0.6111,2025-04
ORD03082,2025-04-04,Customer_0137,Data Logger,Data Solutions,West,Arjun,4,7042.8,0.2,22536.96,17747.86,4789.1,0.2125,2025-04
ORD00110,2025-04-04,Customer_0434,Analytics License,Software,Central,Ananya,17,23543.2,0.15,340199.24,140082.04,200117.2,0.5882,2025-04
ORD01962,2025-04-04,Customer_0369,Energy Monitor,Energy Management,Central,Ananya,8,7542.98,0.15,51292.26,38620.06,12672.21,0.2471,2025-04
ORD01487,2025-04-04,Customer_0079,Smart Meter,Energy Management,West,Ananya,10,8835.05,0.1,79515.45,60078.34,19437.11,0.2444,2025-04
ORD03717,2025-04-04,Customer_0095,Energy Monitor,Energy Management,West,Ananya,8,7706.68,0.15,52405.42,39458.2,12947.22,0.2471,2025-04
ORD04657,2025-04-05,Customer_0230,Communication Module,IoT Devices,West,Kavya,11,3856.14,0.05,40296.66,26298.87,13997.79,0.3474,2025-04
ORD01911,2025-04-05,Customer_0014,Network Controller,Networking,North,Rohan,20,16801.28,0.0,336025.6,194894.85,141130.75,0.42,2025-04
ORD03883,2025-04-05,Customer_0373,Network Controller,Networking,Central,Rohan,12,20273.92,0.05,231122.69,141106.48,90016.2,0.3895,2025-04
ORD04372,2025-04-05,Customer_0487,Network Controller,Networking,East,Ananya,7,16723.95,0.25,87800.74,67899.24,19901.5,0.2267,2025-04
ORD02545,2025-04-05,Customer_0066,Data Logger,Data Solutions,Central,Priya,1,7158.41,0.2,5726.73,4509.8,1216.93,0.2125,2025-04
ORD02841,2025-04-05,Customer_0320,Network Controller,Networking,West,Priya,5,18679.59,0.15,79388.26,54170.81,25217.45,0.3176,2025-04
ORD00195,2025-04-05,Customer_0289,Advanced Meter,Energy Management,West,Kavya,6,11979.16,0.15,61093.72,46718.72,14374.99,0.2353,2025-04
ORD03778,2025-04-05,Customer_0023,Smart Meter,Energy Management,North,Rohan,13,8427.86,0.25,82171.64,74502.28,7669.35,0.0933,2025-04
ORD01240,2025-04-05,Customer_0199,Advanced Meter,Energy Management,West,Ananya,7,11625.78,0.0,81380.46,52897.3,28483.16,0.35,2025-04
ORD03248,2025-04-05,Customer_0206,Network Controller,Networking,North,Ananya,16,17734.71,0.15,241192.06,164578.11,76613.95,0.3176,2025-04
ORD02959,2025-04-05,Customer_0165,Analytics License,Software,South,Arjun,8,21880.94,0.0,175047.52,61266.63,113780.89,0.65,2025-04
ORD00672,2025-04-05,Customer_0458,Advanced Meter,Energy Management,Central,Kavya,5,11276.23,0.2,45104.92,36647.75,8457.17,0.1875,2025-04
ORD03987,2025-04-05,Customer_0335,Smart Meter,Energy Management,North,Ananya,12,8685.4,0.15,88591.08,70872.86,17718.22,0.2,2025-04
ORD04980,2025-04-05,Customer_0463,Energy Monitor,Energy Management,West,Rahul,16,7091.88,0.25,85102.56,72620.85,12481.71,0.1467,2025-04
ORD02424,2025-04-05,Customer_0405,Energy Monitor,Energy Management,North,Priya,13,7460.61,0.1,87289.14,62072.28,25216.86,0.2889,2025-04
ORD01261,2025-04-05,Customer_0406,Smart Meter,Energy Management,Central,Sneha,6,7738.48,0.2,37144.7,31573.0,5571.71,0.15,2025-04
ORD04605,2025-04-05,Customer_0139,IoT Gateway,IoT Devices,East,Kavya,7,14389.19,0.05,95688.11,60434.6,35253.52,0.3684,2025-04
ORD01168,2025-04-06,Customer_0125,Advanced Meter,Energy Management,West,Sneha,7,12509.05,0.2,70050.68,56916.18,13134.5,0.1875,2025-04
ORD01708,2025-04-06,Customer_0334,Energy Monitor,Energy Management,South,Sneha,14,7752.71,0.05,103111.04,69464.28,33646.76,0.3263,2025-04
ORD04999,2025-04-06,Customer_0201,Smart Meter,Energy Management,North,Priya,4,8732.73,0.1,31437.83,23753.03,7684.8,0.2444,2025-04
ORD02950,2025-04-06,Customer_0486,Network Controller,Networking,South,Rohan,8,20039.48,0.1,144284.26,92983.19,51301.07,0.3556,2025-04
ORD04507,2025-04-06,Customer_0329,Analytics License,Software,Central,Rohan,16,20187.38,0.15,274548.37,113049.33,161499.04,0.5882,2025-04
ORD03396,2025-04-06,Customer_0465,Cloud Platform,Software,West,Sneha,19,35162.71,0.15,567877.77,200427.45,367450.32,0.6471,2025-04
ORD01003,2025-04-06,Customer_0184,Network Controller,Networking,North,Arjun,20,19319.36,0.2,309109.76,224104.58,85005.18,0.275,2025-04
ORD02509,2025-04-06,Customer_0294,Smart Meter,Energy Management,South,Vikram,3,9289.79,0.1,25082.43,18951.17,6131.26,0.2444,2025-04
ORD00635,2025-04-06,Customer_0333,Network Controller,Networking,North,Kavya,10,19211.71,0.05,182511.24,111427.92,71083.33,0.3895,2025-04
ORD00750,2025-04-06,Customer_0081,Cloud Platform,Software,Central,Kavya,19,36406.55,0.05,657138.23,207517.34,449620.89,0.6842,2025-04
ORD02710,2025-04-06,Customer_0024,Analytics License,Software,North,Ananya,19,23087.64,0.25,328998.87,153532.81,175466.06,0.5333,2025-04
ORD00208,2025-04-06,Customer_0228,Communication Module,IoT Devices,South,Priya,9,4148.44,0.15,31735.57,23148.3,8587.27,0.2706,2025-04
ORD03496,2025-04-06,Customer_0133,Smart Meter,Energy Management,South,Arjun,15,8749.75,0.0,131246.25,89247.45,41998.8,0.32,2025-04
ORD03287,2025-04-07,Customer_0424,Smart Meter,Energy Management,West,Vikram,2,8514.46,0.1,15326.03,11579.67,3746.36,0.2444,2025-04
ORD00754,2025-04-07,Customer_0334,Cloud Platform,Software,Central,Meera,16,38368.8,0.1,552510.72,184170.24,368340.48,0.6667,2025-04
ORD00117,2025-04-07,Customer_0196,Analytics License,Software,South,Meera,5,23225.72,0.0,116128.6,40645.01,75483.59,0.65,2025-04
ORD00876,2025-04-07,Customer_0371,Energy Monitor,Energy Management,Central,Ananya,7,6757.19,0.0,47300.33,30272.21,17028.12,0.36,2025-04
ORD04358,2025-04-07,Customer_0443,Data Logger,Data Solutions,South,Kavya,12,6830.12,0.2,65569.15,51635.71,13933.44,0.2125,2025-04
ORD02826,2025-04-07,Customer_0196,IoT Gateway,IoT Devices,East,Ananya,7,16450.79,0.1,103639.98,69093.32,34546.66,0.3333,2025-04
ORD01939,2025-04-07,Customer_0093,IoT Gateway,IoT Devices,East,Arjun,15,15689.75,0.2,188277.0,141207.75,47069.25,0.25,2025-04
ORD03674,2025-04-07,Customer_0357,Analytics License,Software,West,Meera,7,23745.04,0.05,157904.52,58175.35,99729.17,0.6316,2025-04
ORD02207,2025-04-07,Customer_0351,IoT Gateway,IoT Devices,North,Kavya,14,15127.18,0.05,201191.49,127068.31,74123.18,0.3684,2025-04
ORD03070,2025-04-07,Customer_0121,IoT Gateway,IoT Devices,North,Sneha,2,13657.43,0.1,24583.37,16388.92,8194.46,0.3333,2025-04
ORD02312,2025-04-07,Customer_0282,Energy Monitor,Energy Management,South,Rohan,4,6586.12,0.2,21075.58,16860.47,4215.12,0.2,2025-04
ORD00469,2025-04-07,Customer_0118,Analytics License,Software,East,Aarav,5,23023.88,0.1,103607.46,40291.79,63315.67,0.6111,2025-04
ORD03482,2025-04-07,Customer_0057,Communication Module,IoT Devices,East,Rohan,19,4164.78,0.1,71217.74,49061.11,22156.63,0.3111,2025-04
ORD03178,2025-04-08,Customer_0243,Energy Monitor,Energy Management,North,Meera,4,6533.07,0.05,24825.67,16724.66,8101.01,0.3263,2025-04
ORD01664,2025-04-08,Customer_0256,Analytics License,Software,West,Kavya,8,20113.31,0.15,136770.51,56317.27,80453.24,0.5882,2025-04
ORD02137,2025-04-08,Customer_0043,Advanced Meter,Energy Management,South,Meera,16,12940.97,0.15,175997.19,134586.09,41411.1,0.2353,2025-04
ORD01611,2025-04-08,Customer_0270,Smart Meter,Energy Management,South,Sneha,16,8479.76,0.2,108540.93,92259.79,16281.14,0.15,2025-04
ORD04410,2025-04-08,Customer_0196,Network Controller,Networking,East,Kavya,12,18826.21,0.1,203323.07,131030.42,72292.65,0.3556,2025-04
ORD03042,2025-04-08,Customer_0146,Advanced Meter,Energy Management,Central,Sneha,10,13674.42,0.2,109395.36,88883.73,20511.63,0.1875,2025-04
ORD04048,2025-04-08,Customer_0367,Cloud Platform,Software,North,Vikram,15,36352.16,0.05,518018.28,163584.72,354433.56,0.6842,2025-04
ORD02692,2025-04-08,Customer_0385,Data Logger,Data Solutions,North,Ananya,8,7297.71,0.2,46705.34,36780.46,9924.89,0.2125,2025-04
ORD04163,2025-04-08,Customer_0473,Cloud Platform,Software,East,Arjun,2,35178.23,0.2,56285.17,21106.94,35178.23,0.625,2025-04
ORD02709,2025-04-08,Customer_0447,Data Logger,Data Solutions,South,Sneha,19,7376.02,0.25,105108.28,88290.96,16817.33,0.16,2025-04
ORD01191,2025-04-08,Customer_0215,Network Controller,Networking,West,Aarav,5,17259.46,0.15,73352.7,50052.43,23300.27,0.3176,2025-04
ORD04470,2025-04-08,Customer_0399,Smart Meter,Energy Management,North,Vikram,14,8815.59,0.2,98734.61,83924.42,14810.19,0.15,2025-04
ORD04894,2025-04-08,Customer_0414,Communication Module,IoT Devices,Central,Rahul,1,4174.37,0.05,3965.65,2588.11,1377.54,0.3474,2025-04
ORD02220,2025-04-08,Customer_0492,Advanced Meter,Energy Management,East,Rohan,15,13399.63,0.15,170845.28,130646.39,40198.89,0.2353,2025-04
ORD00692,2025-04-09,Customer_0294,Smart Sensor,IoT Devices,Central,Rohan,2,5667.5,0.1,10201.5,6914.35,3287.15,0.3222,2025-04
ORD02269,2025-04-09,Customer_0479,Energy Monitor,Energy Management,North,Rohan,1,6845.11,0.0,6845.11,4380.87,2464.24,0.36,2025-04
ORD04192,2025-04-09,Customer_0022,Communication Module,IoT Devices,West,Ananya,8,3851.61,0.15,26190.95,19103.99,7086.96,0.2706,2025-04
ORD04680,2025-04-09,Customer_0429,IoT Gateway,IoT Devices,East,Ananya,10,15799.66,0.1,142196.94,94797.96,47398.98,0.3333,2025-04
ORD04244,2025-04-09,Customer_0058,Network Controller,Networking,North,Meera,19,19915.11,0.15,321629.03,219464.51,102164.51,0.3176,2025-04
ORD00267,2025-04-09,Customer_0263,Communication Module,IoT Devices,West,Aarav,9,4437.46,0.05,37940.28,24761.03,13179.26,0.3474,2025-04
ORD00996,2025-04-09,Customer_0067,Communication Module,IoT Devices,Central,Rohan,15,4166.08,0.15,53117.52,38744.54,14372.98,0.2706,2025-04
ORD04577,2025-04-09,Customer_0046,Smart Sensor,IoT Devices,North,Vikram,20,5534.85,0.1,99627.3,67525.17,32102.13,0.3222,2025-04
ORD03092,2025-04-09,Customer_0274,Cloud Platform,Software,Central,Vikram,13,36125.19,0.0,469627.47,140888.24,328739.23,0.7,2025-04
ORD03666,2025-04-09,Customer_0118,IoT Gateway,IoT Devices,South,Kavya,12,16488.46,0.0,197861.52,118716.91,79144.61,0.4,2025-04
ORD02733,2025-04-09,Customer_0190,Smart Sensor,IoT Devices,Central,Kavya,18,5066.18,0.15,77512.55,55626.66,21885.9,0.2824,2025-04
ORD04534,2025-04-09,Customer_0435,Cloud Platform,Software,North,Kavya,15,37464.2,0.2,449570.4,168588.9,280981.5,0.625,2025-04
ORD02041,2025-04-09,Customer_0329,Energy Monitor,Energy Management,North,Rohan,7,6542.49,0.0,45797.43,29310.36,16487.07,0.36,2025-04
ORD02864,2025-04-09,Customer_0112,Energy Monitor,Energy Management,West,Priya,13,7691.35,0.05,94988.17,63992.03,30996.14,0.3263,2025-04
ORD00038,2025-04-09,Customer_0302,Analytics License,Software,Central,Rahul,9,23993.52,0.05,205144.6,75579.59,129565.01,0.6316,2025-04
ORD02537,2025-04-10,Customer_0279,Smart Meter,Energy Management,East,Sneha,4,8964.54,0.2,28686.53,24383.55,4302.98,0.15,2025-04
ORD00957,2025-04-10,Customer_0101,Cloud Platform,Software,Central,Priya,19,32558.85,0.05,587687.24,185585.45,402101.8,0.6842,2025-04
ORD04459,2025-04-10,Customer_0295,Energy Monitor,Energy Management,East,Sneha,1,7329.64,0.1,6596.68,4690.97,1905.71,0.2889,2025-04
ORD04673,2025-04-10,Customer_0315,IoT Gateway,IoT Devices,West,Priya,5,14504.5,0.0,72522.5,43513.5,29009.0,0.4,2025-04
ORD04693,2025-04-10,Customer_0345,Smart Meter,Energy Management,South,Meera,6,7726.43,0.2,37086.86,31523.83,5563.03,0.15,2025-04
ORD02133,2025-04-10,Customer_0430,IoT Gateway,IoT Devices,North,Ananya,14,14750.0,0.05,196175.0,123900.0,72275.0,0.3684,2025-04
ORD04197,2025-04-10,Customer_0276,IoT Gateway,IoT Devices,East,Arjun,15,14142.26,0.2,169707.12,127280.34,42426.78,0.25,2025-04
ORD01160,2025-04-10,Customer_0417,Smart Meter,Energy Management,East,Rohan,4,8416.2,0.15,28615.08,22892.06,5723.02,0.2,2025-04
ORD00242,2025-04-10,Customer_0164,Communication Module,IoT Devices,South,Aarav,7,4340.74,0.0,30385.18,18838.81,11546.37,0.38,2025-04
ORD04904,2025-04-10,Customer_0201,Smart Meter,Energy Management,South,Sneha,19,7898.23,0.1,135059.73,102045.13,33014.6,0.2444,2025-04
ORD00601,2025-04-10,Customer_0360,Smart Meter,Energy Management,Central,Aarav,3,8335.45,0.2,20005.08,17004.32,3000.76,0.15,2025-04
ORD02176,2025-04-10,Customer_0090,Communication Module,IoT Devices,North,Meera,3,4136.44,0.2,9927.46,7693.78,2233.68,0.225,2025-04
ORD00716,2025-04-10,Customer_0144,Analytics License,Software,East,Ananya,7,19912.51,0.15,118479.43,48785.65,69693.78,0.5882,2025-04
ORD04719,2025-04-10,Customer_0063,Network Controller,Networking,East,Vikram,11,18617.43,0.2,163833.38,118779.2,45054.18,0.275,2025-04
ORD01949,2025-04-10,Customer_0350,Data Logger,Data Solutions,Central,Rohan,13,6924.67,0.0,90020.71,56713.05,33307.66,0.37,2025-04
ORD00900,2025-04-10,Customer_0381,Network Controller,Networking,South,Vikram,18,17641.59,0.2,254038.9,184178.2,69860.7,0.275,2025-04
ORD01336,2025-04-10,Customer_0290,Network Controller,Networking,North,Vikram,17,19627.17,0.0,333661.89,193523.9,140137.99,0.42,2025-04
ORD03367,2025-04-11,Customer_0283,Data Logger,Data Solutions,South,Kavya,19,6957.54,0.1,118973.93,83281.75,35692.18,0.3,2025-04
ORD04902,2025-04-11,Customer_0230,Network Controller,Networking,South,Sneha,7,18839.87,0.0,131879.09,76489.87,55389.22,0.42,2025-04
ORD03542,2025-04-11,Customer_0279,Smart Meter,Energy Management,East,Priya,15,7661.88,0.15,97688.97,78151.18,19537.79,0.2,2025-04
ORD04245,2025-04-11,Customer_0267,Advanced Meter,Energy Management,North,Rahul,4,12050.56,0.15,40971.9,31331.46,9640.45,0.2353,2025-04
ORD02832,2025-04-11,Customer_0105,Smart Sensor,IoT Devices,Central,Rahul,11,4998.74,0.05,52236.83,33541.55,18695.29,0.3579,2025-04
ORD00812,2025-04-11,Customer_0427,IoT Gateway,IoT Devices,East,Vikram,3,15421.14,0.2,37010.74,27758.05,9252.68,0.25,2025-04
ORD02183,2025-04-11,Customer_0153,Advanced Meter,Energy Management,East,Vikram,1,11314.96,0.05,10749.21,7354.72,3394.49,0.3158,2025-04
ORD03424,2025-04-11,Customer_0131,IoT Gateway,IoT Devices,Central,Sneha,7,15010.65,0.05,99820.82,63044.73,36776.09,0.3684,2025-04
ORD00023,2025-04-11,Customer_0002,Smart Meter,Energy Management,South,Kavya,17,9346.16,0.05,150940.48,108041.61,42898.87,0.2842,2025-04
ORD01653,2025-04-11,Customer_0216,Network Controller,Networking,West,Sneha,5,18091.33,0.1,81410.99,52464.86,28946.13,0.3556,2025-04
ORD02013,2025-04-12,Customer_0309,Network Controller,Networking,South,Ananya,12,17631.77,0.05,201002.18,122717.12,78285.06,0.3895,2025-04
ORD00227,2025-04-12,Customer_0482,Advanced Meter,Energy Management,South,Vikram,14,13564.19,0.1,170908.79,123434.13,47474.66,0.2778,2025-04
ORD02103,2025-04-12,Customer_0100,Smart Sensor,IoT Devices,East,Meera,16,5893.16,0.1,84861.5,57517.24,27344.26,0.3222,2025-04
ORD01748,2025-04-12,Customer_0449,Communication Module,IoT Devices,Central,Rahul,15,4110.86,0.05,58579.75,38231.0,20348.76,0.3474,2025-04
ORD02039,2025-04-12,Customer_0369,Smart Meter,Energy Management,North,Meera,3,9013.7,0.2,21632.88,18387.95,3244.93,0.15,2025-04
ORD01558,2025-04-12,Customer_0057,Network Controller,Networking,East,Kavya,17,18013.52,0.0,306229.84,177613.31,128616.53,0.42,2025-04
ORD01355,2025-04-12,Customer_0091,Analytics License,Software,East,Ananya,1,20955.59,0.1,18860.03,7334.46,11525.57,0.6111,2025-04
ORD00458,2025-04-12,Customer_0292,Data Logger,Data Solutions,North,Vikram,17,6818.84,0.1,104328.25,73029.78,31298.48,0.3,2025-04
ORD04068,2025-04-12,Customer_0071,Advanced Meter,Energy Management,West,Ananya,15,11883.57,0.0,178253.55,115864.81,62388.74,0.35,2025-04
ORD04350,2025-04-12,Customer_0310,Energy Monitor,Energy Management,South,Ananya,14,7315.79,0.05,97300.01,65549.48,31750.53,0.3263,2025-04
ORD04415,2025-04-12,Customer_0066,IoT Gateway,IoT Devices,South,Arjun,12,14191.73,0.0,170300.76,102180.46,68120.3,0.4,2025-04
ORD02822,2025-04-12,Customer_0173,Energy Monitor,Energy Management,Central,Vikram,4,7681.29,0.1,27652.64,19664.1,7988.54,0.2889,2025-04
ORD04059,2025-04-12,Customer_0380,Data Logger,Data Solutions,North,Rohan,2,6685.2,0.05,12701.88,8423.35,4278.53,0.3368,2025-04
ORD04426,2025-04-12,Customer_0461,Energy Monitor,Energy Management,North,Rohan,11,6871.0,0.1,68022.9,48371.84,19651.06,0.2889,2025-04
ORD04736,2025-04-13,Customer_0033,Communication Module,IoT Devices,West,Kavya,19,3972.21,0.05,71698.39,46792.63,24905.76,0.3474,2025-04
ORD00884,2025-04-13,Customer_0251,Data Logger,Data Solutions,North,Arjun,16,6527.92,0.0,104446.72,65801.43,38645.29,0.37,2025-04
ORD02295,2025-04-13,Customer_0199,IoT Gateway,IoT Devices,West,Vikram,5,16105.4,0.1,72474.3,48316.2,24158.1,0.3333,2025-04
ORD01389,2025-04-13,Customer_0306,IoT Gateway,IoT Devices,West,Ananya,2,13821.9,0.05,26261.61,16586.28,9675.33,0.3684,2025-04
ORD04755,2025-04-13,Customer_0093,Advanced Meter,Energy Management,East,Arjun,10,12779.09,0.05,121401.36,83064.08,38337.27,0.3158,2025-04
ORD03632,2025-04-13,Customer_0021,Smart Meter,Energy Management,West,Kavya,10,7897.21,0.15,67126.28,53701.03,13425.26,0.2,2025-04
ORD01536,2025-04-13,Customer_0231,IoT Gateway,IoT Devices,Central,Ananya,9,15431.25,0.05,131937.19,83328.75,48608.44,0.3684,2025-04
ORD04458,2025-04-13,Customer_0368,IoT Gateway,IoT Devices,East,Priya,17,14618.35,0.15,211235.16,149107.17,62127.99,0.2941,2025-04
ORD04441,2025-04-13,Customer_0012,IoT Gateway,IoT Devices,East,Meera,20,14697.54,0.0,293950.8,176370.48,117580.32,0.4,2025-04
ORD02044,2025-04-13,Customer_0155,Energy Monitor,Energy Management,West,Priya,13,6885.83,0.1,80564.21,57290.11,23274.11,0.2889,2025-04
ORD04007,2025-04-13,Customer_0187,Communication Module,IoT Devices,West,Aarav,1,4375.67,0.15,3719.32,2712.92,1006.4,0.2706,2025-04
ORD00360,2025-04-13,Customer_0343,Smart Sensor,IoT Devices,Central,Rohan,5,4951.72,0.15,21044.81,15102.75,5942.06,0.2824,2025-04
ORD02335,2025-04-13,Customer_0408,Smart Sensor,IoT Devices,North,Vikram,1,5838.05,0.1,5254.24,3561.21,1693.03,0.3222,2025-04
ORD04791,2025-04-13,Customer_0045,Energy Monitor,Energy Management,East,Rahul,1,6525.05,0.15,5546.29,4176.03,1370.26,0.2471,2025-04
ORD00801,2025-04-14,Customer_0082,Smart Sensor,IoT Devices,Central,Arjun,12,5946.86,0.15,60657.97,43531.02,17126.96,0.2824,2025-04
ORD03644,2025-04-14,Customer_0170,Communication Module,IoT Devices,Central,Aarav,2,4160.07,0.1,7488.13,5158.49,2329.64,0.3111,2025-04
ORD02948,2025-04-14,Customer_0037,Energy Monitor,Energy Management,Central,Sneha,8,6932.94,0.05,52690.34,35496.65,17193.69,0.3263,2025-04
ORD01057,2025-04-14,Customer_0338,Communication Module,IoT Devices,South,Meera,6,4398.91,0.1,23754.11,16363.95,7390.17,0.3111,2025-04
ORD02591,2025-04-14,Customer_0244,Advanced Meter,Energy Management,South,Sneha,7,13576.2,0.15,80778.39,61771.71,19006.68,0.2353,2025-04
ORD04085,2025-04-14,Customer_0325,Data Logger,Data Solutions,South,Meera,2,6652.19,0.1,11973.94,8381.76,3592.18,0.3,2025-04
ORD01676,2025-04-14,Customer_0081,Network Controller,Networking,North,Arjun,13,17583.14,0.05,217151.78,132576.88,84574.9,0.3895,2025-04
ORD00115,2025-04-14,Customer_0067,Energy Monitor,Energy Management,East,Ananya,19,7261.7,0.1,124175.07,88302.27,35872.8,0.2889,2025-04
ORD04240,2025-04-14,Customer_0342,Energy Monitor,Energy Management,East,Vikram,7,7445.54,0.1,46906.9,33356.02,13550.88,0.2889,2025-04
ORD01657,2025-04-15,Customer_0306,Network Controller,Networking,Central,Aarav,9,19479.09,0.05,166546.22,101680.85,64865.37,0.3895,2025-04
ORD03162,2025-04-15,Customer_0239,Smart Sensor,IoT Devices,North,Priya,8,5032.76,0.1,36235.87,24559.87,11676.0,0.3222,2025-04
ORD04475,2025-04-15,Customer_0489,Analytics License,Software,Central,Meera,16,24050.15,0.1,346322.16,134680.84,211641.32,0.6111,2025-04
ORD02477,2025-04-15,Customer_0016,IoT Gateway,IoT Devices,Central,Rahul,2,16132.8,0.1,29039.04,19359.36,9679.68,0.3333,2025-04
ORD02854,2025-04-15,Customer_0406,Energy Monitor,Energy Management,East,Aarav,14,6912.81,0.15,82262.44,61938.78,20323.66,0.2471,2025-04
ORD03638,2025-04-15,Customer_0225,Smart Meter,Energy Management,East,Arjun,12,8886.07,0.0,106632.84,72510.33,34122.51,0.32,2025-04
ORD01981,2025-04-15,Customer_0015,Communication Module,IoT Devices,Central,Rahul,19,4561.91,0.1,78008.66,53739.3,24269.36,0.3111,2025-04
ORD04405,2025-04-15,Customer_0133,Cloud Platform,Software,South,Sneha,18,36194.94,0.15,553782.58,195452.68,358329.91,0.6471,2025-04
ORD01037,2025-04-15,Customer_0154,IoT Gateway,IoT Devices,South,Arjun,2,14218.11,0.1,25592.6,17061.73,8530.87,0.3333,2025-04
ORD01053,2025-04-15,Customer_0236,Data Logger,Data Solutions,North,Vikram,9,6918.79,0.05,59155.65,39229.54,19926.12,0.3368,2025-04
ORD01099,2025-04-15,Customer_0094,Data Logger,Data Solutions,South,Aarav,3,6756.14,0.05,19255.0,12769.1,6485.89,0.3368,2025-04
ORD01524,2025-04-15,Customer_0257,IoT Gateway,IoT Devices,North,Vikram,4,15441.33,0.0,61765.32,37059.19,24706.13,0.4,2025-04
ORD00917,2025-04-16,Customer_0463,Data Logger,Data Solutions,Central,Aarav,5,6906.38,0.1,31078.71,21755.1,9323.61,0.3,2025-04
ORD04834,2025-04-16,Customer_0379,Cloud Platform,Software,East,Arjun,17,33914.42,0.2,461236.11,172963.54,288272.57,0.625,2025-04
ORD02533,2025-04-16,Customer_0226,IoT Gateway,IoT Devices,East,Priya,1,16225.15,0.1,14602.64,9735.09,4867.54,0.3333,2025-04
ORD03622,2025-04-16,Customer_0203,Network Controller,Networking,East,Rahul,10,18359.21,0.05,174412.49,106483.42,67929.08,0.3895,2025-04
ORD03220,2025-04-16,Customer_0406,Communication Module,IoT Devices,South,Meera,7,3783.88,0.15,22514.09,16422.04,6092.05,0.2706,2025-04
ORD04754,2025-04-16,Customer_0071,Energy Monitor,Energy Management,West,Priya,15,6651.97,0.05,94790.57,63858.91,30931.66,0.3263,2025-04
ORD04055,2025-04-16,Customer_0101,Analytics License,Software,North,Rohan,10,22902.77,0.1,206124.93,80159.69,125965.24,0.6111,2025-04
ORD01533,2025-04-16,Customer_0361,IoT Gateway,IoT Devices,East,Vikram,12,15869.92,0.2,152351.23,114263.42,38087.81,0.25,2025-04
ORD01532,2025-04-16,Customer_0489,Data Logger,Data Solutions,East,Meera,4,6140.33,0.2,19649.06,15473.63,4175.42,0.2125,2025-04
ORD04086,2025-04-16,Customer_0411,Cloud Platform,Software,South,Arjun,4,35343.33,0.05,134304.65,42412.0,91892.66,0.6842,2025-04
ORD02466,2025-04-16,Customer_0206,Data Logger,Data Solutions,West,Kavya,6,7353.85,0.2,35298.48,27797.55,7500.93,0.2125,2025-04
ORD02981,2025-04-17,Customer_0290,Energy Monitor,Energy Management,West,Arjun,11,6871.36,0.2,60467.97,48374.37,12093.59,0.2,2025-04
ORD01871,2025-04-17,Customer_0040,Cloud Platform,Software,South,Arjun,13,32721.82,0.0,425383.66,127615.1,297768.56,0.7,2025-04
ORD01562,2025-04-17,Customer_0008,Communication Module,IoT Devices,Central,Aarav,5,4024.87,0.1,18111.92,12477.1,5634.82,0.3111,2025-04
ORD02443,2025-04-17,Customer_0259,Network Controller,Networking,West,Meera,9,17652.51,0.15,135041.7,92146.1,42895.6,0.3176,2025-04
ORD00169,2025-04-17,Customer_0259,Smart Sensor,IoT Devices,Central,Arjun,2,5372.5,0.0,10745.0,6554.45,4190.55,0.39,2025-04
ORD01932,2025-04-17,Customer_0431,Data Logger,Data Solutions,West,Sneha,7,7451.76,0.15,44337.97,32862.26,11475.71,0.2588,2025-04
ORD00854,2025-04-17,Customer_0216,Analytics License,Software,Central,Sneha,3,21093.23,0.1,56951.72,22147.89,34803.83,0.6111,2025-04
ORD01474,2025-04-17,Customer_0065,Analytics License,Software,North,Priya,16,22640.25,0.1,326019.6,126785.4,199234.2,0.6111,2025-04
ORD03053,2025-04-17,Customer_0258,Network Controller,Networking,Central,Ananya,2,18150.44,0.05,34485.84,21054.51,13431.33,0.3895,2025-04
ORD04387,2025-04-17,Customer_0166,Smart Meter,Energy Management,North,Rohan,2,8722.9,0.05,16573.51,11863.14,4710.37,0.2842,2025-04
ORD01494,2025-04-17,Customer_0280,Smart Sensor,IoT Devices,Central,Kavya,13,5950.41,0.1,69619.8,47186.75,22433.05,0.3222,2025-04
ORD03019,2025-04-17,Customer_0017,Advanced Meter,Energy Management,West,Priya,5,13593.41,0.25,50975.29,44178.58,6796.71,0.1333,2025-04
ORD02000,2025-04-17,Customer_0427,Communication Module,IoT Devices,East,Aarav,6,3954.63,0.2,18982.22,14711.22,4271.0,0.225,2025-04
ORD04029,2025-04-17,Customer_0001,Data Logger,Data Solutions,North,Rohan,7,6519.01,0.05,43351.42,28748.83,14602.58,0.3368,2025-04
ORD00893,2025-04-17,Customer_0164,Energy Monitor,Energy Management,West,Sneha,13,6763.94,0.0,87931.22,56275.98,31655.24,0.36,2025-04
ORD04739,2025-04-17,Customer_0041,Communication Module,IoT Devices,East,Aarav,18,4368.55,0.2,62907.12,48753.02,14154.1,0.225,2025-04
ORD00517,2025-04-17,Customer_0393,Smart Sensor,IoT Devices,West,Priya,11,5864.5,0.2,51607.6,39350.79,12256.81,0.2375,2025-04
ORD01299,2025-04-17,Customer_0247,Smart Sensor,IoT Devices,South,Arjun,16,5559.94,0.05,84511.09,54265.01,30246.07,0.3579,2025-04
ORD04988,2025-04-17,Customer_0420,Energy Monitor,Energy Management,West,Meera,11,6516.73,0.15,60931.43,45877.78,15053.65,0.2471,2025-04
ORD01438,2025-04-17,Customer_0380,Energy Monitor,Energy Management,East,Arjun,8,6507.19,0.0,52057.52,33316.81,18740.71,0.36,2025-04
ORD02237,2025-04-18,Customer_0068,Communication Module,IoT Devices,Central,Aarav,8,3806.56,0.15,25884.61,18880.54,7004.07,0.2706,2025-04
ORD00670,2025-04-18,Customer_0181,Advanced Meter,Energy Management,Central,Aarav,12,13321.63,0.15,135880.63,103908.71,31971.91,0.2353,2025-04
ORD01742,2025-04-18,Customer_0476,Smart Sensor,IoT Devices,West,Arjun,16,5019.16,0.15,68260.58,48987.0,19273.57,0.2824,2025-04
ORD00845,2025-04-18,Customer_0479,Smart Sensor,IoT Devices,East,Rohan,17,5215.76,0.15,75367.73,54087.43,21280.3,0.2824,2025-04
ORD00359,2025-04-18,Customer_0109,Energy Monitor,Energy Management,West,Aarav,19,7071.87,0.2,107492.42,85993.94,21498.48,0.2,2025-04
ORD01544,2025-04-18,Customer_0304,Analytics License,Software,Central,Arjun,17,21415.38,0.2,291249.17,127421.51,163827.66,0.5625,2025-04
ORD04764,2025-04-18,Customer_0460,Cloud Platform,Software,Central,Sneha,12,37180.12,0.15,379237.22,133848.43,245388.79,0.6471,2025-04
ORD00774,2025-04-18,Customer_0269,Advanced Meter,Energy Management,South,Meera,17,13494.89,0.1,206471.82,149118.53,57353.28,0.2778,2025-04
ORD01335,2025-04-18,Customer_0082,Advanced Meter,Energy Management,East,Rahul,5,11984.9,0.05,56928.27,38950.93,17977.35,0.3158,2025-04
ORD00844,2025-04-18,Customer_0359,Data Logger,Data Solutions,South,Priya,18,6129.24,0.15,93777.37,69505.58,24271.79,0.2588,2025-04
ORD00217,2025-04-18,Customer_0293,Analytics License,Software,West,Meera,20,20986.9,0.0,419738.0,146908.3,272829.7,0.65,2025-04
ORD04641,2025-04-18,Customer_0091,Cloud Platform,Software,East,Aarav,10,33330.02,0.05,316635.19,99990.06,216645.13,0.6842,2025-04
ORD01383,2025-04-18,Customer_0478,Analytics License,Software,South,Ananya,15,21557.04,0.05,307187.82,113174.46,194013.36,0.6316,2025-04
ORD01158,2025-04-18,Customer_0023,Smart Meter,Energy Management,South,Aarav,3,7743.69,0.2,18584.86,15797.13,2787.73,0.15,2025-04
ORD01607,2025-04-18,Customer_0049,Advanced Meter,Energy Management,North,Kavya,1,11727.02,0.1,10554.32,7622.56,2931.76,0.2778,2025-04
ORD02707,2025-04-18,Customer_0376,Network Controller,Networking,Central,Sneha,6,18082.86,0.1,97647.44,62928.35,34719.09,0.3556,2025-04
ORD01593,2025-04-18,Customer_0283,Smart Meter,Energy Management,East,Rahul,20,8521.4,0.05,161906.6,115891.04,46015.56,0.2842,2025-04
ORD00827,2025-04-18,Customer_0071,IoT Gateway,IoT Devices,South,Arjun,10,15028.97,0.2,120231.76,90173.82,30057.94,0.25,2025-04
ORD04585,2025-04-19,Customer_0400,Smart Sensor,IoT Devices,East,Rahul,1,5260.96,0.1,4734.86,3209.19,1525.68,0.3222,2025-04
ORD04712,2025-04-19,Customer_0265,Communication Module,IoT Devices,Central,Kavya,6,4316.98,0.1,23311.69,16059.17,7252.53,0.3111,2025-04
ORD01622,2025-04-19,Customer_0036,IoT Gateway,IoT Devices,Central,Priya,1,14366.0,0.2,11492.8,8619.6,2873.2,0.25,2025-04
ORD04492,2025-04-19,Customer_0088,Data Logger,Data Solutions,South,Meera,8,6864.85,0.15,46680.98,34598.84,12082.14,0.2588,2025-04
ORD04252,2025-04-19,Customer_0227,IoT Gateway,IoT Devices,West,Arjun,6,14515.99,0.15,74031.55,52257.56,21773.98,0.2941,2025-04
ORD00499,2025-04-19,Customer_0261,Analytics License,Software,South,Rohan,3,21335.12,0.1,57604.82,22401.88,35202.95,0.6111,2025-04
ORD01399,2025-04-19,Customer_0480,Data Logger,Data Solutions,Central,Priya,17,6628.54,0.1,101416.66,70991.66,30425.0,0.3,2025-04
ORD00709,2025-04-19,Customer_0067,Smart Sensor,IoT Devices,North,Arjun,10,5179.24,0.0,51792.4,31593.36,20199.04,0.39,2025-04
ORD04906,2025-04-20,Customer_0339,Network Controller,Networking,West,Rohan,12,18749.39,0.1,202493.41,130495.75,71997.66,0.3556,2025-04
ORD01433,2025-04-20,Customer_0227,Data Logger,Data Solutions,West,Kavya,18,7073.11,0.2,101852.78,80209.07,21643.72,0.2125,2025-04
ORD01265,2025-04-20,Customer_0403,Smart Sensor,IoT Devices,North,Priya,4,5258.51,0.15,17878.93,12830.76,5048.17,0.2824,2025-04
ORD01727,2025-04-20,Customer_0068,Communication Module,IoT Devices,West,Ananya,8,3789.28,0.0,30314.24,18794.83,11519.41,0.38,2025-04
ORD04505,2025-04-20,Customer_0392,Energy Monitor,Energy Management,East,Aarav,5,6922.14,0.0,34610.7,22150.85,12459.85,0.36,2025-04
ORD02606,2025-04-20,Customer_0145,IoT Gateway,IoT Devices,South,Priya,4,14700.93,0.1,52923.35,35282.23,17641.12,0.3333,2025-04
ORD04829,2025-04-20,Customer_0319,Data Logger,Data Solutions,Central,Vikram,11,6222.75,0.15,58182.71,43123.66,15059.06,0.2588,2025-04
ORD02090,2025-04-20,Customer_0406,Data Logger,Data Solutions,North,Rahul,1,6647.72,0.1,5982.95,4188.06,1794.88,0.3,2025-04
ORD03313,2025-04-20,Customer_0032,Smart Sensor,IoT Devices,South,Priya,5,5851.34,0.1,26331.03,17846.59,8484.44,0.3222,2025-04
ORD00100,2025-04-21,Customer_0042,Advanced Meter,Energy Management,North,Arjun,8,12716.34,0.1,91557.65,66124.97,25432.68,0.2778,2025-04
ORD01768,2025-04-21,Customer_0082,Cloud Platform,Software,West,Kavya,8,35628.46,0.15,242273.53,85508.3,156765.22,0.6471,2025-04
ORD02359,2025-04-21,Customer_0036,Analytics License,Software,West,Priya,3,23399.68,0.2,56159.23,24569.66,31589.57,0.5625,2025-04
ORD04566,2025-04-21,Customer_0331,Advanced Meter,Energy Management,East,Sneha,20,12220.38,0.05,232187.22,158864.94,73322.28,0.3158,2025-04
ORD00980,2025-04-21,Customer_0403,Smart Meter,Energy Management,East,Aarav,6,7981.4,0.2,38310.72,32564.11,5746.61,0.15,2025-04
ORD01813,2025-04-21,Customer_0252,Smart Sensor,IoT Devices,South,Vikram,7,5337.67,0.1,33627.32,22791.85,10835.47,0.3222,2025-04
ORD02603,2025-04-21,Customer_0273,Network Controller,Networking,North,Priya,6,20061.85,0.05,114352.54,69815.24,44537.31,0.3895,2025-04
ORD04498,2025-04-21,Customer_0347,Smart Meter,Energy Management,East,Rohan,18,9066.21,0.15,138713.01,110970.41,27742.6,0.2,2025-04
ORD00419,2025-04-21,Customer_0024,Communication Module,IoT Devices,Central,Vikram,6,4225.99,0.1,22820.35,15720.68,7099.66,0.3111,2025-04
ORD01222,2025-04-21,Customer_0144,Advanced Meter,Energy Management,South,Rohan,13,12786.35,0.2,132978.04,108044.66,24933.38,0.1875,2025-04
ORD02829,2025-04-21,Customer_0396,Smart Meter,Energy Management,West,Rohan,16,8523.08,0.05,129550.82,92731.11,36819.71,0.2842,2025-04
ORD00090,2025-04-21,Customer_0008,Communication Module,IoT Devices,West,Ananya,16,3907.6,0.0,62521.6,38763.39,23758.21,0.38,2025-04
ORD00570,2025-04-22,Customer_0201,Data Logger,Data Solutions,West,Meera,17,6814.39,0.15,98467.94,72982.12,25485.82,0.2588,2025-04
ORD01165,2025-04-22,Customer_0472,Network Controller,Networking,South,Vikram,14,19235.68,0.2,215439.62,156193.72,59245.89,0.275,2025-04
ORD02745,2025-04-22,Customer_0378,Cloud Platform,Software,North,Kavya,6,37345.88,0.05,212871.52,67222.58,145648.93,0.6842,2025-04
ORD01308,2025-04-22,Customer_0408,Network Controller,Networking,Central,Arjun,4,18832.0,0.1,67795.2,43690.24,24104.96,0.3556,2025-04
ORD02734,2025-04-22,Customer_0013,IoT Gateway,IoT Devices,North,Vikram,7,14587.23,0.15,86794.02,61266.37,25527.65,0.2941,2025-04
ORD04207,2025-04-22,Customer_0083,Analytics License,Software,Central,Vikram,10,22748.04,0.2,181984.32,79618.14,102366.18,0.5625,2025-04
ORD01369,2025-04-22,Customer_0058,IoT Gateway,IoT Devices,Central,Rahul,2,15001.0,0.1,27001.8,18001.2,9000.6,0.3333,2025-04
ORD00294,2025-04-22,Customer_0234,Network Controller,Networking,South,Meera,13,18643.17,0.1,218125.09,140569.5,77555.59,0.3556,2025-04
ORD02047,2025-04-22,Customer_0245,Network Controller,Networking,Central,Meera,8,18660.91,0.0,149287.28,86586.62,62700.66,0.42,2025-04
ORD02622,2025-04-22,Customer_0474,Smart Meter,Energy Management,South,Rohan,5,8132.13,0.15,34561.55,27649.24,6912.31,0.2,2025-04
ORD03282,2025-04-22,Customer_0436,Network Controller,Networking,South,Arjun,5,20026.96,0.0,100134.8,58078.18,42056.62,0.42,2025-04
ORD00738,2025-04-23,Customer_0113,Energy Monitor,Energy Management,Central,Rohan,13,6596.88,0.1,77183.5,54886.04,22297.45,0.2889,2025-04
ORD03013,2025-04-23,Customer_0078,Data Logger,Data Solutions,West,Priya,13,7118.4,0.1,83285.28,58299.7,24985.58,0.3,2025-04
ORD02773,2025-04-23,Customer_0359,Cloud Platform,Software,South,Arjun,1,32713.53,0.2,26170.82,9814.06,16356.77,0.625,2025-04
ORD03949,2025-04-23,Customer_0252,Energy Monitor,Energy Management,West,Priya,16,6811.19,0.15,92632.18,69746.59,22885.6,0.2471,2025-04
ORD04925,2025-04-23,Customer_0089,Energy Monitor,Energy Management,South,Priya,12,6966.88,0.1,75242.3,53505.64,21736.67,0.2889,2025-04
ORD04982,2025-04-23,Customer_0269,Smart Sensor,IoT Devices,East,Ananya,4,6043.17,0.15,20546.78,14745.33,5801.44,0.2824,2025-04
ORD01892,2025-04-23,Customer_0487,Analytics License,Software,East,Ananya,8,21944.74,0.0,175557.92,61445.27,114112.65,0.65,2025-04
ORD02379,2025-04-23,Customer_0211,Cloud Platform,Software,South,Aarav,4,34087.81,0.05,129533.68,40905.37,88628.31,0.6842,2025-04
ORD02181,2025-04-23,Customer_0453,Cloud Platform,Software,North,Rahul,3,35739.57,0.1,96496.84,32165.61,64331.23,0.6667,2025-04
ORD03398,2025-04-24,Customer_0464,Communication Module,IoT Devices,Central,Kavya,20,4223.57,0.2,67577.12,52372.27,15204.85,0.225,2025-04
ORD01935,2025-04-24,Customer_0484,Energy Monitor,Energy Management,West,Ananya,20,7091.08,0.0,141821.6,90765.82,51055.78,0.36,2025-04
ORD00286,2025-04-24,Customer_0288,Network Controller,Networking,East,Aarav,20,17540.56,0.0,350811.2,203470.5,147340.7,0.42,2025-04
ORD02783,2025-04-24,Customer_0157,Cloud Platform,Software,South,Meera,1,35508.32,0.2,28406.66,10652.5,17754.16,0.625,2025-04
ORD01254,2025-04-24,Customer_0229,Smart Sensor,IoT Devices,East,Aarav,15,5062.49,0.15,64546.75,46321.78,18224.96,0.2824,2025-04
ORD01527,2025-04-24,Customer_0483,IoT Gateway,IoT Devices,South,Sneha,14,14416.06,0.1,181642.36,121094.9,60547.45,0.3333,2025-04
ORD03242,2025-04-24,Customer_0212,Smart Meter,Energy Management,North,Priya,12,8122.79,0.1,87726.13,66281.97,21444.17,0.2444,2025-04
ORD01220,2025-04-24,Customer_0175,IoT Gateway,IoT Devices,North,Rahul,4,13607.3,0.1,48986.28,32657.52,16328.76,0.3333,2025-04
ORD02966,2025-04-24,Customer_0174,Smart Sensor,IoT Devices,West,Rohan,5,5532.16,0.15,23511.68,16873.09,6638.59,0.2824,2025-04
ORD00492,2025-04-24,Customer_0354,IoT Gateway,IoT Devices,East,Meera,11,16308.84,0.0,179397.24,107638.34,71758.9,0.4,2025-04
ORD03301,2025-04-24,Customer_0078,Advanced Meter,Energy Management,West,Rohan,18,12974.44,0.0,233539.92,151800.95,81738.97,0.35,2025-04
ORD03719,2025-04-24,Customer_0387,Data Logger,Data Solutions,South,Rohan,8,6290.04,0.15,42772.27,31701.8,11070.47,0.2588,2025-04
ORD02412,2025-04-24,Customer_0047,Data Logger,Data Solutions,West,Vikram,15,6837.31,0.1,92303.69,64612.58,27691.11,0.3,2025-04
ORD04283,2025-04-24,Customer_0105,IoT Gateway,IoT Devices,Central,Aarav,20,14813.1,0.0,296262.0,177757.2,118504.8,0.4,2025-04
ORD01960,2025-04-25,Customer_0042,Energy Monitor,Energy Management,North,Ananya,3,7157.89,0.1,19326.3,13743.15,5583.15,0.2889,2025-04
ORD04896,2025-04-25,Customer_0336,Smart Meter,Energy Management,North,Ananya,6,8995.94,0.2,43180.51,36703.44,6477.08,0.15,2025-04
ORD01460,2025-04-25,Customer_0474,Smart Meter,Energy Management,West,Rohan,9,8632.73,0.1,69925.11,52832.31,17092.81,0.2444,2025-04
ORD03945,2025-04-25,Customer_0163,Smart Meter,Energy Management,East,Aarav,5,8788.86,0.05,41747.08,29882.12,11864.96,0.2842,2025-04
ORD00935,2025-04-25,Customer_0105,Data Logger,Data Solutions,East,Rahul,11,6314.56,0.0,69460.16,43759.9,25700.26,0.37,2025-04
ORD00059,2025-04-25,Customer_0114,Smart Sensor,IoT Devices,Central,Ananya,9,5495.64,0.15,42041.65,30171.06,11870.58,0.2824,2025-04
ORD01878,2025-04-25,Customer_0003,Network Controller,Networking,South,Ananya,19,16767.62,0.15,270797.06,184779.17,86017.89,0.3176,2025-04
ORD04649,2025-04-25,Customer_0217,Communication Module,IoT Devices,South,Sneha,11,4130.53,0.2,36348.66,28170.21,8178.45,0.225,2025-04
ORD04357,2025-04-25,Customer_0306,Cloud Platform,Software,South,Rohan,4,33051.81,0.2,105765.79,39662.17,66103.62,0.625,2025-04
ORD01264,2025-04-25,Customer_0014,Smart Sensor,IoT Devices,South,Kavya,4,5766.54,0.15,19606.24,14070.36,5535.88,0.2824,2025-04
ORD03188,2025-04-25,Customer_0206,Network Controller,Networking,North,Rohan,11,18914.08,0.05,197652.14,120671.83,76980.31,0.3895,2025-04
ORD00142,2025-04-25,Customer_0237,Smart Meter,Energy Management,North,Rohan,17,8106.75,0.1,124033.28,93714.03,30319.24,0.2444,2025-04
ORD02127,2025-04-25,Customer_0147,Network Controller,Networking,South,Arjun,2,20132.51,0.2,32212.02,23353.71,8858.3,0.275,2025-04
ORD00914,2025-04-25,Customer_0331,Network Controller,Networking,East,Rohan,20,19304.28,0.15,328172.76,223929.65,104243.11,0.3176,2025-04
ORD01481,2025-04-26,Customer_0448,Analytics License,Software,East,Kavya,10,21958.85,0.25,164691.38,76855.97,87835.4,0.5333,2025-04
ORD00039,2025-04-26,Customer_0281,Smart Meter,Energy Management,South,Kavya,1,8188.77,0.05,7779.33,5568.36,2210.97,0.2842,2025-04
ORD03142,2025-04-26,Customer_0172,Data Logger,Data Solutions,East,Priya,2,6447.37,0.05,12250.0,8123.69,4126.32,0.3368,2025-04
ORD00615,2025-04-26,Customer_0011,Communication Module,IoT Devices,Central,Arjun,16,3916.94,0.05,59537.49,38856.04,20681.44,0.3474,2025-04
ORD04156,2025-04-26,Customer_0023,Communication Module,IoT Devices,Central,Rohan,19,4214.88,0.1,72074.45,49651.29,22423.16,0.3111,2025-04
ORD02755,2025-04-26,Customer_0479,Smart Sensor,IoT Devices,East,Ananya,4,5274.46,0.15,17933.16,12869.68,5063.48,0.2824,2025-04
ORD00725,2025-04-26,Customer_0415,Communication Module,IoT Devices,North,Ananya,14,4343.65,0.15,51689.43,37702.88,13986.55,0.2706,2025-04
ORD01548,2025-04-26,Customer_0053,Energy Monitor,Energy Management,West,Kavya,13,6896.67,0.05,85173.87,57380.29,27793.58,0.3263,2025-04
ORD02557,2025-04-26,Customer_0060,Advanced Meter,Energy Management,Central,Rahul,10,11864.51,0.15,100848.34,77119.32,23729.02,0.2353,2025-04
ORD02976,2025-04-26,Customer_0164,Cloud Platform,Software,Central,Meera,10,38069.47,0.1,342625.23,114208.41,228416.82,0.6667,2025-04
ORD04703,2025-04-26,Customer_0362,Cloud Platform,Software,East,Aarav,4,34846.31,0.15,118477.45,41815.57,76661.88,0.6471,2025-04
ORD00626,2025-04-26,Customer_0288,Analytics License,Software,West,Priya,15,23278.29,0.0,349174.35,122211.02,226963.33,0.65,2025-04
ORD03789,2025-04-26,Customer_0341,Energy Monitor,Energy Management,Central,Ananya,5,7396.7,0.15,31435.98,23669.44,7766.54,0.2471,2025-04
ORD04036,2025-04-27,Customer_0341,Smart Meter,Energy Management,North,Arjun,20,8288.79,0.0,165775.8,112727.54,53048.26,0.32,2025-04
ORD01145,2025-04-27,Customer_0302,Network Controller,Networking,North,Rahul,11,19526.13,0.1,193308.69,124576.71,68731.98,0.3556,2025-04
ORD04612,2025-04-27,Customer_0477,Energy Monitor,Energy Management,Central,Sneha,8,7064.62,0.2,45213.57,36170.85,9042.71,0.2,2025-04
ORD00822,2025-04-27,Customer_0055,Network Controller,Networking,South,Meera,4,18040.65,0.2,57730.08,41854.31,15875.77,0.275,2025-04
ORD02852,2025-04-27,Customer_0145,Network Controller,Networking,East,Aarav,12,18681.95,0.15,190555.89,130026.37,60529.52,0.3176,2025-04
ORD00891,2025-04-27,Customer_0188,Advanced Meter,Energy Management,East,Kavya,4,11725.57,0.1,42212.05,30486.48,11725.57,0.2778,2025-04
ORD00699,2025-04-27,Customer_0058,Analytics License,Software,South,Vikram,17,22853.68,0.05,369086.93,135979.4,233107.54,0.6316,2025-04
ORD03302,2025-04-27,Customer_0455,Advanced Meter,Energy Management,East,Aarav,14,12225.99,0.0,171163.86,111256.51,59907.35,0.35,2025-04
ORD00301,2025-04-27,Customer_0228,Analytics License,Software,North,Rohan,4,22075.98,0.1,79473.53,30906.37,48567.16,0.6111,2025-04
ORD04103,2025-04-27,Customer_0349,Smart Sensor,IoT Devices,East,Aarav,16,5188.35,0.15,70561.56,50638.3,19923.26,0.2824,2025-04
ORD03078,2025-04-27,Customer_0287,Network Controller,Networking,North,Arjun,4,17960.69,0.2,57474.21,41668.8,15805.41,0.275,2025-04
ORD03599,2025-04-27,Customer_0432,Advanced Meter,Energy Management,East,Ananya,14,11761.46,0.0,164660.44,107029.29,57631.15,0.35,2025-04
ORD03422,2025-04-27,Customer_0031,Analytics License,Software,Central,Meera,12,21859.14,0.1,236078.71,91808.39,144270.32,0.6111,2025-04
ORD01522,2025-04-27,Customer_0398,Network Controller,Networking,West,Arjun,19,18623.56,0.1,318462.88,205231.63,113231.24,0.3556,2025-04
ORD03448,2025-04-27,Customer_0467,Network Controller,Networking,Central,Meera,12,18019.45,0.05,205421.73,125415.37,80006.36,0.3895,2025-04
ORD03948,2025-04-27,Customer_0457,Analytics License,Software,Central,Rohan,15,20888.31,0.15,266325.95,109663.63,156662.33,0.5882,2025-04
ORD02564,2025-04-27,Customer_0479,IoT Gateway,IoT Devices,West,Priya,14,13688.55,0.2,153311.76,114983.82,38327.94,0.25,2025-04
ORD04751,2025-04-27,Customer_0229,Smart Sensor,IoT Devices,East,Rohan,3,5114.09,0.0,15342.27,9358.78,5983.49,0.39,2025-04
ORD01503,2025-04-27,Customer_0451,Smart Sensor,IoT Devices,South,Kavya,15,5989.44,0.05,85349.52,54803.38,30546.14,0.3579,2025-04
ORD03202,2025-04-27,Customer_0229,Energy Monitor,Energy Management,Central,Kavya,19,7043.63,0.05,127137.52,85650.54,41486.98,0.3263,2025-04
ORD03796,2025-04-28,Customer_0030,Advanced Meter,Energy Management,North,Vikram,9,13214.53,0.1,107037.69,77305.0,29732.69,0.2778,2025-04
ORD00417,2025-04-28,Customer_0074,Smart Meter,Energy Management,Central,Arjun,10,8574.47,0.0,85744.7,58306.4,27438.3,0.32,2025-04
ORD00106,2025-04-28,Customer_0113,Smart Sensor,IoT Devices,West,Aarav,4,5417.98,0.1,19504.73,13219.87,6284.86,0.3222,2025-04
ORD04767,2025-04-28,Customer_0451,Communication Module,IoT Devices,West,Priya,6,4562.31,0.15,23267.78,16971.79,6295.99,0.2706,2025-04
ORD00240,2025-04-28,Customer_0472,Cloud Platform,Software,South,Vikram,9,37056.21,0.15,283480.01,100051.77,183428.24,0.6471,2025-04
ORD00770,2025-04-28,Customer_0408,Data Logger,Data Solutions,Central,Kavya,7,6581.34,0.1,41462.44,29023.71,12438.73,0.3,2025-04
ORD01413,2025-04-28,Customer_0152,Network Controller,Networking,West,Priya,5,19619.1,0.0,98095.5,56895.39,41200.11,0.42,2025-04
ORD03592,2025-04-28,Customer_0428,Analytics License,Software,North,Arjun,1,22022.84,0.1,19820.56,7707.99,12112.56,0.6111,2025-04
ORD04746,2025-04-28,Customer_0265,Advanced Meter,Energy Management,East,Rahul,17,11500.25,0.1,175953.82,127077.76,48876.06,0.2778,2025-04
ORD04992,2025-04-28,Customer_0233,Communication Module,IoT Devices,South,Sneha,7,4106.57,0.15,24434.09,17822.51,6611.58,0.2706,2025-04
ORD03731,2025-04-28,Customer_0319,Analytics License,Software,North,Arjun,9,20854.26,0.1,168919.51,65690.92,103228.59,0.6111,2025-04
ORD03333,2025-04-28,Customer_0176,IoT Gateway,IoT Devices,East,Rohan,2,14577.79,0.05,27697.8,17493.35,10204.45,0.3684,2025-04
ORD01132,2025-04-28,Customer_0470,Smart Meter,Energy Management,Central,Priya,6,7650.68,0.2,36723.26,31214.77,5508.49,0.15,2025-04
ORD00130,2025-04-28,Customer_0141,IoT Gateway,IoT Devices,East,Ananya,8,15006.59,0.1,108047.45,72031.63,36015.82,0.3333,2025-04
ORD04376,2025-04-28,Customer_0048,Energy Monitor,Energy Management,Central,Arjun,18,6978.32,0.1,113048.78,80390.25,32658.54,0.2889,2025-04
ORD02906,2025-04-29,Customer_0212,Communication Module,IoT Devices,West,Rohan,15,4592.27,0.15,58551.44,42708.11,15843.33,0.2706,2025-04
ORD02911,2025-04-29,Customer_0447,Data Logger,Data Solutions,Central,Rahul,14,6461.79,0.2,72372.05,56992.99,15379.06,0.2125,2025-04
ORD00846,2025-04-29,Customer_0314,Cloud Platform,Software,East,Priya,2,31948.66,0.1,57507.59,19169.2,38338.39,0.6667,2025-04
ORD02879,2025-04-29,Customer_0046,Cloud Platform,Software,Central,Vikram,17,34333.83,0.25,437756.33,175102.53,262653.8,0.6,2025-04
ORD00548,2025-04-29,Customer_0350,Data Logger,Data Solutions,Central,Rahul,12,7231.08,0.2,69418.37,54666.96,14751.4,0.2125,2025-04
ORD00218,2025-04-29,Customer_0325,Smart Meter,Energy Management,North,Aarav,3,8418.74,0.2,20204.98,17174.23,3030.75,0.15,2025-04
ORD03738,2025-04-29,Customer_0097,Smart Sensor,IoT Devices,North,Sneha,7,5625.03,0.1,35437.69,24018.88,11418.81,0.3222,2025-04
ORD04973,2025-04-29,Customer_0308,Data Logger,Data Solutions,Central,Priya,14,7056.78,0.0,98794.92,62240.8,36554.12,0.37,2025-04
ORD00997,2025-04-29,Customer_0052,Data Logger,Data Solutions,East,Aarav,18,6700.43,0.15,102516.58,75982.88,26533.7,0.2588,2025-04
ORD01728,2025-04-29,Customer_0459,Analytics License,Software,East,Meera,6,21202.17,0.1,114491.72,44524.56,69967.16,0.6111,2025-04
ORD03683,2025-04-29,Customer_0318,Energy Monitor,Energy Management,East,Priya,5,7444.95,0.15,31641.04,23823.84,7817.2,0.2471,2025-04
ORD04685,2025-04-29,Customer_0477,Network Controller,Networking,South,Arjun,6,18318.79,0.0,109912.74,63749.39,46163.35,0.42,2025-04
ORD03562,2025-04-29,Customer_0328,Advanced Meter,Energy Management,Central,Meera,8,13020.38,0.05,98954.89,67705.98,31248.91,0.3158,2025-04
ORD03709,2025-04-29,Customer_0369,Network Controller,Networking,South,Sneha,19,19469.53,0.05,351425.02,214554.22,136870.8,0.3895,2025-04
ORD03980,2025-04-29,Customer_0348,Analytics License,Software,Central,Rohan,19,22503.05,0.15,363424.26,149645.28,213778.98,0.5882,2025-04
ORD03837,2025-04-29,Customer_0154,Analytics License,Software,East,Vikram,11,22548.05,0.0,248028.55,86809.99,161218.56,0.65,2025-04
ORD02628,2025-04-29,Customer_0236,Cloud Platform,Software,East,Meera,2,36589.09,0.1,65860.36,21953.45,43906.91,0.6667,2025-04
ORD00677,2025-04-29,Customer_0416,Communication Module,IoT Devices,Central,Rohan,17,4260.15,0.05,68801.42,44901.98,23899.44,0.3474,2025-04
ORD03079,2025-04-29,Customer_0429,IoT Gateway,IoT Devices,Central,Meera,5,13722.9,0.15,58322.32,41168.7,17153.62,0.2941,2025-04
ORD04613,2025-04-29,Customer_0075,Data Logger,Data Solutions,South,Vikram,19,6608.59,0.15,106728.73,79104.82,27623.91,0.2588,2025-04
ORD04375,2025-04-29,Customer_0078,Network Controller,Networking,West,Meera,18,19173.68,0.15,293357.3,200173.22,93184.08,0.3176,2025-04
ORD04629,2025-04-29,Customer_0203,Advanced Meter,Energy Management,East,Vikram,2,12624.6,0.25,18936.9,16411.98,2524.92,0.1333,2025-04
ORD00346,2025-04-30,Customer_0158,Analytics License,Software,West,Rahul,16,20853.84,0.15,283612.22,116781.5,166830.72,0.5882,2025-04
ORD04783,2025-04-30,Customer_0433,Energy Monitor,Energy Management,South,Priya,8,7658.33,0.25,45949.98,39210.65,6739.33,0.1467,2025-04
ORD02657,2025-04-30,Customer_0308,Smart Meter,Energy Management,West,Rahul,13,8725.61,0.1,102089.64,77134.39,24955.24,0.2444,2025-04
ORD01346,2025-04-30,Customer_0250,Advanced Meter,Energy Management,West,Arjun,5,13568.02,0.1,61056.09,44096.07,16960.03,0.2778,2025-04
ORD04050,2025-04-30,Customer_0155,Smart Sensor,IoT Devices,West,Meera,1,5257.77,0.05,4994.88,3207.24,1787.64,0.3579,2025-04
ORD03846,2025-04-30,Customer_0433,Smart Meter,Energy Management,Central,Rohan,18,8574.89,0.15,131195.82,104956.65,26239.16,0.2,2025-04
ORD03613,2025-04-30,Customer_0011,Smart Meter,Energy Management,West,Ananya,14,8804.1,0.0,123257.4,83815.03,39442.37,0.32,2025-04
ORD04562,2025-04-30,Customer_0257,Smart Meter,Energy Management,East,Ananya,3,9149.91,0.15,23332.27,18665.82,4666.45,0.2,2025-04
ORD00762,2025-04-30,Customer_0130,Energy Monitor,Energy Management,North,Ananya,1,6609.25,0.2,5287.4,4229.92,1057.48,0.2,2025-04
ORD00048,2025-04-30,Customer_0229,Smart Meter,Energy Management,South,Arjun,19,8396.25,0.0,159528.75,108479.55,51049.2,0.32,2025-04
ORD03791,2025-04-30,Customer_0475,Analytics License,Software,South,Arjun,4,21675.49,0.05,82366.86,30345.69,52021.18,0.6316,2025-04
ORD02414,2025-04-30,Customer_0046,Analytics License,Software,West,Rohan,10,21629.47,0.05,205479.96,75703.15,129776.82,0.6316,2025-04
ORD01695,2025-04-30,Customer_0189,Communication Module,IoT Devices,Central,Priya,4,3976.94,0.15,13521.6,9862.81,3658.78,0.2706,2025-04
ORD00901,2025-04-30,Customer_0082,Analytics License,Software,South,Vikram,10,19923.73,0.1,179313.57,69733.05,109580.52,0.6111,2025-04
ORD03889,2025-04-30,Customer_0384,IoT Gateway,IoT Devices,North,Kavya,17,15488.85,0.1,236979.41,157986.27,78993.14,0.3333,2025-04
ORD04294,2025-05-01,Customer_0494,Communication Module,IoT Devices,South,Rahul,3,3858.55,0.1,10418.09,7176.9,3241.18,0.3111,2025-05
ORD01417,2025-05-01,Customer_0268,Data Logger,Data Solutions,East,Aarav,13,6481.23,0.15,71617.59,53081.27,18536.32,0.2588,2025-05
ORD03756,2025-05-01,Customer_0197,Advanced Meter,Energy Management,East,Ananya,19,12846.42,0.15,207469.68,158653.29,48816.4,0.2353,2025-05
ORD04517,2025-05-01,Customer_0364,IoT Gateway,IoT Devices,West,Vikram,12,14232.12,0.15,145167.62,102471.26,42696.36,0.2941,2025-05
ORD04800,2025-05-01,Customer_0235,Energy Monitor,Energy Management,Central,Vikram,19,7913.92,0.05,142846.26,96233.27,46612.99,0.3263,2025-05
ORD04976,2025-05-01,Customer_0119,Cloud Platform,Software,Central,Kavya,3,31925.47,0.05,90987.59,28732.92,62254.67,0.6842,2025-05
ORD03510,2025-05-01,Customer_0261,Network Controller,Networking,Central,Sneha,6,20205.24,0.2,96985.15,70314.24,26670.92,0.275,2025-05
ORD03863,2025-05-01,Customer_0480,Energy Monitor,Energy Management,West,Ananya,17,6807.11,0.0,115720.87,74061.36,41659.51,0.36,2025-05
ORD01400,2025-05-01,Customer_0497,Smart Meter,Energy Management,North,Sneha,15,8721.06,0.05,124275.1,88954.81,35320.29,0.2842,2025-05
ORD02638,2025-05-01,Customer_0410,Advanced Meter,Energy Management,Central,Priya,16,11986.55,0.0,191784.8,124660.12,67124.68,0.35,2025-05
ORD04654,2025-05-01,Customer_0190,Advanced Meter,Energy Management,Central,Vikram,13,13671.39,0.05,168841.67,115523.25,53318.42,0.3158,2025-05
ORD03873,2025-05-01,Customer_0192,Energy Monitor,Energy Management,East,Rohan,1,6666.6,0.05,6333.27,4266.62,2066.65,0.3263,2025-05
ORD01169,2025-05-01,Customer_0385,Advanced Meter,Energy Management,West,Rohan,5,13230.98,0.05,62847.15,43000.68,19846.47,0.3158,2025-05
ORD04927,2025-05-01,Customer_0278,IoT Gateway,IoT Devices,North,Kavya,6,15928.53,0.0,95571.18,57342.71,38228.47,0.4,2025-05
ORD02579,2025-05-02,Customer_0480,Network Controller,Networking,East,Rahul,1,18141.1,0.15,15419.93,10521.84,4898.1,0.3176,2025-05
ORD03803,2025-05-02,Customer_0007,Energy Monitor,Energy Management,West,Vikram,2,7351.81,0.05,13968.44,9410.32,4558.12,0.3263,2025-05
ORD00369,2025-05-02,Customer_0156,Analytics License,Software,West,Vikram,12,23312.87,0.2,223803.55,97914.05,125889.5,0.5625,2025-05
ORD01902,2025-05-02,Customer_0038,Advanced Meter,Energy Management,North,Kavya,15,12944.68,0.1,174753.18,126210.63,48542.55,0.2778,2025-05
ORD00503,2025-05-02,Customer_0162,Smart Sensor,IoT Devices,North,Meera,10,5648.1,0.1,50832.9,34453.41,16379.49,0.3222,2025-05
ORD01914,2025-05-02,Customer_0015,Smart Sensor,IoT Devices,North,Priya,10,5180.81,0.25,38856.08,31602.94,7253.13,0.1867,2025-05
ORD00287,2025-05-02,Customer_0018,Energy Monitor,Energy Management,Central,Arjun,7,7698.98,0.2,43114.29,34491.43,8622.86,0.2,2025-05
ORD02325,2025-05-02,Customer_0221,Smart Meter,Energy Management,South,Priya,20,9349.67,0.1,168294.06,127155.51,41138.55,0.2444,2025-05
ORD02075,2025-05-02,Customer_0170,Smart Meter,Energy Management,Central,Priya,13,9105.84,0.05,112457.12,80495.63,31961.5,0.2842,2025-05
ORD04966,2025-05-03,Customer_0386,Advanced Meter,Energy Management,North,Meera,5,12042.84,0.0,60214.2,39139.23,21074.97,0.35,2025-05
ORD03804,2025-05-03,Customer_0484,Advanced Meter,Energy Management,North,Rohan,17,11783.01,0.15,170264.49,130202.26,40062.23,0.2353,2025-05
ORD04784,2025-05-03,Customer_0187,Cloud Platform,Software,North,Arjun,19,35686.72,0.0,678047.68,203414.3,474633.38,0.7,2025-05
ORD04311,2025-05-03,Customer_0070,Energy Monitor,Energy Management,West,Meera,6,7323.69,0.0,43942.14,28122.97,15819.17,0.36,2025-05
ORD00869,2025-05-03,Customer_0412,Advanced Meter,Energy Management,North,Vikram,1,12535.57,0.1,11282.01,8148.12,3133.89,0.2778,2025-05
ORD03345,2025-05-03,Customer_0387,Network Controller,Networking,West,Vikram,6,19469.17,0.05,110974.27,67752.71,43221.56,0.3895,2025-05
ORD00397,2025-05-03,Customer_0375,Communication Module,IoT Devices,South,Meera,6,4031.64,0.0,24189.84,14997.7,9192.14,0.38,2025-05
ORD01993,2025-05-03,Customer_0343,Analytics License,Software,West,Aarav,6,23101.55,0.15,117817.9,48513.25,69304.65,0.5882,2025-05
ORD00118,2025-05-03,Customer_0159,Data Logger,Data Solutions,West,Ananya,10,6585.23,0.2,52681.84,41486.95,11194.89,0.2125,2025-05
ORD04674,2025-05-03,Customer_0274,Network Controller,Networking,North,Kavya,15,19963.82,0.2,239565.84,173685.23,65880.61,0.275,2025-05
ORD00173,2025-05-03,Customer_0170,Communication Module,IoT Devices,North,Ananya,9,3817.28,0.2,27484.42,21300.42,6183.99,0.225,2025-05
ORD02576,2025-05-03,Customer_0138,Network Controller,Networking,Central,Kavya,16,19234.81,0.1,276981.26,178499.04,98482.23,0.3556,2025-05
ORD01425,2025-05-04,Customer_0462,Smart Meter,Energy Management,East,Ananya,5,8596.77,0.0,42983.85,29229.02,13754.83,0.32,2025-05
ORD03311,2025-05-04,Customer_0403,Network Controller,Networking,North,Ananya,13,19635.35,0.05,242496.57,148050.54,94446.03,0.3895,2025-05
ORD03183,2025-05-04,Customer_0060,Analytics License,Software,Central,Kavya,16,20285.26,0.15,275879.54,113597.46,162282.08,0.5882,2025-05
ORD02066,2025-05-04,Customer_0461,Advanced Meter,Energy Management,North,Meera,13,13503.68,0.05,166770.45,114106.1,52664.35,0.3158,2025-05
ORD00377,2025-05-04,Customer_0274,Smart Sensor,IoT Devices,West,Vikram,5,5471.41,0.1,24621.34,16687.8,7933.54,0.3222,2025-05
ORD04542,2025-05-04,Customer_0222,Communication Module,IoT Devices,Central,Kavya,20,3882.77,0.1,69889.86,48146.35,21743.51,0.3111,2025-05
ORD01990,2025-05-04,Customer_0117,Advanced Meter,Energy Management,Central,Rohan,2,11981.81,0.05,22765.44,15576.35,7189.09,0.3158,2025-05
ORD00269,2025-05-04,Customer_0116,IoT Gateway,IoT Devices,Central,Rahul,6,14778.25,0.0,88669.5,53201.7,35467.8,0.4,2025-05
ORD04370,2025-05-04,Customer_0475,IoT Gateway,IoT Devices,South,Priya,17,15206.31,0.2,206805.82,155104.36,51701.45,0.25,2025-05
ORD01018,2025-05-04,Customer_0229,Smart Meter,Energy Management,South,Vikram,19,7786.03,0.1,133141.11,100595.51,32545.61,0.2444,2025-05
ORD02801,2025-05-04,Customer_0297,Network Controller,Networking,South,Ananya,1,17657.21,0.05,16774.35,10241.18,6533.17,0.3895,2025-05
ORD04617,2025-05-04,Customer_0090,Cloud Platform,Software,East,Kavya,14,37792.92,0.0,529100.88,158730.26,370370.62,0.7,2025-05
ORD04686,2025-05-04,Customer_0170,Cloud Platform,Software,South,Rahul,4,36728.05,0.1,132220.98,44073.66,88147.32,0.6667,2025-05
ORD01127,2025-05-04,Customer_0060,Cloud Platform,Software,North,Rahul,10,35307.15,0.05,335417.92,105921.45,229496.47,0.6842,2025-05
ORD03267,2025-05-04,Customer_0444,Analytics License,Software,North,Arjun,8,23874.11,0.15,162343.95,66847.51,95496.44,0.5882,2025-05
ORD03065,2025-05-05,Customer_0370,Cloud Platform,Software,Central,Kavya,7,37913.74,0.05,252126.37,79618.85,172507.52,0.6842,2025-05
ORD00319,2025-05-05,Customer_0424,Communication Module,IoT Devices,West,Meera,7,4238.16,0.0,29667.12,18393.61,11273.51,0.38,2025-05
ORD01591,2025-05-05,Customer_0079,Analytics License,Software,South,Rahul,5,20531.77,0.15,87260.02,35930.6,51329.43,0.5882,2025-05
ORD03573,2025-05-05,Customer_0477,Smart Sensor,IoT Devices,East,Priya,16,5018.29,0.05,76278.01,48978.51,27299.5,0.3579,2025-05
ORD03572,2025-05-05,Customer_0199,Data Logger,Data Solutions,West,Ananya,15,6452.85,0.05,91953.11,60979.43,30973.68,0.3368,2025-05
ORD01182,2025-05-05,Customer_0439,Advanced Meter,Energy Management,Central,Priya,1,11435.44,0.05,10863.67,7433.04,3430.63,0.3158,2025-05
ORD03876,2025-05-05,Customer_0058,Smart Sensor,IoT Devices,South,Priya,6,5618.18,0.0,33709.08,20562.54,13146.54,0.39,2025-05
ORD03243,2025-05-05,Customer_0137,IoT Gateway,IoT Devices,East,Aarav,15,16160.27,0.05,230283.85,145442.43,84841.42,0.3684,2025-05
ORD01376,2025-05-05,Customer_0019,IoT Gateway,IoT Devices,South,Priya,2,13557.13,0.15,23047.12,16268.56,6778.56,0.2941,2025-05
ORD04789,2025-05-05,Customer_0104,IoT Gateway,IoT Devices,North,Kavya,9,13769.33,0.1,111531.57,74354.38,37177.19,0.3333,2025-05
ORD04258,2025-05-05,Customer_0150,Network Controller,Networking,West,Kavya,6,18940.71,0.15,96597.62,65913.67,30683.95,0.3176,2025-05
ORD02518,2025-05-05,Customer_0116,Smart Meter,Energy Management,North,Meera,7,8106.75,0.0,56747.25,38588.13,18159.12,0.32,2025-05
ORD02592,2025-05-05,Customer_0430,Smart Meter,Energy Management,North,Priya,11,9076.32,0.15,84863.59,67890.87,16972.72,0.2,2025-05
ORD00786,2025-05-05,Customer_0140,Analytics License,Software,North,Priya,19,21943.73,0.0,416930.87,145925.8,271005.07,0.65,2025-05
ORD03429,2025-05-05,Customer_0057,Advanced Meter,Energy Management,West,Meera,19,13035.31,0.1,222903.8,160986.08,61917.72,0.2778,2025-05
ORD01269,2025-05-05,Customer_0318,Smart Sensor,IoT Devices,North,Arjun,10,5393.05,0.0,53930.5,32897.6,21032.9,0.39,2025-05
ORD03923,2025-05-05,Customer_0213,Smart Sensor,IoT Devices,North,Aarav,17,5745.89,0.05,92796.12,59584.88,33211.24,0.3579,2025-05
ORD04098,2025-05-06,Customer_0459,Smart Meter,Energy Management,West,Ananya,9,7983.29,0.2,57479.69,48857.73,8621.95,0.15,2025-05
ORD04859,2025-05-06,Customer_0145,Communication Module,IoT Devices,South,Rohan,15,4488.3,0.05,63958.27,41741.19,22217.08,0.3474,2025-05
ORD03455,2025-05-06,Customer_0128,Network Controller,Networking,Central,Sneha,19,18319.48,0.25,261052.59,201880.67,59171.92,0.2267,2025-05
ORD02925,2025-05-06,Customer_0446,IoT Gateway,IoT Devices,Central,Vikram,11,14774.06,0.1,146263.19,97508.8,48754.4,0.3333,2025-05
ORD04513,2025-05-06,Customer_0007,Cloud Platform,Software,West,Rahul,5,32401.45,0.2,129605.8,48602.17,81003.62,0.625,2025-05
ORD01257,2025-05-06,Customer_0105,IoT Gateway,IoT Devices,South,Rohan,15,14009.28,0.25,157604.4,126083.52,31520.88,0.2,2025-05
ORD02448,2025-05-06,Customer_0170,Communication Module,IoT Devices,North,Sneha,16,4363.36,0.05,66323.07,43284.53,23038.54,0.3474,2025-05
ORD03284,2025-05-06,Customer_0450,Cloud Platform,Software,East,Sneha,19,34903.9,0.05,630015.39,198952.23,431063.16,0.6842,2025-05
ORD03126,2025-05-06,Customer_0283,Smart Sensor,IoT Devices,East,Arjun,4,5667.27,0.1,20402.17,13828.14,6574.03,0.3222,2025-05
ORD01907,2025-05-07,Customer_0371,IoT Gateway,IoT Devices,North,Rahul,6,13746.88,0.15,70109.09,49488.77,20620.32,0.2941,2025-05
ORD00049,2025-05-07,Customer_0122,Cloud Platform,Software,North,Priya,9,36319.5,0.0,326875.5,98062.65,228812.85,0.7,2025-05
ORD04413,2025-05-07,Customer_0036,IoT Gateway,IoT Devices,East,Aarav,14,14202.23,0.1,178948.1,119298.73,59649.37,0.3333,2025-05
ORD03007,2025-05-07,Customer_0312,Energy Monitor,Energy Management,West,Priya,7,7068.31,0.05,47004.26,31666.03,15338.23,0.3263,2025-05
ORD00804,2025-05-07,Customer_0255,Energy Monitor,Energy Management,West,Arjun,7,7574.98,0.15,45071.13,33935.91,11135.22,0.2471,2025-05
ORD00565,2025-05-07,Customer_0084,Network Controller,Networking,West,Meera,9,17584.79,0.1,142436.8,91792.6,50644.2,0.3556,2025-05
ORD03783,2025-05-07,Customer_0190,Data Logger,Data Solutions,South,Priya,6,7309.24,0.0,43855.44,27628.93,16226.51,0.37,2025-05
ORD01535,2025-05-07,Customer_0417,Energy Monitor,Energy Management,North,Kavya,13,6702.47,0.1,78418.9,55764.55,22654.35,0.2889,2025-05
ORD02293,2025-05-08,Customer_0333,Analytics License,Software,North,Vikram,16,23150.54,0.1,333367.78,129643.02,203724.75,0.6111,2025-05
ORD02627,2025-05-08,Customer_0291,Advanced Meter,Energy Management,East,Meera,7,13164.56,0.05,87544.32,59898.75,27645.58,0.3158,2025-05
ORD04837,2025-05-08,Customer_0427,Analytics License,Software,West,Sneha,4,21499.64,0.25,64498.92,30099.5,34399.42,0.5333,2025-05
ORD01344,2025-05-08,Customer_0195,Analytics License,Software,East,Meera,13,21072.45,0.2,219153.48,95879.65,123273.83,0.5625,2025-05
ORD04037,2025-05-08,Customer_0499,Energy Monitor,Energy Management,West,Rohan,12,6913.78,0.2,66372.29,53097.83,13274.46,0.2,2025-05
ORD02908,2025-05-08,Customer_0286,Cloud Platform,Software,West,Arjun,2,36719.26,0.1,66094.67,22031.56,44063.11,0.6667,2025-05
ORD03681,2025-05-08,Customer_0214,Cloud Platform,Software,South,Rahul,1,38202.91,0.1,34382.62,11460.87,22921.75,0.6667,2025-05
ORD01133,2025-05-08,Customer_0288,IoT Gateway,IoT Devices,South,Rohan,15,16186.93,0.0,242803.95,145682.37,97121.58,0.4,2025-05
ORD03795,2025-05-08,Customer_0036,Network Controller,Networking,East,Priya,10,18790.25,0.05,178507.38,108983.45,69523.92,0.3895,2025-05
ORD01178,2025-05-08,Customer_0289,Analytics License,Software,Central,Ananya,14,22720.68,0.0,318089.52,111331.33,206758.19,0.65,2025-05
ORD02669,2025-05-08,Customer_0276,Advanced Meter,Energy Management,West,Rahul,6,13688.25,0.15,69810.08,53384.18,16425.9,0.2353,2025-05
ORD04023,2025-05-08,Customer_0417,Data Logger,Data Solutions,South,Meera,7,6459.02,0.1,40691.83,28484.28,12207.55,0.3,2025-05
ORD04728,2025-05-08,Customer_0438,Smart Sensor,IoT Devices,Central,Meera,10,5395.29,0.0,53952.9,32911.27,21041.63,0.39,2025-05
ORD00028,2025-05-08,Customer_0476,IoT Gateway,IoT Devices,North,Vikram,7,16310.19,0.0,114171.33,68502.8,45668.53,0.4,2025-05
ORD01314,2025-05-08,Customer_0245,IoT Gateway,IoT Devices,Central,Vikram,20,14741.78,0.05,280093.82,176901.36,103192.46,0.3684,2025-05
ORD00865,2025-05-08,Customer_0038,Smart Sensor,IoT Devices,Central,Rohan,7,5099.23,0.05,33909.88,21773.71,12136.17,0.3579,2025-05
ORD01826,2025-05-09,Customer_0447,Smart Sensor,IoT Devices,Central,Arjun,6,5092.97,0.1,27502.04,18640.27,8861.77,0.3222,2025-05
ORD03213,2025-05-09,Customer_0071,IoT Gateway,IoT Devices,North,Ananya,1,13874.71,0.1,12487.24,8324.83,4162.41,0.3333,2025-05
ORD04851,2025-05-09,Customer_0177,Cloud Platform,Software,North,Kavya,11,34813.37,0.0,382947.07,114884.12,268062.95,0.7,2025-05
ORD01991,2025-05-09,Customer_0387,Smart Meter,Energy Management,South,Vikram,13,8467.79,0.15,93569.08,74855.26,18713.82,0.2,2025-05
ORD03177,2025-05-09,Customer_0331,IoT Gateway,IoT Devices,South,Aarav,1,13773.4,0.0,13773.4,8264.04,5509.36,0.4,2025-05
ORD00441,2025-05-09,Customer_0117,Communication Module,IoT Devices,East,Rahul,7,4092.25,0.1,25781.18,17760.37,8020.81,0.3111,2025-05
ORD00882,2025-05-09,Customer_0125,Network Controller,Networking,East,Kavya,10,18547.49,0.05,176201.16,107575.44,68625.71,0.3895,2025-05
ORD01274,2025-05-09,Customer_0472,Analytics License,Software,North,Rohan,8,20671.34,0.0,165370.72,57879.75,107490.97,0.65,2025-05
ORD04435,2025-05-09,Customer_0476,IoT Gateway,IoT Devices,Central,Kavya,20,13836.88,0.1,249063.84,166042.56,83021.28,0.3333,2025-05
ORD00276,2025-05-10,Customer_0314,Smart Meter,Energy Management,West,Ananya,16,8082.94,0.2,103461.63,87942.39,15519.24,0.15,2025-05
ORD04157,2025-05-10,Customer_0403,Smart Sensor,IoT Devices,North,Vikram,11,5413.45,0.15,50615.76,36324.25,14291.51,0.2824,2025-05
ORD04374,2025-05-10,Customer_0233,Network Controller,Networking,South,Arjun,19,20030.68,0.2,304466.34,220738.09,83728.24,0.275,2025-05
ORD00760,2025-05-10,Customer_0089,Smart Sensor,IoT Devices,West,Kavya,4,5519.02,0.1,19868.47,13466.41,6402.06,0.3222,2025-05
ORD04615,2025-05-10,Customer_0203,Cloud Platform,Software,Central,Arjun,8,37861.7,0.1,272604.24,90868.08,181736.16,0.6667,2025-05
ORD02541,2025-05-10,Customer_0465,Smart Meter,Energy Management,West,Ananya,17,8934.35,0.0,151883.95,103281.09,48602.86,0.32,2025-05
ORD02497,2025-05-10,Customer_0204,Network Controller,Networking,East,Rahul,3,20108.89,0.05,57310.34,34989.47,22320.87,0.3895,2025-05
ORD01063,2025-05-10,Customer_0378,Network Controller,Networking,North,Rahul,5,16852.44,0.1,75835.98,48872.08,26963.9,0.3556,2025-05
ORD00927,2025-05-10,Customer_0099,Network Controller,Networking,West,Rohan,5,17568.66,0.25,65882.48,50949.11,14933.36,0.2267,2025-05
ORD00713,2025-05-10,Customer_0375,Smart Meter,Energy Management,East,Meera,13,8377.91,0.15,92575.91,74060.72,18515.18,0.2,2025-05
ORD03266,2025-05-10,Customer_0454,Network Controller,Networking,East,Aarav,16,16916.15,0.05,257125.48,156981.87,100143.61,0.3895,2025-05
ORD00732,2025-05-10,Customer_0390,Smart Sensor,IoT Devices,North,Rohan,4,5514.16,0.05,20953.81,13454.55,7499.26,0.3579,2025-05
ORD02704,2025-05-10,Customer_0230,Smart Meter,Energy Management,West,Vikram,17,8735.66,0.05,141080.91,100984.23,40096.68,0.2842,2025-05
ORD02556,2025-05-10,Customer_0299,Analytics License,Software,South,Aarav,15,22009.5,0.15,280621.12,115549.87,165071.25,0.5882,2025-05
ORD02406,2025-05-11,Customer_0052,Communication Module,IoT Devices,West,Rohan,9,4372.71,0.1,35418.95,24399.72,11019.23,0.3111,2025-05
ORD02328,2025-05-11,Customer_0001,Smart Meter,Energy Management,Central,Kavya,8,8583.26,0.05,65232.78,46692.93,18539.84,0.2842,2025-05
ORD01093,2025-05-11,Customer_0130,IoT Gateway,IoT Devices,East,Arjun,9,15917.72,0.05,136096.51,85955.69,50140.82,0.3684,2025-05
ORD01569,2025-05-11,Customer_0409,Cloud Platform,Software,West,Ananya,15,38349.46,0.1,517717.71,172572.57,345145.14,0.6667,2025-05
ORD01197,2025-05-11,Customer_0232,Energy Monitor,Energy Management,East,Rohan,3,7243.02,0.15,18469.7,13906.6,4563.1,0.2471,2025-05
ORD03687,2025-05-11,Customer_0125,Smart Sensor,IoT Devices,West,Kavya,2,5714.15,0.25,8571.22,6971.26,1599.96,0.1867,2025-05
ORD03375,2025-05-11,Customer_0338,Energy Monitor,Energy Management,East,Meera,18,6978.96,0.2,100497.02,80397.62,20099.4,0.2,2025-05
ORD03758,2025-05-11,Customer_0308,Cloud Platform,Software,South,Vikram,12,32381.29,0.0,388575.48,116572.64,272002.84,0.7,2025-05
ORD00562,2025-05-11,Customer_0096,Communication Module,IoT Devices,Central,Kavya,13,4121.51,0.2,42863.7,33219.37,9644.33,0.225,2025-05
ORD01454,2025-05-11,Customer_0129,Network Controller,Networking,North,Arjun,16,20344.16,0.15,276680.58,188793.8,87886.77,0.3176,2025-05
ORD04477,2025-05-11,Customer_0249,Smart Meter,Energy Management,West,Aarav,7,7817.75,0.05,51988.04,37212.49,14775.55,0.2842,2025-05
ORD02886,2025-05-11,Customer_0067,Cloud Platform,Software,North,Aarav,10,35044.56,0.1,315401.04,105133.68,210267.36,0.6667,2025-05
ORD01891,2025-05-11,Customer_0072,Data Logger,Data Solutions,North,Vikram,5,6332.49,0.25,23746.84,19947.34,3799.49,0.16,2025-05
ORD04072,2025-05-12,Customer_0182,Communication Module,IoT Devices,East,Meera,7,4362.67,0.1,27484.82,18933.99,8550.83,0.3111,2025-05
ORD02291,2025-05-12,Customer_0126,Smart Sensor,IoT Devices,East,Ananya,12,5890.76,0.2,56551.3,43120.36,13430.93,0.2375,2025-05
ORD01472,2025-05-12,Customer_0030,Smart Meter,Energy Management,East,Sneha,4,8428.0,0.05,32026.4,22924.16,9102.24,0.2842,2025-05
ORD04262,2025-05-12,Customer_0460,Communication Module,IoT Devices,Central,Arjun,17,4525.14,0.15,65388.27,47694.98,17693.3,0.2706,2025-05
ORD03362,2025-05-12,Customer_0103,Cloud Platform,Software,East,Vikram,15,37885.74,0.0,568286.1,170485.83,397800.27,0.7,2025-05
ORD03645,2025-05-12,Customer_0251,Advanced Meter,Energy Management,South,Meera,19,13243.29,0.05,239041.38,163554.63,75486.75,0.3158,2025-05
ORD02989,2025-05-12,Customer_0450,Communication Module,IoT Devices,North,Meera,12,3926.96,0.15,40054.99,29216.58,10838.41,0.2706,2025-05
ORD00785,2025-05-12,Customer_0081,Network Controller,Networking,South,Priya,18,19342.24,0.2,278528.26,201932.99,76595.27,0.275,2025-05
ORD04637,2025-05-12,Customer_0398,Analytics License,Software,South,Aarav,1,21255.47,0.15,18067.15,7439.41,10627.74,0.5882,2025-05
ORD00666,2025-05-12,Customer_0071,IoT Gateway,IoT Devices,South,Vikram,11,15594.6,0.05,162963.57,102924.36,60039.21,0.3684,2025-05
ORD00561,2025-05-12,Customer_0187,Analytics License,Software,West,Arjun,7,23902.22,0.15,142218.21,58560.44,83657.77,0.5882,2025-05
ORD01050,2025-05-12,Customer_0402,Smart Sensor,IoT Devices,Central,Ananya,5,5569.48,0.2,22277.92,16986.91,5291.01,0.2375,2025-05
ORD01444,2025-05-12,Customer_0420,Network Controller,Networking,Central,Sneha,4,19035.29,0.05,72334.1,44161.87,28172.23,0.3895,2025-05
ORD03885,2025-05-12,Customer_0159,Analytics License,Software,East,Vikram,15,24089.15,0.15,307136.66,126468.04,180668.62,0.5882,2025-05
ORD02378,2025-05-12,Customer_0334,Smart Meter,Energy Management,East,Vikram,17,8905.87,0.0,151399.79,102951.86,48447.93,0.32,2025-05
ORD00972,2025-05-12,Customer_0007,Advanced Meter,Energy Management,West,Arjun,10,13201.71,0.1,118815.39,85811.11,33004.27,0.2778,2025-05
ORD00447,2025-05-12,Customer_0109,Data Logger,Data Solutions,Central,Ananya,10,7328.89,0.1,65960.01,46172.01,19788.0,0.3,2025-05
ORD00736,2025-05-12,Customer_0059,Energy Monitor,Energy Management,North,Meera,4,6828.73,0.0,27314.92,17481.55,9833.37,0.36,2025-05
ORD03286,2025-05-12,Customer_0444,Advanced Meter,Energy Management,South,Rahul,11,11301.31,0.15,105667.25,80804.37,24862.88,0.2353,2025-05
ORD03020,2025-05-13,Customer_0233,Communication Module,IoT Devices,North,Kavya,20,4194.78,0.1,75506.04,52015.27,23490.77,0.3111,2025-05
ORD00093,2025-05-13,Customer_0433,Smart Meter,Energy Management,South,Vikram,9,8255.19,0.2,59437.37,50521.76,8915.61,0.15,2025-05
ORD01393,2025-05-13,Customer_0015,Analytics License,Software,East,Vikram,18,21299.89,0.15,325888.32,134189.31,191699.01,0.5882,2025-05
ORD01600,2025-05-13,Customer_0116,Communication Module,IoT Devices,North,Meera,9,4554.67,0.1,36892.83,25415.06,11477.77,0.3111,2025-05
ORD00123,2025-05-13,Customer_0092,IoT Gateway,IoT Devices,South,Vikram,5,15621.72,0.05,74203.17,46865.16,27338.01,0.3684,2025-05
ORD02283,2025-05-13,Customer_0263,Communication Module,IoT Devices,South,Ananya,8,4006.27,0.05,30447.65,19871.1,10576.55,0.3474,2025-05
ORD02599,2025-05-13,Customer_0399,Cloud Platform,Software,South,Priya,20,35002.94,0.1,630052.92,210017.64,420035.28,0.6667,2025-05
ORD03786,2025-05-13,Customer_0260,Analytics License,Software,South,Aarav,12,23099.69,0.1,249476.65,97018.7,152457.95,0.6111,2025-05
ORD03639,2025-05-13,Customer_0418,IoT Gateway,IoT Devices,East,Aarav,17,14320.66,0.1,219106.1,146070.73,73035.37,0.3333,2025-05
ORD02247,2025-05-13,Customer_0319,Advanced Meter,Energy Management,South,Vikram,9,12837.38,0.0,115536.42,75098.67,40437.75,0.35,2025-05
ORD03104,2025-05-13,Customer_0242,Data Logger,Data Solutions,East,Rohan,12,7066.23,0.05,80555.02,53420.7,27134.32,0.3368,2025-05
ORD03269,2025-05-13,Customer_0135,Network Controller,Networking,East,Sneha,15,19169.69,0.25,215659.01,166776.3,48882.71,0.2267,2025-05
ORD00647,2025-05-13,Customer_0095,Communication Module,IoT Devices,South,Arjun,9,4244.61,0.2,30561.19,23684.92,6876.27,0.225,2025-05
ORD01004,2025-05-13,Customer_0438,Analytics License,Software,East,Sneha,9,23999.46,0.2,172796.11,75598.3,97197.81,0.5625,2025-05
ORD04798,2025-05-14,Customer_0219,Communication Module,IoT Devices,South,Arjun,10,4092.88,0.15,34789.48,25375.86,9413.62,0.2706,2025-05
ORD02106,2025-05-14,Customer_0185,Network Controller,Networking,South,Sneha,18,16848.97,0.2,242625.17,175903.25,66721.92,0.275,2025-05
ORD03935,2025-05-14,Customer_0374,Energy Monitor,Energy Management,Central,Kavya,20,6802.64,0.2,108842.24,87073.79,21768.45,0.2,2025-05
ORD01521,2025-05-14,Customer_0113,Cloud Platform,Software,East,Priya,20,33369.5,0.1,600651.0,200217.0,400434.0,0.6667,2025-05
ORD02474,2025-05-14,Customer_0358,Smart Meter,Energy Management,Central,Arjun,5,9227.82,0.05,43832.14,31374.59,12457.56,0.2842,2025-05
ORD02529,2025-05-14,Customer_0013,Smart Sensor,IoT Devices,South,Meera,2,5758.12,0.2,9212.99,7024.91,2188.09,0.2375,2025-05
ORD04438,2025-05-14,Customer_0289,Communication Module,IoT Devices,West,Vikram,13,4227.85,0.15,46717.74,34076.47,12641.27,0.2706,2025-05
ORD04452,2025-05-14,Customer_0358,IoT Gateway,IoT Devices,East,Rohan,15,14555.34,0.0,218330.1,130998.06,87332.04,0.4,2025-05
ORD03024,2025-05-14,Customer_0383,Network Controller,Networking,West,Rohan,1,16801.23,0.1,15121.11,9744.71,5376.39,0.3556,2025-05
ORD02668,2025-05-14,Customer_0211,Cloud Platform,Software,East,Rahul,6,31528.42,0.15,160794.94,56751.16,104043.79,0.6471,2025-05
ORD04569,2025-05-14,Customer_0442,Smart Sensor,IoT Devices,North,Meera,16,5771.88,0.1,83115.07,56333.55,26781.52,0.3222,2025-05
ORD01663,2025-05-15,Customer_0359,Energy Monitor,Energy Management,North,Aarav,6,7165.33,0.25,32243.98,27514.87,4729.12,0.1467,2025-05
ORD03864,2025-05-15,Customer_0377,Network Controller,Networking,West,Meera,17,17766.78,0.15,256729.97,175180.45,81549.52,0.3176,2025-05
ORD00881,2025-05-15,Customer_0302,Smart Sensor,IoT Devices,South,Vikram,10,5337.73,0.0,53377.3,32560.15,20817.15,0.39,2025-05
ORD01427,2025-05-15,Customer_0491,IoT Gateway,IoT Devices,North,Arjun,14,16066.22,0.0,224927.08,134956.25,89970.83,0.4,2025-05
ORD00423,2025-05-15,Customer_0331,IoT Gateway,IoT Devices,North,Rohan,4,16041.18,0.0,64164.72,38498.83,25665.89,0.4,2025-05
ORD02587,2025-05-16,Customer_0043,Advanced Meter,Energy Management,North,Sneha,10,11675.76,0.15,99243.96,75892.44,23351.52,0.2353,2025-05
ORD04035,2025-05-16,Customer_0387,Energy Monitor,Energy Management,South,Arjun,16,7393.09,0.0,118289.44,75705.24,42584.2,0.36,2025-05
ORD03277,2025-05-16,Customer_0393,Smart Sensor,IoT Devices,East,Meera,9,5670.47,0.0,51034.23,31130.88,19903.35,0.39,2025-05
ORD04434,2025-05-16,Customer_0297,IoT Gateway,IoT Devices,South,Sneha,4,14901.7,0.1,53646.12,35764.08,17882.04,0.3333,2025-05
ORD01560,2025-05-16,Customer_0290,Smart Sensor,IoT Devices,East,Vikram,7,5950.23,0.0,41651.61,25407.48,16244.13,0.39,2025-05
ORD04159,2025-05-16,Customer_0415,IoT Gateway,IoT Devices,Central,Aarav,13,16412.14,0.1,192022.04,128014.69,64007.35,0.3333,2025-05
ORD03088,2025-05-16,Customer_0107,Communication Module,IoT Devices,South,Rohan,18,3876.56,0.0,69778.08,43262.41,26515.67,0.38,2025-05
ORD03265,2025-05-16,Customer_0155,Data Logger,Data Solutions,South,Ananya,7,6178.59,0.05,41087.62,27247.58,13840.04,0.3368,2025-05
ORD03380,2025-05-16,Customer_0406,Data Logger,Data Solutions,East,Rahul,12,6439.11,0.1,69542.39,48679.67,20862.72,0.3,2025-05
ORD02731,2025-05-17,Customer_0393,Communication Module,IoT Devices,North,Aarav,18,4539.97,0.2,65375.57,50666.07,14709.5,0.225,2025-05
ORD02857,2025-05-17,Customer_0398,Smart Meter,Energy Management,East,Vikram,13,8198.82,0.05,101255.43,72477.57,28777.86,0.2842,2025-05
ORD00103,2025-05-17,Customer_0036,Cloud Platform,Software,South,Sneha,3,35171.58,0.1,94963.27,31654.42,63308.84,0.6667,2025-05
ORD02278,2025-05-17,Customer_0119,Smart Sensor,IoT Devices,South,Meera,1,6035.3,0.05,5733.54,3681.53,2052.0,0.3579,2025-05
ORD02126,2025-05-17,Customer_0086,Cloud Platform,Software,South,Meera,3,37982.43,0.15,96855.2,34184.19,62671.01,0.6471,2025-05
ORD01709,2025-05-17,Customer_0296,Analytics License,Software,West,Meera,12,21370.31,0.05,243621.53,89755.3,153866.23,0.6316,2025-05
ORD00407,2025-05-17,Customer_0399,Communication Module,IoT Devices,East,Rahul,2,4043.21,0.15,6873.46,5013.58,1859.88,0.2706,2025-05
ORD00581,2025-05-17,Customer_0472,Analytics License,Software,Central,Vikram,15,20516.28,0.1,276969.78,107710.47,169259.31,0.6111,2025-05
ORD03582,2025-05-17,Customer_0130,Network Controller,Networking,East,Vikram,20,19575.87,0.05,371941.53,227080.09,144861.44,0.3895,2025-05
ORD01671,2025-05-17,Customer_0299,Cloud Platform,Software,South,Vikram,16,37466.56,0.15,509545.22,179839.49,329705.73,0.6471,2025-05
ORD01512,2025-05-17,Customer_0397,Analytics License,Software,South,Arjun,17,20934.12,0.05,338086.04,124558.01,213528.02,0.6316,2025-05
ORD00304,2025-05-17,Customer_0138,Cloud Platform,Software,South,Rahul,16,32920.55,0.1,474055.92,158018.64,316037.28,0.6667,2025-05
ORD03933,2025-05-17,Customer_0145,Data Logger,Data Solutions,North,Vikram,7,6908.83,0.15,41107.54,30467.94,10639.6,0.2588,2025-05
ORD03165,2025-05-17,Customer_0058,Advanced Meter,Energy Management,South,Kavya,11,11580.28,0.2,101906.46,82799.0,19107.46,0.1875,2025-05
ORD02022,2025-05-17,Customer_0404,Smart Sensor,IoT Devices,South,Ananya,7,5627.5,0.15,33483.62,24029.42,9454.2,0.2824,2025-05
ORD01172,2025-05-17,Customer_0334,Smart Sensor,IoT Devices,Central,Rahul,10,5566.38,0.15,47314.23,33954.92,13359.31,0.2824,2025-05
ORD03025,2025-05-17,Customer_0400,Smart Meter,Energy Management,South,Meera,13,8077.14,0.0,105002.82,71401.92,33600.9,0.32,2025-05
ORD02189,2025-05-17,Customer_0030,IoT Gateway,IoT Devices,North,Ananya,3,14649.19,0.15,37355.43,26368.54,10986.89,0.2941,2025-05
ORD02260,2025-05-17,Customer_0429,Advanced Meter,Energy Management,Central,Rohan,13,12862.84,0.05,158856.07,108691.0,50165.08,0.3158,2025-05
ORD00982,2025-05-17,Customer_0310,Advanced Meter,Energy Management,West,Priya,3,13661.08,0.15,34835.75,26639.11,8196.65,0.2353,2025-05
ORD04369,2025-05-18,Customer_0240,Smart Sensor,IoT Devices,East,Rohan,4,5578.78,0.1,20083.61,13612.22,6471.38,0.3222,2025-05
ORD02388,2025-05-18,Customer_0388,Smart Meter,Energy Management,East,Vikram,19,8874.55,0.2,134893.16,114659.19,20233.97,0.15,2025-05
ORD02640,2025-05-18,Customer_0311,Energy Monitor,Energy Management,East,Priya,16,7493.02,0.0,119888.32,76728.52,43159.8,0.36,2025-05
ORD01861,2025-05-18,Customer_0460,Analytics License,Software,East,Arjun,20,22901.87,0.1,412233.66,160313.09,251920.57,0.6111,2025-05
ORD03256,2025-05-18,Customer_0219,Smart Meter,Energy Management,South,Priya,9,7771.39,0.0,69942.51,47560.91,22381.6,0.32,2025-05
ORD01250,2025-05-18,Customer_0131,Analytics License,Software,West,Meera,12,23734.0,0.1,256327.2,99682.8,156644.4,0.6111,2025-05
ORD03625,2025-05-18,Customer_0367,Network Controller,Networking,East,Rahul,7,17477.66,0.15,103992.08,70959.3,33032.78,0.3176,2025-05
ORD02789,2025-05-18,Customer_0019,Smart Meter,Energy Management,East,Aarav,8,8529.17,0.1,61410.02,46398.68,15011.34,0.2444,2025-05
ORD04691,2025-05-19,Customer_0346,Smart Meter,Energy Management,Central,Sneha,15,8362.48,0.1,112893.48,85297.3,27596.18,0.2444,2025-05
ORD02804,2025-05-19,Customer_0470,Data Logger,Data Solutions,East,Sneha,19,7387.09,0.2,112283.77,88423.47,23860.3,0.2125,2025-05
ORD03558,2025-05-19,Customer_0164,Data Logger,Data Solutions,West,Rohan,15,6532.14,0.0,97982.1,61728.72,36253.38,0.37,2025-05
ORD00536,2025-05-19,Customer_0191,Energy Monitor,Energy Management,East,Arjun,14,7014.94,0.15,83477.79,62853.86,20623.92,0.2471,2025-05
ORD00926,2025-05-19,Customer_0063,Communication Module,IoT Devices,Central,Priya,4,4432.53,0.15,15070.6,10992.67,4077.93,0.2706,2025-05
ORD04476,2025-05-19,Customer_0239,Advanced Meter,Energy Management,East,Priya,15,11410.06,0.2,136920.72,111248.09,25672.63,0.1875,2025-05
ORD01233,2025-05-19,Customer_0049,Analytics License,Software,North,Meera,3,21701.74,0.15,55339.44,22786.83,32552.61,0.5882,2025-05
ORD02266,2025-05-19,Customer_0017,Analytics License,Software,East,Meera,7,21643.34,0.15,128777.87,53026.18,75751.69,0.5882,2025-05
ORD03112,2025-05-19,Customer_0473,Energy Monitor,Energy Management,Central,Rohan,15,6754.12,0.0,101311.8,64839.55,36472.25,0.36,2025-05
ORD01287,2025-05-20,Customer_0074,Smart Sensor,IoT Devices,West,Sneha,16,4988.21,0.05,75820.79,48684.93,27135.86,0.3579,2025-05
ORD03569,2025-05-20,Customer_0082,Smart Sensor,IoT Devices,East,Rahul,8,5913.59,0.2,37846.98,28858.32,8988.66,0.2375,2025-05
ORD03016,2025-05-20,Customer_0013,Advanced Meter,Energy Management,Central,Sneha,14,13060.19,0.1,164558.39,118847.73,45710.66,0.2778,2025-05
ORD02932,2025-05-20,Customer_0152,Data Logger,Data Solutions,South,Sneha,2,6323.56,0.15,10750.05,7967.69,2782.37,0.2588,2025-05
ORD03828,2025-05-20,Customer_0052,Communication Module,IoT Devices,South,Kavya,5,4033.99,0.0,20169.95,12505.37,7664.58,0.38,2025-05
ORD02141,2025-05-20,Customer_0017,Communication Module,IoT Devices,West,Rahul,1,4518.63,0.2,3614.9,2801.55,813.35,0.225,2025-05
ORD04580,2025-05-20,Customer_0055,Data Logger,Data Solutions,West,Meera,10,6855.9,0.1,61703.1,43192.17,18510.93,0.3,2025-05
ORD00167,2025-05-20,Customer_0198,Energy Monitor,Energy Management,East,Priya,5,7612.34,0.0,38061.7,24359.49,13702.21,0.36,2025-05
ORD03970,2025-05-20,Customer_0444,Smart Meter,Energy Management,Central,Sneha,19,7895.78,0.05,142518.83,102013.48,40505.35,0.2842,2025-05
ORD04854,2025-05-20,Customer_0114,IoT Gateway,IoT Devices,Central,Sneha,15,14004.44,0.2,168053.28,126039.96,42013.32,0.25,2025-05
ORD04339,2025-05-21,Customer_0217,Data Logger,Data Solutions,East,Aarav,13,7083.35,0.15,78271.02,58012.64,20258.38,0.2588,2025-05
ORD01095,2025-05-21,Customer_0300,Communication Module,IoT Devices,West,Aarav,8,4117.52,0.0,32940.16,20422.9,12517.26,0.38,2025-05
ORD00501,2025-05-21,Customer_0045,Cloud Platform,Software,North,Rohan,14,34193.63,0.1,430839.74,143613.25,287226.49,0.6667,2025-05
ORD00907,2025-05-21,Customer_0393,Communication Module,IoT Devices,South,Kavya,7,4608.39,0.2,25806.98,20000.41,5806.57,0.225,2025-05
ORD03233,2025-05-21,Customer_0048,Energy Monitor,Energy Management,North,Kavya,1,7787.33,0.15,6619.23,4983.89,1635.34,0.2471,2025-05
ORD01295,2025-05-21,Customer_0387,Smart Sensor,IoT Devices,North,Meera,18,5990.36,0.2,86261.18,65774.15,20487.03,0.2375,2025-05
ORD01385,2025-05-21,Customer_0379,Advanced Meter,Energy Management,Central,Ananya,4,13138.59,0.15,44671.21,34160.33,10510.87,0.2353,2025-05
ORD01412,2025-05-21,Customer_0193,Smart Meter,Energy Management,South,Arjun,6,8448.74,0.05,48157.82,34470.86,13686.96,0.2842,2025-05
ORD01077,2025-05-22,Customer_0460,Smart Meter,Energy Management,Central,Sneha,19,8291.2,0.2,126026.24,107122.3,18903.94,0.15,2025-05
ORD02362,2025-05-22,Customer_0292,Data Logger,Data Solutions,South,Meera,16,7290.55,0.0,116648.8,73488.74,43160.06,0.37,2025-05
ORD02145,2025-05-22,Customer_0025,IoT Gateway,IoT Devices,West,Vikram,18,15925.54,0.2,229327.78,171995.83,57331.94,0.25,2025-05
ORD01312,2025-05-22,Customer_0168,Data Logger,Data Solutions,East,Arjun,15,6689.96,0.15,85296.99,63220.12,22076.87,0.2588,2025-05
ORD03258,2025-05-22,Customer_0374,Analytics License,Software,West,Ananya,14,22950.22,0.1,289172.77,112456.08,176716.69,0.6111,2025-05
ORD00644,2025-05-22,Customer_0401,Cloud Platform,Software,North,Kavya,7,32383.9,0.2,181349.84,68006.19,113343.65,0.625,2025-05
ORD01511,2025-05-22,Customer_0010,Energy Monitor,Energy Management,Central,Priya,16,6483.79,0.1,93366.58,66394.01,26972.57,0.2889,2025-05
ORD03823,2025-05-22,Customer_0434,Network Controller,Networking,East,Ananya,20,19185.16,0.05,364518.04,222547.86,141970.18,0.3895,2025-05
ORD03989,2025-05-22,Customer_0341,Data Logger,Data Solutions,South,Arjun,2,6145.89,0.05,11677.19,7743.82,3933.37,0.3368,2025-05
ORD00338,2025-05-22,Customer_0355,IoT Gateway,IoT Devices,West,Priya,4,16113.61,0.15,54786.27,38672.66,16113.61,0.2941,2025-05
ORD03366,2025-05-22,Customer_0433,Advanced Meter,Energy Management,Central,Kavya,6,12923.14,0.2,62031.07,50400.25,11630.83,0.1875,2025-05
ORD00107,2025-05-22,Customer_0356,Smart Sensor,IoT Devices,Central,Rahul,6,5589.36,0.05,31859.35,20457.06,11402.29,0.3579,2025-05
ORD01647,2025-05-22,Customer_0312,Advanced Meter,Energy Management,East,Ananya,6,11729.98,0.05,66860.89,45746.92,21113.96,0.3158,2025-05
ORD00340,2025-05-22,Customer_0147,Analytics License,Software,East,Sneha,4,21479.09,0.0,85916.36,30070.73,55845.63,0.65,2025-05
ORD01956,2025-05-23,Customer_0241,Data Logger,Data Solutions,East,Vikram,6,6297.06,0.25,28336.77,23802.89,4533.88,0.16,2025-05
ORD00259,2025-05-23,Customer_0049,Analytics License,Software,South,Kavya,5,21520.59,0.1,96842.66,37661.03,59181.62,0.6111,2025-05
ORD04461,2025-05-23,Customer_0337,Communication Module,IoT Devices,West,Priya,7,4493.74,0.15,26737.75,19502.83,7234.92,0.2706,2025-05
ORD02999,2025-05-23,Customer_0397,Advanced Meter,Energy Management,North,Meera,15,12498.74,0.15,159358.94,121862.72,37496.22,0.2353,2025-05
ORD02116,2025-05-23,Customer_0450,Smart Meter,Energy Management,East,Vikram,13,8292.86,0.15,91636.1,73308.88,18327.22,0.2,2025-05
ORD00810,2025-05-23,Customer_0182,Network Controller,Networking,East,Meera,6,17798.14,0.1,96109.96,61937.53,34172.43,0.3556,2025-05
ORD04763,2025-05-23,Customer_0465,Communication Module,IoT Devices,North,Rohan,4,4126.25,0.2,13204.0,10233.1,2970.9,0.225,2025-05
ORD00363,2025-05-23,Customer_0105,Communication Module,IoT Devices,South,Priya,9,4571.05,0.15,34968.53,25506.46,9462.07,0.2706,2025-05
ORD04998,2025-05-23,Customer_0067,Analytics License,Software,North,Meera,19,22455.9,0.15,362662.78,149331.74,213331.05,0.5882,2025-05
ORD00313,2025-05-23,Customer_0492,IoT Gateway,IoT Devices,North,Arjun,16,16310.47,0.0,260967.52,156580.51,104387.01,0.4,2025-05
ORD02393,2025-05-23,Customer_0487,Smart Sensor,IoT Devices,North,Meera,11,5299.56,0.05,55380.4,35560.05,19820.35,0.3579,2025-05
ORD04914,2025-05-23,Customer_0172,Network Controller,Networking,East,Kavya,20,16845.5,0.05,320064.5,195407.8,124656.7,0.3895,2025-05
ORD00044,2025-05-23,Customer_0342,Cloud Platform,Software,East,Vikram,2,32157.87,0.1,57884.17,19294.72,38589.44,0.6667,2025-05
ORD03849,2025-05-23,Customer_0107,Data Logger,Data Solutions,West,Rohan,18,6816.31,0.15,104289.54,77296.96,26992.59,0.2588,2025-05
ORD02156,2025-05-23,Customer_0363,Energy Monitor,Energy Management,Central,Arjun,13,7406.18,0.2,77024.27,61619.42,15404.85,0.2,2025-05
ORD03385,2025-05-23,Customer_0471,Smart Meter,Energy Management,East,Meera,5,7757.53,0.1,34908.88,26375.6,8533.28,0.2444,2025-05
ORD02317,2025-05-23,Customer_0317,Advanced Meter,Energy Management,North,Ananya,1,13201.93,0.1,11881.74,8581.25,3300.48,0.2778,2025-05
ORD02199,2025-05-23,Customer_0179,Communication Module,IoT Devices,South,Vikram,9,4558.29,0.0,41024.61,25435.26,15589.35,0.38,2025-05
ORD00199,2025-05-23,Customer_0360,Advanced Meter,Energy Management,East,Rahul,2,11352.96,0.15,19300.03,14758.85,4541.18,0.2353,2025-05
ORD03228,2025-05-24,Customer_0271,Smart Sensor,IoT Devices,Central,Vikram,8,5530.48,0.0,44243.84,26988.74,17255.1,0.39,2025-05
ORD04616,2025-05-24,Customer_0166,Energy Monitor,Energy Management,South,Aarav,16,7650.63,0.25,91807.56,78342.45,13465.11,0.1467,2025-05
ORD01348,2025-05-24,Customer_0390,IoT Gateway,IoT Devices,East,Arjun,10,16141.27,0.1,145271.43,96847.62,48423.81,0.3333,2025-05
ORD01515,2025-05-24,Customer_0236,Analytics License,Software,Central,Kavya,4,20408.87,0.15,69390.16,28572.42,40817.74,0.5882,2025-05
ORD02167,2025-05-24,Customer_0354,IoT Gateway,IoT Devices,East,Aarav,18,15842.99,0.05,270915.13,171104.29,99810.84,0.3684,2025-05
ORD01658,2025-05-24,Customer_0345,Energy Monitor,Energy Management,South,Arjun,18,7470.0,0.1,121014.0,86054.4,34959.6,0.2889,2025-05
ORD03171,2025-05-24,Customer_0156,Network Controller,Networking,Central,Sneha,10,18193.03,0.05,172833.78,105519.57,67314.21,0.3895,2025-05
ORD03356,2025-05-24,Customer_0098,Energy Monitor,Energy Management,South,Ananya,1,6582.89,0.25,4937.17,4213.05,724.12,0.1467,2025-05
ORD01455,2025-05-24,Customer_0383,Analytics License,Software,North,Meera,19,20294.49,0.05,366315.54,134958.36,231357.19,0.6316,2025-05
ORD01635,2025-05-24,Customer_0256,IoT Gateway,IoT Devices,South,Kavya,5,15632.79,0.05,74255.75,46898.37,27357.38,0.3684,2025-05
ORD04309,2025-05-24,Customer_0365,Network Controller,Networking,South,Ananya,2,20248.46,0.2,32397.54,23488.21,8909.32,0.275,2025-05
ORD04972,2025-05-24,Customer_0098,IoT Gateway,IoT Devices,North,Aarav,4,14042.57,0.0,56170.28,33702.17,22468.11,0.4,2025-05
ORD03799,2025-05-24,Customer_0075,Smart Sensor,IoT Devices,North,Meera,15,5223.81,0.2,62685.72,47797.86,14887.86,0.2375,2025-05
ORD03991,2025-05-24,Customer_0427,Cloud Platform,Software,West,Arjun,1,37032.24,0.15,31477.4,11109.67,20367.73,0.6471,2025-05
ORD04500,2025-05-24,Customer_0306,Smart Sensor,IoT Devices,Central,Ananya,11,5018.06,0.15,46918.86,33671.18,13247.68,0.2824,2025-05
ORD02502,2025-05-24,Customer_0424,Communication Module,IoT Devices,North,Aarav,7,4322.19,0.0,30255.33,18758.3,11497.03,0.38,2025-05
ORD00898,2025-05-24,Customer_0247,Advanced Meter,Energy Management,West,Rahul,4,12826.59,0.1,46175.72,33349.13,12826.59,0.2778,2025-05
ORD03699,2025-05-25,Customer_0127,Analytics License,Software,East,Arjun,10,23928.08,0.15,203388.68,83748.28,119640.4,0.5882,2025-05
ORD02618,2025-05-25,Customer_0421,Smart Meter,Energy Management,South,Priya,10,7822.27,0.1,70400.43,53191.44,17208.99,0.2444,2025-05
ORD01010,2025-05-25,Customer_0040,Data Logger,Data Solutions,East,Rahul,8,6854.51,0.15,46610.67,34546.73,12063.94,0.2588,2025-05
ORD04677,2025-05-25,Customer_0180,Data Logger,Data Solutions,Central,Priya,3,6358.15,0.15,16213.28,12016.9,4196.38,0.2588,2025-05
ORD04778,2025-05-25,Customer_0185,Smart Sensor,IoT Devices,East,Priya,7,5029.18,0.25,26403.2,21474.6,4928.6,0.1867,2025-05
ORD01961,2025-05-25,Customer_0436,Communication Module,IoT Devices,East,Rahul,17,4532.24,0.2,61638.46,47769.81,13868.65,0.225,2025-05
ORD01836,2025-05-25,Customer_0195,Smart Meter,Energy Management,North,Meera,4,9336.39,0.05,35478.28,25394.98,10083.3,0.2842,2025-05
ORD04432,2025-05-25,Customer_0237,Smart Meter,Energy Management,Central,Kavya,6,8943.43,0.1,48294.52,36489.19,11805.33,0.2444,2025-05
ORD00069,2025-05-25,Customer_0070,Analytics License,Software,West,Rahul,7,24138.4,0.15,143623.48,59139.08,84484.4,0.5882,2025-05
ORD01864,2025-05-25,Customer_0084,Communication Module,IoT Devices,Central,Arjun,12,4117.12,0.0,49405.44,30631.37,18774.07,0.38,2025-05
ORD02042,2025-05-26,Customer_0151,IoT Gateway,IoT Devices,Central,Meera,15,15194.55,0.15,193730.51,136750.95,56979.56,0.2941,2025-05
ORD04302,2025-05-26,Customer_0081,Smart Meter,Energy Management,North,Priya,3,9185.04,0.2,22044.1,18737.48,3306.61,0.15,2025-05
ORD00246,2025-05-26,Customer_0425,Data Logger,Data Solutions,North,Rohan,3,6722.1,0.1,18149.67,12704.77,5444.9,0.3,2025-05
ORD04948,2025-05-26,Customer_0390,Data Logger,Data Solutions,East,Vikram,13,6346.07,0.15,70124.07,51974.31,18149.76,0.2588,2025-05
ORD02333,2025-05-26,Customer_0239,Advanced Meter,Energy Management,South,Sneha,18,11499.84,0.2,165597.7,134548.13,31049.57,0.1875,2025-05
ORD02310,2025-05-26,Customer_0071,Smart Sensor,IoT Devices,East,Rohan,3,4997.12,0.15,12742.66,9144.73,3597.93,0.2824,2025-05
ORD02001,2025-05-26,Customer_0136,Cloud Platform,Software,Central,Arjun,19,32477.92,0.2,493664.38,185124.14,308540.24,0.625,2025-05
ORD02016,2025-05-26,Customer_0094,Data Logger,Data Solutions,East,Rohan,20,6202.65,0.05,117850.35,78153.39,39696.96,0.3368,2025-05
ORD01451,2025-05-26,Customer_0219,IoT Gateway,IoT Devices,North,Kavya,16,15348.67,0.1,221020.85,147347.23,73673.62,0.3333,2025-05
ORD00836,2025-05-26,Customer_0017,Data Logger,Data Solutions,East,Rahul,10,7466.79,0.15,63467.72,47040.78,16426.94,0.2588,2025-05
ORD02838,2025-05-26,Customer_0187,Cloud Platform,Software,East,Vikram,19,33842.9,0.0,643015.1,192904.53,450110.57,0.7,2025-05
ORD00302,2025-05-26,Customer_0303,Smart Meter,Energy Management,East,Vikram,20,7756.32,0.2,124101.12,105485.95,18615.17,0.15,2025-05
ORD04855,2025-05-26,Customer_0169,Network Controller,Networking,South,Meera,3,19276.16,0.1,52045.63,33540.52,18505.11,0.3556,2025-05
ORD02342,2025-05-26,Customer_0281,Energy Monitor,Energy Management,West,Sneha,16,6723.41,0.2,86059.65,68847.72,17211.93,0.2,2025-05
ORD00606,2025-05-26,Customer_0060,Analytics License,Software,South,Rohan,18,22780.73,0.1,369047.83,143518.6,225529.23,0.6111,2025-05
ORD02900,2025-05-26,Customer_0424,Smart Sensor,IoT Devices,East,Priya,4,5954.55,0.0,23818.2,14529.1,9289.1,0.39,2025-05
ORD01226,2025-05-26,Customer_0264,Advanced Meter,Energy Management,East,Rohan,4,12144.6,0.0,48578.4,31575.96,17002.44,0.35,2025-05
ORD01628,2025-05-26,Customer_0345,Analytics License,Software,South,Meera,12,23990.96,0.2,230313.22,100762.03,129551.18,0.5625,2025-05
ORD04386,2025-05-26,Customer_0052,Communication Module,IoT Devices,North,Arjun,6,3887.3,0.05,22157.61,14460.76,7696.85,0.3474,2025-05
ORD02687,2025-05-26,Customer_0159,Advanced Meter,Energy Management,Central,Sneha,18,13457.94,0.1,218018.63,157457.9,60560.73,0.2778,2025-05
ORD01642,2025-05-26,Customer_0496,Smart Meter,Energy Management,West,Aarav,5,9043.18,0.2,36172.72,30746.81,5425.91,0.15,2025-05
ORD03195,2025-05-27,Customer_0233,Smart Sensor,IoT Devices,Central,Sneha,12,5582.45,0.15,56940.99,40863.53,16077.46,0.2824,2025-05
ORD00362,2025-05-27,Customer_0225,Advanced Meter,Energy Management,West,Meera,15,12297.37,0.15,156791.47,119899.36,36892.11,0.2353,2025-05
ORD04952,2025-05-27,Customer_0140,Cloud Platform,Software,Central,Vikram,5,36116.03,0.1,162522.14,54174.04,108348.09,0.6667,2025-05
ORD02035,2025-05-27,Customer_0398,Smart Sensor,IoT Devices,East,Priya,15,5276.6,0.2,63319.2,48280.89,15038.31,0.2375,2025-05
ORD01915,2025-05-27,Customer_0304,Communication Module,IoT Devices,East,Kavya,12,4101.65,0.2,39375.84,30516.28,8859.56,0.225,2025-05
ORD01801,2025-05-27,Customer_0259,Network Controller,Networking,North,Rohan,6,19640.95,0.05,111953.42,68350.51,43602.91,0.3895,2025-05
ORD01667,2025-05-27,Customer_0464,Data Logger,Data Solutions,South,Rohan,7,6563.8,0.15,39054.61,28946.36,10108.25,0.2588,2025-05
ORD04664,2025-05-27,Customer_0390,Communication Module,IoT Devices,East,Kavya,11,4017.67,0.05,41984.65,27400.51,14584.14,0.3474,2025-05
ORD03835,2025-05-27,Customer_0461,Smart Sensor,IoT Devices,Central,Meera,17,5283.18,0.1,80832.65,54786.58,26046.08,0.3222,2025-05
ORD01199,2025-05-27,Customer_0425,Network Controller,Networking,East,Rahul,3,18844.04,0.2,45225.7,32788.63,12437.07,0.275,2025-05
ORD01942,2025-05-27,Customer_0182,Network Controller,Networking,South,Rohan,4,18133.47,0.1,65280.49,42069.65,23210.84,0.3556,2025-05
ORD01341,2025-05-27,Customer_0027,Smart Sensor,IoT Devices,Central,Arjun,14,5995.42,0.25,62951.91,51200.89,11751.02,0.1867,2025-05
ORD00448,2025-05-27,Customer_0475,Network Controller,Networking,West,Meera,16,19813.61,0.05,301166.87,183870.3,117296.57,0.3895,2025-05
ORD01239,2025-05-27,Customer_0038,IoT Gateway,IoT Devices,East,Kavya,7,13736.94,0.15,81734.79,57695.15,24039.65,0.2941,2025-05
ORD00189,2025-05-27,Customer_0380,Analytics License,Software,South,Rahul,5,24129.5,0.1,108582.75,42226.62,66356.12,0.6111,2025-05
ORD00772,2025-05-28,Customer_0154,Analytics License,Software,South,Rohan,16,22711.5,0.05,345214.8,127184.4,218030.4,0.6316,2025-05
ORD00937,2025-05-28,Customer_0026,Analytics License,Software,North,Vikram,18,20352.56,0.15,311394.17,128221.13,183173.04,0.5882,2025-05
ORD04067,2025-05-28,Customer_0337,Analytics License,Software,South,Rahul,14,21684.09,0.05,288398.4,106252.04,182146.36,0.6316,2025-05
ORD03692,2025-05-28,Customer_0242,Network Controller,Networking,Central,Aarav,3,18394.43,0.0,55183.29,32006.31,23176.98,0.42,2025-05
ORD02067,2025-05-28,Customer_0397,IoT Gateway,IoT Devices,East,Aarav,14,15906.43,0.15,189286.52,133614.01,55672.5,0.2941,2025-05
ORD00027,2025-05-28,Customer_0147,Communication Module,IoT Devices,West,Rohan,4,3793.93,0.1,13658.15,9408.95,4249.2,0.3111,2025-05
ORD00071,2025-05-28,Customer_0001,Smart Sensor,IoT Devices,East,Vikram,8,5079.28,0.15,34539.1,24786.89,9752.22,0.2824,2025-05
ORD03414,2025-05-28,Customer_0137,Smart Meter,Energy Management,North,Rahul,14,8585.65,0.15,102169.23,81735.39,20433.85,0.2,2025-05
ORD00688,2025-05-28,Customer_0301,Network Controller,Networking,South,Priya,18,19600.8,0.15,299892.24,204632.35,95259.89,0.3176,2025-05
ORD04366,2025-05-28,Customer_0160,Analytics License,Software,South,Rahul,19,22017.94,0.0,418340.86,146419.3,271921.56,0.65,2025-05
ORD04077,2025-05-28,Customer_0211,Communication Module,IoT Devices,North,Rohan,5,4564.77,0.15,19400.27,14150.79,5249.49,0.2706,2025-05
ORD04145,2025-05-29,Customer_0154,Network Controller,Networking,Central,Aarav,6,18506.95,0.15,94385.44,64404.19,29981.26,0.3176,2025-05
ORD03388,2025-05-29,Customer_0466,Data Logger,Data Solutions,West,Aarav,13,6827.86,0.25,66571.63,55920.17,10651.46,0.16,2025-05
ORD01117,2025-05-29,Customer_0238,Communication Module,IoT Devices,South,Sneha,19,3864.8,0.25,55073.4,45527.34,9546.06,0.1733,2025-05
ORD03154,2025-05-29,Customer_0085,Network Controller,Networking,East,Ananya,14,19837.54,0.2,222180.45,161080.82,61099.62,0.275,2025-05
ORD03696,2025-05-29,Customer_0291,IoT Gateway,IoT Devices,West,Sneha,9,14089.61,0.2,101445.19,76083.89,25361.3,0.25,2025-05
ORD00537,2025-05-29,Customer_0170,Communication Module,IoT Devices,West,Kavya,12,4195.08,0.2,40272.77,31211.4,9061.37,0.225,2025-05
ORD04008,2025-05-29,Customer_0454,Data Logger,Data Solutions,South,Kavya,3,6459.32,0.0,19377.96,12208.11,7169.85,0.37,2025-05
ORD01674,2025-05-29,Customer_0157,Network Controller,Networking,North,Aarav,10,18892.92,0.1,170036.28,109578.94,60457.34,0.3556,2025-05
ORD04979,2025-05-29,Customer_0136,Cloud Platform,Software,South,Sneha,1,36775.52,0.1,33097.97,11032.66,22065.31,0.6667,2025-05
ORD00586,2025-05-29,Customer_0446,Smart Sensor,IoT Devices,Central,Aarav,20,5864.04,0.0,117280.8,71541.29,45739.51,0.39,2025-05
ORD01327,2025-05-29,Customer_0419,Data Logger,Data Solutions,North,Vikram,8,7437.35,0.0,59498.8,37484.24,22014.56,0.37,2025-05
ORD04424,2025-05-29,Customer_0013,Cloud Platform,Software,West,Ananya,8,36761.31,0.05,279385.96,88227.14,191158.81,0.6842,2025-05
ORD04710,2025-05-29,Customer_0306,Cloud Platform,Software,West,Rohan,20,36179.66,0.05,687413.54,217077.96,470335.58,0.6842,2025-05
ORD02862,2025-05-29,Customer_0467,Data Logger,Data Solutions,North,Sneha,16,6742.54,0.0,107880.64,67964.8,39915.84,0.37,2025-05
ORD04251,2025-05-29,Customer_0084,Network Controller,Networking,East,Priya,18,19106.08,0.05,326713.97,199467.48,127246.49,0.3895,2025-05
ORD03575,2025-05-29,Customer_0231,Advanced Meter,Energy Management,West,Kavya,20,11459.03,0.1,206262.54,148967.39,57295.15,0.2778,2025-05
ORD00643,2025-05-29,Customer_0206,Data Logger,Data Solutions,West,Aarav,8,6293.77,0.1,45315.14,31720.6,13594.54,0.3,2025-05
ORD03827,2025-05-29,Customer_0396,Data Logger,Data Solutions,South,Vikram,18,6511.92,0.0,117214.56,73845.17,43369.39,0.37,2025-05
ORD02785,2025-05-29,Customer_0277,Advanced Meter,Energy Management,North,Meera,13,12237.1,0.1,143174.07,103403.5,39770.57,0.2778,2025-05
ORD01147,2025-05-30,Customer_0322,Smart Sensor,IoT Devices,North,Ananya,1,5670.25,0.1,5103.23,3458.85,1644.37,0.3222,2025-05
ORD01406,2025-05-30,Customer_0414,Smart Meter,Energy Management,Central,Kavya,13,8727.96,0.25,85097.61,77155.17,7942.44,0.0933,2025-05
ORD02847,2025-05-30,Customer_0109,Advanced Meter,Energy Management,North,Priya,20,11676.83,0.2,186829.28,151798.79,35030.49,0.1875,2025-05
ORD01090,2025-05-30,Customer_0210,Smart Meter,Energy Management,North,Priya,3,7791.74,0.2,18700.18,15895.15,2805.03,0.15,2025-05
ORD00244,2025-05-30,Customer_0455,Data Logger,Data Solutions,East,Meera,16,6544.69,0.05,99479.29,65970.48,33508.81,0.3368,2025-05
ORD04563,2025-05-30,Customer_0168,IoT Gateway,IoT Devices,West,Meera,13,14596.95,0.15,161296.3,113856.21,47440.09,0.2941,2025-05
ORD03947,2025-05-30,Customer_0396,Smart Meter,Energy Management,East,Ananya,14,7778.01,0.1,98002.93,74046.66,23956.27,0.2444,2025-05
ORD01415,2025-05-30,Customer_0351,Cloud Platform,Software,East,Rohan,4,36901.0,0.1,132843.6,44281.2,88562.4,0.6667,2025-05
ORD04019,2025-05-30,Customer_0022,Advanced Meter,Energy Management,South,Sneha,14,12603.98,0.05,167632.93,114696.22,52936.72,0.3158,2025-05
ORD00693,2025-05-30,Customer_0173,Analytics License,Software,West,Rohan,16,22584.33,0.15,307146.89,126472.25,180674.64,0.5882,2025-05
ORD04831,2025-05-30,Customer_0349,Energy Monitor,Energy Management,East,Rahul,10,6544.75,0.1,58902.75,41886.4,17016.35,0.2889,2025-05
ORD00102,2025-05-30,Customer_0350,Smart Meter,Energy Management,East,Ananya,6,8271.11,0.1,44663.99,33746.13,10917.87,0.2444,2025-05
ORD00611,2025-05-30,Customer_0490,Smart Meter,Energy Management,East,Vikram,16,8702.88,0.1,125321.47,94687.33,30634.14,0.2444,2025-05
ORD01027,2025-05-30,Customer_0389,Smart Sensor,IoT Devices,South,Vikram,14,5323.66,0.15,63351.55,45464.06,17887.5,0.2824,2025-05
ORD01822,2025-05-30,Customer_0098,Smart Meter,Energy Management,Central,Sneha,10,8237.49,0.0,82374.9,56014.93,26359.97,0.32,2025-05
ORD00029,2025-05-31,Customer_0346,Advanced Meter,Energy Management,North,Sneha,10,11894.85,0.15,101106.22,77316.53,23789.7,0.2353,2025-05
ORD03829,2025-05-31,Customer_0384,Cloud Platform,Software,West,Sneha,11,35821.06,0.2,315225.33,118209.5,197015.83,0.625,2025-05
ORD00221,2025-05-31,Customer_0380,IoT Gateway,IoT Devices,South,Arjun,13,13930.63,0.2,144878.55,108658.91,36219.64,0.25,2025-05
ORD01237,2025-05-31,Customer_0433,Energy Monitor,Energy Management,North,Aarav,16,7403.05,0.2,94759.04,75807.23,18951.81,0.2,2025-05
ORD02907,2025-05-31,Customer_0237,Smart Meter,Energy Management,North,Sneha,19,8851.01,0.15,142943.81,114355.05,28588.76,0.2,2025-05
ORD03550,2025-05-31,Customer_0427,IoT Gateway,IoT Devices,Central,Ananya,7,16304.38,0.15,97011.06,68478.4,28532.66,0.2941,2025-05
ORD01416,2025-05-31,Customer_0365,Smart Sensor,IoT Devices,North,Kavya,6,5336.01,0.2,25612.85,19529.8,6083.05,0.2375,2025-05
ORD03254,2025-05-31,Customer_0119,Communication Module,IoT Devices,Central,Kavya,5,4586.11,0.1,20637.5,14216.94,6420.55,0.3111,2025-05
ORD00138,2025-05-31,Customer_0285,Smart Meter,Energy Management,West,Priya,19,7858.72,0.2,119452.54,101534.66,17917.88,0.15,2025-05
ORD02620,2025-05-31,Customer_0363,Cloud Platform,Software,South,Rahul,7,37807.92,0.0,264655.44,79396.63,185258.81,0.7,2025-05
ORD00257,2025-05-31,Customer_0258,Smart Meter,Energy Management,East,Vikram,18,8230.85,0.1,133339.77,100745.6,32594.17,0.2444,2025-05
ORD01898,2025-05-31,Customer_0177,IoT Gateway,IoT Devices,North,Sneha,5,15279.81,0.05,72579.1,45839.43,26739.67,0.3684,2025-05
ORD00726,2025-05-31,Customer_0335,IoT Gateway,IoT Devices,East,Priya,18,14723.33,0.2,212015.95,159011.96,53003.99,0.25,2025-05
ORD03443,2025-05-31,Customer_0067,Communication Module,IoT Devices,South,Rahul,14,4130.23,0.1,52040.9,35850.4,16190.5,0.3111,2025-05
ORD01835,2025-06-01,Customer_0320,Data Logger,Data Solutions,West,Vikram,12,7303.34,0.1,78876.07,55213.25,23662.82,0.3,2025-06
ORD01620,2025-06-01,Customer_0499,Energy Monitor,Energy Management,East,Aarav,1,7875.72,0.15,6694.36,5040.46,1653.9,0.2471,2025-06
ORD02924,2025-06-01,Customer_0021,Cloud Platform,Software,Central,Rohan,3,37208.8,0.15,94882.44,33487.92,61394.52,0.6471,2025-06
ORD00309,2025-06-01,Customer_0106,IoT Gateway,IoT Devices,West,Rohan,4,13540.21,0.05,51452.8,32496.5,18956.29,0.3684,2025-06
ORD00392,2025-06-01,Customer_0303,Network Controller,Networking,East,Rahul,3,17429.61,0.25,39216.62,30327.52,8889.1,0.2267,2025-06
ORD04142,2025-06-01,Customer_0096,IoT Gateway,IoT Devices,South,Vikram,10,14567.2,0.1,131104.8,87403.2,43701.6,0.3333,2025-06
ORD03476,2025-06-01,Customer_0342,Advanced Meter,Energy Management,South,Vikram,8,12192.37,0.1,87785.06,63400.32,24384.74,0.2778,2025-06
ORD04652,2025-06-01,Customer_0168,Network Controller,Networking,West,Rohan,19,17856.53,0.25,254455.55,196778.96,57676.59,0.2267,2025-06
ORD00056,2025-06-01,Customer_0417,IoT Gateway,IoT Devices,Central,Rahul,12,14664.51,0.15,149578.0,105584.47,43993.53,0.2941,2025-06
ORD00583,2025-06-01,Customer_0113,Communication Module,IoT Devices,East,Vikram,5,3876.43,0.2,15505.72,12016.93,3488.79,0.225,2025-06
ORD02436,2025-06-01,Customer_0395,Data Logger,Data Solutions,Central,Rahul,16,6393.7,0.1,92069.28,64448.5,27620.78,0.3,2025-06
ORD01104,2025-06-01,Customer_0015,Communication Module,IoT Devices,South,Vikram,13,4329.36,0.15,47839.43,34894.64,12944.79,0.2706,2025-06
ORD01247,2025-06-02,Customer_0154,IoT Gateway,IoT Devices,North,Rohan,18,15561.85,0.0,280113.3,168067.98,112045.32,0.4,2025-06
ORD02994,2025-06-02,Customer_0345,Network Controller,Networking,West,Aarav,15,18587.89,0.15,236995.6,161714.64,75280.95,0.3176,2025-06
ORD00166,2025-06-02,Customer_0073,Data Logger,Data Solutions,North,Vikram,16,6144.31,0.25,73731.72,61934.64,11797.08,0.16,2025-06
ORD00033,2025-06-02,Customer_0310,Communication Module,IoT Devices,East,Vikram,18,3915.08,0.1,63424.3,43692.29,19732.0,0.3111,2025-06
ORD02546,2025-06-02,Customer_0490,Smart Sensor,IoT Devices,West,Priya,12,5529.15,0.1,59714.82,40473.38,19241.44,0.3222,2025-06
ORD01021,2025-06-02,Customer_0018,Network Controller,Networking,South,Aarav,1,18718.81,0.1,16846.93,10856.91,5990.02,0.3556,2025-06
ORD02713,2025-06-02,Customer_0377,Data Logger,Data Solutions,Central,Vikram,14,6647.9,0.0,93070.6,58634.48,34436.12,0.37,2025-06
ORD04468,2025-06-02,Customer_0220,IoT Gateway,IoT Devices,North,Sneha,11,15854.01,0.15,148234.99,104636.47,43598.53,0.2941,2025-06
ORD00232,2025-06-02,Customer_0463,Smart Sensor,IoT Devices,West,Sneha,12,5113.89,0.1,55230.01,37433.67,17796.34,0.3222,2025-06
ORD00658,2025-06-03,Customer_0117,IoT Gateway,IoT Devices,Central,Arjun,6,15169.39,0.1,81914.71,54609.8,27304.9,0.3333,2025-06
ORD01196,2025-06-03,Customer_0077,Advanced Meter,Energy Management,North,Rohan,10,13123.29,0.25,98424.68,85301.39,13123.29,0.1333,2025-06
ORD03373,2025-06-03,Customer_0463,Smart Meter,Energy Management,Central,Vikram,1,8047.27,0.25,6035.45,5472.14,563.31,0.0933,2025-06
ORD01242,2025-06-03,Customer_0158,Communication Module,IoT Devices,East,Meera,5,4605.43,0.15,19573.08,14276.83,5296.24,0.2706,2025-06
ORD04102,2025-06-03,Customer_0130,Analytics License,Software,East,Vikram,4,20623.12,0.05,78367.86,28872.37,49495.49,0.6316,2025-06
ORD00919,2025-06-03,Customer_0369,Smart Meter,Energy Management,South,Kavya,16,8476.01,0.1,122054.54,92218.99,29835.56,0.2444,2025-06
ORD01286,2025-06-03,Customer_0313,IoT Gateway,IoT Devices,Central,Ananya,16,14255.44,0.25,171065.28,136852.22,34213.06,0.2,2025-06
ORD04444,2025-06-03,Customer_0100,Energy Monitor,Energy Management,Central,Sneha,10,7007.78,0.1,63070.02,44849.79,18220.23,0.2889,2025-06
ORD03679,2025-06-03,Customer_0492,Smart Meter,Energy Management,East,Aarav,13,8410.07,0.2,87464.73,74345.02,13119.71,0.15,2025-06
ORD00386,2025-06-03,Customer_0070,Communication Module,IoT Devices,South,Sneha,16,3858.68,0.15,52478.05,38278.11,14199.94,0.2706,2025-06
ORD01070,2025-06-03,Customer_0484,Cloud Platform,Software,Central,Vikram,19,37201.96,0.05,671495.38,212051.17,459444.21,0.6842,2025-06
ORD00084,2025-06-03,Customer_0306,Cloud Platform,Software,West,Aarav,2,34833.47,0.2,55733.55,20900.08,34833.47,0.625,2025-06
ORD00375,2025-06-03,Customer_0234,IoT Gateway,IoT Devices,East,Priya,14,13592.87,0.1,171270.16,114180.11,57090.05,0.3333,2025-06
ORD00270,2025-06-04,Customer_0133,Cloud Platform,Software,South,Arjun,14,32738.21,0.1,412501.45,137500.48,275000.96,0.6667,2025-06
ORD00546,2025-06-04,Customer_0234,Energy Monitor,Energy Management,North,Rohan,9,7916.02,0.0,71244.18,45596.28,25647.9,0.36,2025-06
ORD03274,2025-06-04,Customer_0122,IoT Gateway,IoT Devices,Central,Sneha,13,14459.46,0.1,169175.68,112783.79,56391.89,0.3333,2025-06
ORD04539,2025-06-04,Customer_0286,Network Controller,Networking,North,Kavya,20,20154.17,0.15,342620.89,233788.37,108832.52,0.3176,2025-06
ORD01807,2025-06-04,Customer_0259,IoT Gateway,IoT Devices,Central,Rahul,9,14554.33,0.05,124439.52,78593.38,45846.14,0.3684,2025-06
ORD01129,2025-06-04,Customer_0447,Energy Monitor,Energy Management,South,Aarav,5,6547.77,0.15,27828.02,20952.86,6875.16,0.2471,2025-06
ORD00875,2025-06-04,Customer_0358,Advanced Meter,Energy Management,North,Ananya,6,12502.6,0.1,67514.04,48760.14,18753.9,0.2778,2025-06
ORD02392,2025-06-04,Customer_0330,Analytics License,Software,West,Aarav,3,20472.71,0.2,49134.5,21496.35,27638.16,0.5625,2025-06
ORD03061,2025-06-04,Customer_0374,Energy Monitor,Energy Management,Central,Vikram,4,6571.68,0.0,26286.72,16823.5,9463.22,0.36,2025-06
ORD03780,2025-06-04,Customer_0042,Communication Module,IoT Devices,North,Rohan,8,3904.8,0.1,28114.56,19367.81,8746.75,0.3111,2025-06
ORD02169,2025-06-04,Customer_0417,Communication Module,IoT Devices,North,Rahul,1,4441.16,0.25,3330.87,2753.52,577.35,0.1733,2025-06
ORD01862,2025-06-04,Customer_0088,Data Logger,Data Solutions,West,Ananya,1,6386.85,0.1,5748.17,4023.72,1724.45,0.3,2025-06
ORD04524,2025-06-04,Customer_0230,IoT Gateway,IoT Devices,East,Vikram,4,14131.62,0.2,45221.18,33915.89,11305.3,0.25,2025-06
ORD03968,2025-06-04,Customer_0113,Network Controller,Networking,East,Ananya,9,18352.36,0.1,148654.12,95799.32,52854.8,0.3556,2025-06
ORD01596,2025-06-04,Customer_0085,Smart Sensor,IoT Devices,North,Ananya,13,5872.95,0.2,61078.68,46572.49,14506.19,0.2375,2025-06
ORD04916,2025-06-05,Customer_0207,IoT Gateway,IoT Devices,West,Priya,19,14398.77,0.2,218861.3,164145.98,54715.33,0.25,2025-06
ORD03068,2025-06-05,Customer_0189,Smart Meter,Energy Management,Central,Arjun,1,8859.05,0.1,7973.14,6024.15,1948.99,0.2444,2025-06
ORD04291,2025-06-05,Customer_0154,Network Controller,Networking,South,Sneha,4,19680.21,0.15,66912.71,45658.09,21254.63,0.3176,2025-06
ORD01351,2025-06-05,Customer_0333,Smart Meter,Energy Management,East,Aarav,19,7894.52,0.0,149995.88,101997.2,47998.68,0.32,2025-06
ORD00333,2025-06-05,Customer_0041,Data Logger,Data Solutions,East,Priya,1,6446.23,0.0,6446.23,4061.12,2385.11,0.37,2025-06
ORD03212,2025-06-05,Customer_0362,Smart Sensor,IoT Devices,East,Rohan,16,5391.18,0.1,77632.99,52617.92,25015.08,0.3222,2025-06
ORD00129,2025-06-05,Customer_0084,Smart Sensor,IoT Devices,North,Aarav,18,5679.89,0.05,97126.12,62365.19,34760.93,0.3579,2025-06
ORD03982,2025-06-05,Customer_0380,Analytics License,Software,South,Ananya,18,22455.4,0.15,343567.62,141469.02,202098.6,0.5882,2025-06
ORD02303,2025-06-05,Customer_0016,Advanced Meter,Energy Management,Central,Kavya,4,12088.12,0.0,48352.48,31429.11,16923.37,0.35,2025-06
ORD01868,2025-06-05,Customer_0399,Network Controller,Networking,South,Rahul,20,16946.12,0.05,321976.28,196574.99,125401.29,0.3895,2025-06
ORD02158,2025-06-05,Customer_0492,Analytics License,Software,North,Kavya,8,20915.43,0.2,133858.75,58563.2,75295.55,0.5625,2025-06
ORD01108,2025-06-05,Customer_0463,Cloud Platform,Software,Central,Sneha,5,37928.0,0.1,170676.0,56892.0,113784.0,0.6667,2025-06
ORD00668,2025-06-05,Customer_0031,Advanced Meter,Energy Management,West,Arjun,16,12645.88,0.2,161867.26,131517.15,30350.11,0.1875,2025-06
ORD04949,2025-06-05,Customer_0351,IoT Gateway,IoT Devices,South,Rohan,19,15862.17,0.15,256174.05,180828.74,75345.31,0.2941,2025-06
ORD04383,2025-06-05,Customer_0457,Data Logger,Data Solutions,Central,Meera,1,6158.95,0.05,5851.0,3880.14,1970.86,0.3368,2025-06
ORD04852,2025-06-05,Customer_0320,Communication Module,IoT Devices,South,Aarav,6,4518.58,0.2,21689.18,16809.12,4880.07,0.225,2025-06
ORD00820,2025-06-05,Customer_0498,Cloud Platform,Software,Central,Rahul,16,35088.31,0.05,533342.31,168423.89,364918.42,0.6842,2025-06
ORD03456,2025-06-06,Customer_0441,Data Logger,Data Solutions,North,Aarav,20,7129.63,0.2,114074.08,89833.34,24240.74,0.2125,2025-06
ORD01302,2025-06-06,Customer_0024,Data Logger,Data Solutions,North,Sneha,6,6837.82,0.25,30770.19,25846.96,4923.23,0.16,2025-06
ORD03317,2025-06-06,Customer_0317,Smart Sensor,IoT Devices,North,Priya,6,4964.92,0.1,26810.57,18171.61,8638.96,0.3222,2025-06
ORD03338,2025-06-06,Customer_0299,Smart Meter,Energy Management,South,Priya,10,9201.04,0.0,92010.4,62567.07,29443.33,0.32,2025-06
ORD04623,2025-06-06,Customer_0232,Smart Sensor,IoT Devices,North,Kavya,15,5717.74,0.0,85766.1,52317.32,33448.78,0.39,2025-06
ORD02415,2025-06-06,Customer_0450,Communication Module,IoT Devices,South,Kavya,9,4320.65,0.05,36941.56,24109.23,12832.33,0.3474,2025-06
ORD04107,2025-06-06,Customer_0044,Cloud Platform,Software,Central,Priya,17,35548.45,0.0,604323.65,181297.09,423026.55,0.7,2025-06
ORD01616,2025-06-06,Customer_0145,Advanced Meter,Energy Management,East,Meera,4,13285.04,0.15,45169.14,34541.1,10628.03,0.2353,2025-06
ORD04158,2025-06-06,Customer_0390,Analytics License,Software,West,Aarav,10,20952.0,0.2,167616.0,73332.0,94284.0,0.5625,2025-06
ORD02316,2025-06-07,Customer_0071,Analytics License,Software,South,Rohan,20,20304.73,0.2,324875.68,142133.11,182742.57,0.5625,2025-06
ORD02131,2025-06-07,Customer_0192,IoT Gateway,IoT Devices,East,Sneha,13,14434.49,0.05,178265.95,112589.02,65676.93,0.3684,2025-06
ORD04218,2025-06-07,Customer_0034,Cloud Platform,Software,West,Rohan,11,32344.1,0.1,320206.59,106735.53,213471.06,0.6667,2025-06
ORD02270,2025-06-07,Customer_0494,Analytics License,Software,East,Priya,7,22918.3,0.1,144385.29,56149.83,88235.46,0.6111,2025-06
ORD03454,2025-06-07,Customer_0461,Network Controller,Networking,South,Meera,15,16891.52,0.0,253372.8,146956.22,106416.58,0.42,2025-06
ORD02320,2025-06-07,Customer_0083,Communication Module,IoT Devices,West,Sneha,18,4429.62,0.2,63786.53,49434.56,14351.97,0.225,2025-06
ORD02836,2025-06-07,Customer_0352,Analytics License,Software,West,Aarav,1,20260.7,0.15,17221.6,7091.24,10130.35,0.5882,2025-06
ORD01083,2025-06-07,Customer_0144,Energy Monitor,Energy Management,South,Aarav,13,7503.69,0.25,73160.98,62430.7,10730.28,0.1467,2025-06
ORD01700,2025-06-07,Customer_0148,Advanced Meter,Energy Management,North,Priya,18,11275.18,0.1,182657.92,131919.61,50738.31,0.2778,2025-06
ORD03568,2025-06-08,Customer_0309,IoT Gateway,IoT Devices,North,Meera,15,14803.34,0.05,210947.6,133230.06,77717.54,0.3684,2025-06
ORD03886,2025-06-08,Customer_0428,IoT Gateway,IoT Devices,Central,Rohan,11,15247.37,0.15,142562.91,100632.64,41930.27,0.2941,2025-06
ORD02360,2025-06-08,Customer_0341,Cloud Platform,Software,East,Rahul,4,34308.5,0.15,116648.9,41170.2,75478.7,0.6471,2025-06
ORD00238,2025-06-08,Customer_0445,Cloud Platform,Software,South,Ananya,7,33566.95,0.15,199723.35,70490.59,129232.76,0.6471,2025-06
ORD04522,2025-06-08,Customer_0057,Analytics License,Software,Central,Kavya,19,19932.1,0.05,359774.4,132548.46,227225.94,0.6316,2025-06
ORD03072,2025-06-08,Customer_0288,Cloud Platform,Software,South,Rohan,2,34057.37,0.2,54491.79,20434.42,34057.37,0.625,2025-06
ORD04716,2025-06-08,Customer_0278,Communication Module,IoT Devices,West,Sneha,19,3795.57,0.1,64904.25,44711.81,20192.43,0.3111,2025-06
ORD01144,2025-06-08,Customer_0310,Cloud Platform,Software,North,Rahul,11,38108.29,0.1,377272.07,125757.36,251514.71,0.6667,2025-06
ORD00639,2025-06-08,Customer_0101,IoT Gateway,IoT Devices,West,Sneha,14,14693.65,0.2,164568.88,123426.66,41142.22,0.25,2025-06
ORD02508,2025-06-08,Customer_0355,Smart Sensor,IoT Devices,Central,Priya,7,5113.45,0.1,32214.74,21834.43,10380.3,0.3222,2025-06
ORD00300,2025-06-08,Customer_0406,Communication Module,IoT Devices,Central,Meera,19,4198.53,0.0,79772.07,49458.68,30313.39,0.38,2025-06
ORD01488,2025-06-08,Customer_0236,Smart Meter,Energy Management,South,Aarav,12,8557.85,0.1,92424.78,69832.06,22592.72,0.2444,2025-06
ORD04780,2025-06-09,Customer_0435,IoT Gateway,IoT Devices,South,Aarav,17,16467.57,0.0,279948.69,167969.21,111979.48,0.4,2025-06
ORD02233,2025-06-09,Customer_0103,Cloud Platform,Software,South,Priya,5,36445.71,0.15,154894.27,54668.56,100225.7,0.6471,2025-06
ORD04777,2025-06-09,Customer_0319,Communication Module,IoT Devices,West,Meera,19,4289.57,0.25,61126.37,50531.13,10595.24,0.1733,2025-06
ORD04667,2025-06-09,Customer_0438,Analytics License,Software,North,Arjun,14,21667.32,0.2,242673.98,106169.87,136504.12,0.5625,2025-06
ORD04694,2025-06-09,Customer_0152,Communication Module,IoT Devices,Central,Arjun,18,4542.36,0.2,65409.98,50692.74,14717.25,0.225,2025-06
ORD00265,2025-06-09,Customer_0467,Analytics License,Software,East,Arjun,11,22526.19,0.15,210619.88,86725.83,123894.04,0.5882,2025-06
ORD01419,2025-06-09,Customer_0368,Cloud Platform,Software,East,Meera,1,37751.01,0.15,32088.36,11325.3,20763.06,0.6471,2025-06
ORD03537,2025-06-09,Customer_0377,Cloud Platform,Software,Central,Rohan,14,37008.76,0.05,492216.51,155436.79,336779.72,0.6842,2025-06
ORD04889,2025-06-09,Customer_0272,Energy Monitor,Energy Management,West,Priya,14,6497.31,0.25,68221.76,58215.9,10005.86,0.1467,2025-06
ORD01186,2025-06-09,Customer_0029,Network Controller,Networking,West,Aarav,6,18399.65,0.0,110397.9,64030.78,46367.12,0.42,2025-06
ORD02866,2025-06-09,Customer_0365,Analytics License,Software,West,Rahul,6,23161.4,0.15,118123.14,48638.94,69484.2,0.5882,2025-06
ORD03048,2025-06-09,Customer_0139,Energy Monitor,Energy Management,Central,Sneha,16,6841.05,0.15,93038.28,70052.35,22985.93,0.2471,2025-06
ORD02840,2025-06-09,Customer_0477,Smart Sensor,IoT Devices,North,Ananya,9,5741.34,0.1,46504.85,31519.96,14984.9,0.3222,2025-06
ORD04848,2025-06-09,Customer_0378,Communication Module,IoT Devices,North,Ananya,4,4586.94,0.05,17430.37,11375.61,6054.76,0.3474,2025-06
ORD03784,2025-06-10,Customer_0364,Smart Meter,Energy Management,North,Meera,4,8919.61,0.1,32110.6,24261.34,7849.26,0.2444,2025-06
ORD00826,2025-06-10,Customer_0221,Advanced Meter,Energy Management,East,Aarav,13,13154.72,0.2,136809.09,111157.38,25651.7,0.1875,2025-06
ORD01170,2025-06-10,Customer_0173,Analytics License,Software,South,Rohan,1,20618.11,0.05,19587.2,7216.34,12370.87,0.6316,2025-06
ORD04047,2025-06-10,Customer_0003,IoT Gateway,IoT Devices,West,Priya,16,15632.08,0.1,225101.95,150067.97,75033.98,0.3333,2025-06
ORD03806,2025-06-10,Customer_0200,IoT Gateway,IoT Devices,West,Aarav,11,14313.65,0.1,141705.14,94470.09,47235.05,0.3333,2025-06
ORD01049,2025-06-10,Customer_0082,Energy Monitor,Energy Management,East,Vikram,2,7642.46,0.1,13756.43,9782.35,3974.08,0.2889,2025-06
ORD03181,2025-06-10,Customer_0260,Smart Meter,Energy Management,South,Aarav,6,9228.08,0.05,52600.06,37650.57,14949.49,0.2842,2025-06
ORD04722,2025-06-10,Customer_0229,Advanced Meter,Energy Management,North,Kavya,17,11339.34,0.1,173491.9,125299.71,48192.19,0.2778,2025-06
ORD01882,2025-06-10,Customer_0486,Communication Module,IoT Devices,East,Arjun,10,3992.15,0.15,33933.28,24751.33,9181.95,0.2706,2025-06
ORD00034,2025-06-10,Customer_0404,IoT Gateway,IoT Devices,East,Aarav,4,14211.75,0.05,54004.65,34108.2,19896.45,0.3684,2025-06
ORD01614,2025-06-10,Customer_0028,Communication Module,IoT Devices,West,Kavya,1,4057.52,0.1,3651.77,2515.66,1136.11,0.3111,2025-06
ORD01809,2025-06-10,Customer_0046,Energy Monitor,Energy Management,Central,Meera,4,7619.3,0.15,25905.62,19505.41,6400.21,0.2471,2025-06
ORD02641,2025-06-10,Customer_0330,Analytics License,Software,Central,Priya,7,19954.14,0.15,118727.13,48887.64,69839.49,0.5882,2025-06
ORD01850,2025-06-10,Customer_0106,Network Controller,Networking,South,Arjun,1,20197.39,0.1,18177.65,11714.49,6463.16,0.3556,2025-06
ORD00134,2025-06-11,Customer_0178,Smart Sensor,IoT Devices,Central,Ananya,1,4977.92,0.05,4729.02,3036.53,1692.49,0.3579,2025-06
ORD00968,2025-06-11,Customer_0093,Cloud Platform,Software,South,Priya,11,36051.79,0.0,396569.69,118970.91,277598.78,0.7,2025-06
ORD00352,2025-06-11,Customer_0262,Energy Monitor,Energy Management,North,Priya,9,7209.02,0.15,55149.0,41523.96,13625.05,0.2471,2025-06
ORD04520,2025-06-11,Customer_0210,Network Controller,Networking,Central,Priya,14,18228.39,0.25,191398.1,148014.53,43383.57,0.2267,2025-06
ORD03779,2025-06-11,Customer_0139,Energy Monitor,Energy Management,East,Aarav,20,7171.69,0.0,143433.8,91797.63,51636.17,0.36,2025-06
ORD03209,2025-06-11,Customer_0317,IoT Gateway,IoT Devices,South,Aarav,9,14879.18,0.0,133912.62,80347.57,53565.05,0.4,2025-06
ORD02721,2025-06-11,Customer_0133,Network Controller,Networking,Central,Sneha,14,19988.44,0.15,237862.44,162306.13,75556.3,0.3176,2025-06
ORD02286,2025-06-11,Customer_0459,Smart Sensor,IoT Devices,South,Ananya,14,5432.26,0.0,76051.64,46391.5,29660.14,0.39,2025-06
ORD01054,2025-06-11,Customer_0307,Analytics License,Software,West,Kavya,9,21062.13,0.05,180081.21,66345.71,113735.5,0.6316,2025-06
ORD04715,2025-06-11,Customer_0494,Smart Sensor,IoT Devices,East,Kavya,9,5207.02,0.05,44520.02,28586.54,15933.48,0.3579,2025-06
ORD01554,2025-06-11,Customer_0348,Communication Module,IoT Devices,North,Rahul,19,4077.28,0.15,65848.07,48030.36,17817.71,0.2706,2025-06
ORD02043,2025-06-11,Customer_0068,Energy Monitor,Energy Management,Central,Rahul,2,6859.04,0.15,11660.37,8779.57,2880.8,0.2471,2025-06
ORD01691,2025-06-11,Customer_0202,Analytics License,Software,West,Vikram,17,20310.48,0.15,293486.44,120847.36,172639.08,0.5882,2025-06
ORD03393,2025-06-11,Customer_0490,Data Logger,Data Solutions,West,Sneha,4,6127.9,0.2,19609.28,15442.31,4166.97,0.2125,2025-06
ORD04604,2025-06-11,Customer_0436,Communication Module,IoT Devices,West,Aarav,9,4610.27,0.1,37343.19,25725.31,11617.88,0.3111,2025-06
ORD01719,2025-06-11,Customer_0321,Network Controller,Networking,North,Priya,7,19288.2,0.0,135017.4,78310.09,56707.31,0.42,2025-06
ORD03494,2025-06-12,Customer_0490,Advanced Meter,Energy Management,East,Rohan,3,11961.45,0.1,32295.92,23324.83,8971.09,0.2778,2025-06
ORD02211,2025-06-12,Customer_0195,Cloud Platform,Software,South,Meera,14,35152.71,0.1,442924.15,147641.38,295282.76,0.6667,2025-06
ORD00598,2025-06-12,Customer_0407,Data Logger,Data Solutions,North,Priya,6,7043.71,0.0,42262.26,26625.22,15637.04,0.37,2025-06
ORD01074,2025-06-12,Customer_0285,Smart Meter,Energy Management,South,Sneha,2,8770.91,0.1,15787.64,11928.44,3859.2,0.2444,2025-06
ORD00012,2025-06-12,Customer_0231,Smart Meter,Energy Management,South,Vikram,3,8961.16,0.0,26883.48,18280.77,8602.71,0.32,2025-06
ORD03705,2025-06-12,Customer_0232,Data Logger,Data Solutions,Central,Priya,4,6704.11,0.1,24134.8,16894.36,7240.44,0.3,2025-06
ORD03630,2025-06-12,Customer_0320,Smart Meter,Energy Management,Central,Sneha,4,8857.87,0.05,33659.91,24093.41,9566.5,0.2842,2025-06
ORD00261,2025-06-12,Customer_0206,Data Logger,Data Solutions,West,Priya,2,6329.16,0.05,12025.4,7974.74,4050.66,0.3368,2025-06
ORD02909,2025-06-12,Customer_0361,Smart Meter,Energy Management,East,Aarav,11,8233.49,0.2,72454.71,61586.51,10868.21,0.15,2025-06
ORD03100,2025-06-12,Customer_0377,IoT Gateway,IoT Devices,West,Sneha,12,14130.76,0.0,169569.12,101741.47,67827.65,0.4,2025-06
ORD00395,2025-06-13,Customer_0265,Smart Meter,Energy Management,South,Sneha,3,8693.13,0.0,26079.39,17733.99,8345.4,0.32,2025-06
ORD00284,2025-06-13,Customer_0269,Data Logger,Data Solutions,Central,Priya,12,6765.1,0.0,81181.2,51144.16,30037.04,0.37,2025-06
ORD03319,2025-06-13,Customer_0263,Smart Meter,Energy Management,South,Meera,14,9346.72,0.2,104683.26,88980.77,15702.49,0.15,2025-06
ORD02473,2025-06-13,Customer_0023,IoT Gateway,IoT Devices,Central,Sneha,6,14485.7,0.0,86914.2,52148.52,34765.68,0.4,2025-06
ORD00488,2025-06-13,Customer_0358,Communication Module,IoT Devices,North,Rohan,13,4440.89,0.1,51958.41,35793.57,16164.84,0.3111,2025-06
ORD03595,2025-06-13,Customer_0347,IoT Gateway,IoT Devices,Central,Priya,4,13780.55,0.1,49609.98,33073.32,16536.66,0.3333,2025-06
ORD02304,2025-06-13,Customer_0150,Smart Meter,Energy Management,North,Arjun,20,8469.77,0.1,152455.86,115188.87,37266.99,0.2444,2025-06
ORD04124,2025-06-13,Customer_0434,IoT Gateway,IoT Devices,East,Meera,2,15281.48,0.05,29034.81,18337.78,10697.04,0.3684,2025-06
ORD02205,2025-06-13,Customer_0276,Cloud Platform,Software,North,Rohan,3,33131.23,0.2,79514.95,29818.11,49696.84,0.625,2025-06
ORD01737,2025-06-13,Customer_0451,IoT Gateway,IoT Devices,South,Ananya,16,15238.35,0.2,195050.88,146288.16,48762.72,0.25,2025-06
ORD00662,2025-06-13,Customer_0273,Smart Meter,Energy Management,East,Sneha,14,7925.27,0.15,94310.71,75448.57,18862.14,0.2,2025-06
ORD01899,2025-06-14,Customer_0136,Energy Monitor,Energy Management,North,Arjun,5,6901.68,0.15,29332.14,22085.38,7246.76,0.2471,2025-06
ORD03160,2025-06-14,Customer_0043,Smart Meter,Energy Management,South,Aarav,19,8951.28,0.1,153066.89,115650.54,37416.35,0.2444,2025-06
ORD02297,2025-06-14,Customer_0002,Communication Module,IoT Devices,North,Kavya,1,4103.16,0.0,4103.16,2543.96,1559.2,0.38,2025-06
ORD02258,2025-06-14,Customer_0077,Analytics License,Software,West,Rahul,11,21448.7,0.1,212342.13,82577.49,129764.64,0.6111,2025-06
ORD04400,2025-06-14,Customer_0279,Cloud Platform,Software,West,Priya,15,33195.52,0.15,423242.88,149379.84,273863.04,0.6471,2025-06
ORD02765,2025-06-14,Customer_0305,Advanced Meter,Energy Management,South,Rahul,13,12574.42,0.15,138947.34,106253.85,32693.49,0.2353,2025-06
ORD04176,2025-06-14,Customer_0169,Cloud Platform,Software,West,Meera,5,34281.53,0.1,154266.88,51422.29,102844.59,0.6667,2025-06
ORD00137,2025-06-14,Customer_0007,IoT Gateway,IoT Devices,South,Rohan,14,14379.44,0.2,161049.73,120787.3,40262.43,0.25,2025-06
ORD01707,2025-06-15,Customer_0427,Advanced Meter,Energy Management,East,Aarav,10,11601.24,0.1,104411.16,75408.06,29003.1,0.2778,2025-06
ORD04815,2025-06-15,Customer_0384,IoT Gateway,IoT Devices,West,Ananya,2,16475.02,0.1,29655.04,19770.02,9885.01,0.3333,2025-06
ORD03754,2025-06-15,Customer_0094,Communication Module,IoT Devices,Central,Sneha,14,4409.06,0.05,58640.5,38270.64,20369.86,0.3474,2025-06
ORD02410,2025-06-15,Customer_0381,Smart Meter,Energy Management,South,Vikram,8,8140.56,0.2,52099.58,44284.65,7814.94,0.15,2025-06
ORD02598,2025-06-15,Customer_0084,Analytics License,Software,Central,Kavya,2,22024.38,0.1,39643.88,15417.07,24226.82,0.6111,2025-06
ORD00533,2025-06-15,Customer_0356,Analytics License,Software,East,Meera,14,23833.05,0.15,283613.3,116781.94,166831.35,0.5882,2025-06
ORD00879,2025-06-15,Customer_0249,Analytics License,Software,East,Ananya,14,24192.6,0.1,304826.76,118543.74,186283.02,0.6111,2025-06
ORD00652,2025-06-16,Customer_0475,Network Controller,Networking,Central,Vikram,4,18225.97,0.25,54677.91,42284.25,12393.66,0.2267,2025-06
ORD04592,2025-06-16,Customer_0481,Smart Sensor,IoT Devices,East,Ananya,10,5742.63,0.1,51683.67,35030.04,16653.63,0.3222,2025-06
ORD00460,2025-06-16,Customer_0073,Smart Sensor,IoT Devices,Central,Kavya,17,4983.94,0.0,84726.98,51683.46,33043.52,0.39,2025-06
ORD01970,2025-06-16,Customer_0150,Advanced Meter,Energy Management,West,Kavya,8,12337.73,0.1,88831.66,64156.2,24675.46,0.2778,2025-06
ORD01785,2025-06-16,Customer_0117,Smart Meter,Energy Management,Central,Rohan,9,8124.84,0.2,58498.85,49724.02,8774.83,0.15,2025-06
ORD04781,2025-06-16,Customer_0361,Advanced Meter,Energy Management,South,Vikram,16,13395.99,0.0,214335.84,139318.3,75017.54,0.35,2025-06
ORD01659,2025-06-16,Customer_0357,Advanced Meter,Energy Management,West,Sneha,10,13361.07,0.1,120249.63,86846.96,33402.68,0.2778,2025-06
ORD02565,2025-06-16,Customer_0274,Smart Meter,Energy Management,East,Rohan,12,9145.6,0.1,98772.48,74628.1,24144.38,0.2444,2025-06
ORD00371,2025-06-16,Customer_0196,Energy Monitor,Energy Management,Central,Ananya,2,6720.28,0.1,12096.5,8601.96,3494.55,0.2889,2025-06
ORD02839,2025-06-16,Customer_0191,IoT Gateway,IoT Devices,South,Kavya,17,15984.85,0.05,258155.33,163045.47,95109.86,0.3684,2025-06
ORD02534,2025-06-16,Customer_0314,IoT Gateway,IoT Devices,South,Arjun,9,15403.44,0.1,124767.86,83178.58,41589.29,0.3333,2025-06
ORD02673,2025-06-16,Customer_0132,Analytics License,Software,South,Aarav,1,22063.81,0.1,19857.43,7722.33,12135.1,0.6111,2025-06
ORD00070,2025-06-16,Customer_0451,Analytics License,Software,Central,Priya,10,23787.96,0.0,237879.6,83257.86,154621.74,0.65,2025-06
ORD03602,2025-06-16,Customer_0212,Advanced Meter,Energy Management,East,Priya,10,11417.17,0.1,102754.53,74211.6,28542.93,0.2778,2025-06
ORD04123,2025-06-17,Customer_0401,Network Controller,Networking,North,Sneha,9,17878.39,0.15,136769.68,93325.2,43444.49,0.3176,2025-06
ORD01585,2025-06-17,Customer_0364,Analytics License,Software,North,Rohan,2,22788.99,0.1,41020.18,15952.29,25067.89,0.6111,2025-06
ORD00851,2025-06-17,Customer_0108,Data Logger,Data Solutions,North,Ananya,16,6550.99,0.05,99575.05,66033.98,33541.07,0.3368,2025-06
ORD01478,2025-06-17,Customer_0366,Analytics License,Software,West,Aarav,5,20218.2,0.25,75818.25,35381.85,40436.4,0.5333,2025-06
ORD03946,2025-06-17,Customer_0216,Communication Module,IoT Devices,East,Arjun,16,3925.7,0.05,59670.64,38942.94,20727.7,0.3474,2025-06
ORD04656,2025-06-17,Customer_0296,Analytics License,Software,East,Meera,14,22344.99,0.15,265905.38,109490.45,156414.93,0.5882,2025-06
ORD03343,2025-06-17,Customer_0357,IoT Gateway,IoT Devices,East,Vikram,19,16169.79,0.0,307226.01,184335.61,122890.4,0.4,2025-06
ORD04146,2025-06-17,Customer_0346,Advanced Meter,Energy Management,North,Rahul,18,12930.09,0.1,209467.46,151282.05,58185.4,0.2778,2025-06
ORD01545,2025-06-17,Customer_0227,Smart Meter,Energy Management,West,Priya,1,8693.95,0.1,7824.56,5911.89,1912.67,0.2444,2025-06
ORD03023,2025-06-17,Customer_0116,Energy Monitor,Energy Management,East,Priya,14,6751.47,0.05,89794.55,60493.17,29301.38,0.3263,2025-06
ORD04642,2025-06-17,Customer_0434,Cloud Platform,Software,South,Rohan,19,34400.52,0.05,620929.39,196082.96,424846.42,0.6842,2025-06
ORD02817,2025-06-17,Customer_0285,Advanced Meter,Energy Management,East,Priya,1,12294.4,0.05,11679.68,7991.36,3688.32,0.3158,2025-06
ORD02527,2025-06-17,Customer_0023,Energy Monitor,Energy Management,West,Aarav,11,7558.32,0.05,78984.44,53210.57,25773.87,0.3263,2025-06
ORD01686,2025-06-18,Customer_0270,Network Controller,Networking,Central,Rahul,13,19801.8,0.1,231681.06,149305.57,82375.49,0.3556,2025-06
ORD01967,2025-06-18,Customer_0392,Cloud Platform,Software,Central,Aarav,9,34328.21,0.15,262610.81,92686.17,169924.64,0.6471,2025-06
ORD02568,2025-06-18,Customer_0490,IoT Gateway,IoT Devices,West,Rohan,3,13982.87,0.1,37753.75,25169.17,12584.58,0.3333,2025-06
ORD03323,2025-06-18,Customer_0083,Network Controller,Networking,South,Rahul,3,18192.11,0.2,43661.06,31654.27,12006.79,0.275,2025-06
ORD02425,2025-06-18,Customer_0347,Analytics License,Software,Central,Rohan,6,24114.02,0.1,130215.71,50639.44,79576.27,0.6111,2025-06
ORD03128,2025-06-18,Customer_0133,IoT Gateway,IoT Devices,West,Arjun,15,16223.16,0.0,243347.4,146008.44,97338.96,0.4,2025-06
ORD02681,2025-06-18,Customer_0447,Communication Module,IoT Devices,North,Sneha,8,4310.53,0.1,31035.82,21380.23,9655.59,0.3111,2025-06
ORD03787,2025-06-18,Customer_0346,Advanced Meter,Energy Management,South,Sneha,18,11399.78,0.15,174416.63,133377.43,41039.21,0.2353,2025-06
ORD04332,2025-06-18,Customer_0346,Analytics License,Software,East,Meera,11,20965.9,0.15,196031.16,80718.71,115312.45,0.5882,2025-06
ORD02422,2025-06-18,Customer_0345,Network Controller,Networking,North,Priya,2,18224.04,0.0,36448.08,21139.89,15308.19,0.42,2025-06
ORD03870,2025-06-18,Customer_0211,Advanced Meter,Energy Management,West,Kavya,4,12549.02,0.1,45176.47,32627.45,12549.02,0.2778,2025-06
ORD03114,2025-06-18,Customer_0386,Energy Monitor,Energy Management,Central,Vikram,8,7611.04,0.0,60888.32,38968.52,21919.8,0.36,2025-06
ORD01223,2025-06-18,Customer_0296,IoT Gateway,IoT Devices,East,Arjun,10,15593.97,0.15,132548.74,93563.82,38984.93,0.2941,2025-06
ORD02780,2025-06-18,Customer_0326,Cloud Platform,Software,East,Rahul,2,38170.09,0.05,72523.17,22902.05,49621.12,0.6842,2025-06
ORD04628,2025-06-18,Customer_0106,Communication Module,IoT Devices,East,Sneha,10,3821.09,0.2,30568.72,23690.76,6877.96,0.225,2025-06
ORD04095,2025-06-18,Customer_0043,Energy Monitor,Energy Management,East,Rohan,10,6939.63,0.05,65926.48,44413.63,21512.85,0.3263,2025-06
ORD01309,2025-06-19,Customer_0157,Analytics License,Software,West,Kavya,13,23523.66,0.1,275226.82,107032.65,168194.17,0.6111,2025-06
ORD00439,2025-06-19,Customer_0091,Energy Monitor,Energy Management,Central,Vikram,8,7701.18,0.15,52368.02,39430.04,12937.98,0.2471,2025-06
ORD02554,2025-06-19,Customer_0165,Energy Monitor,Energy Management,West,Rohan,7,7812.49,0.05,51953.06,34999.96,16953.1,0.3263,2025-06
ORD03997,2025-06-19,Customer_0357,Network Controller,Networking,South,Rohan,20,19591.69,0.2,313467.04,227263.6,86203.44,0.275,2025-06
ORD02030,2025-06-19,Customer_0488,Network Controller,Networking,East,Rahul,14,17207.0,0.2,192718.4,139720.84,52997.56,0.275,2025-06
ORD00162,2025-06-19,Customer_0141,Communication Module,IoT Devices,South,Rahul,2,3797.87,0.2,6076.59,4709.36,1367.23,0.225,2025-06
ORD01959,2025-06-19,Customer_0112,Communication Module,IoT Devices,West,Aarav,18,3843.27,0.0,69178.86,42890.89,26287.97,0.38,2025-06
ORD03720,2025-06-19,Customer_0393,Smart Meter,Energy Management,East,Aarav,3,8001.71,0.25,18003.85,16323.49,1680.36,0.0933,2025-06
ORD03901,2025-06-19,Customer_0089,Energy Monitor,Energy Management,South,Meera,9,7039.6,0.2,50685.12,40548.1,10137.02,0.2,2025-06
ORD03003,2025-06-19,Customer_0250,Data Logger,Data Solutions,South,Sneha,6,7460.51,0.25,33572.3,28200.73,5371.57,0.16,2025-06
ORD00535,2025-06-20,Customer_0276,Communication Module,IoT Devices,East,Rohan,2,4374.21,0.1,7873.58,5424.02,2449.56,0.3111,2025-06
ORD02282,2025-06-20,Customer_0179,Cloud Platform,Software,East,Rohan,4,38179.62,0.1,137446.63,45815.54,91631.09,0.6667,2025-06
ORD04187,2025-06-20,Customer_0151,Smart Meter,Energy Management,South,Sneha,2,8812.66,0.05,16744.05,11985.22,4758.84,0.2842,2025-06
ORD04960,2025-06-20,Customer_0185,Smart Meter,Energy Management,East,Rahul,13,7819.4,0.1,91486.98,69123.5,22363.48,0.2444,2025-06
ORD01421,2025-06-20,Customer_0360,Smart Meter,Energy Management,West,Meera,18,8998.61,0.1,145777.48,110142.99,35634.5,0.2444,2025-06
ORD02033,2025-06-20,Customer_0241,Analytics License,Software,South,Priya,8,22767.54,0.1,163926.29,63749.11,100177.18,0.6111,2025-06
ORD03659,2025-06-20,Customer_0146,Smart Meter,Energy Management,North,Rahul,6,9323.99,0.05,53146.74,38041.88,15104.86,0.2842,2025-06
ORD04084,2025-06-21,Customer_0174,Smart Meter,Energy Management,Central,Rohan,19,9297.21,0.15,150149.94,120119.95,30029.99,0.2,2025-06
ORD00676,2025-06-21,Customer_0085,Analytics License,Software,East,Rohan,6,21850.91,0.1,117994.91,45886.91,72108.0,0.6111,2025-06
ORD03320,2025-06-21,Customer_0476,IoT Gateway,IoT Devices,Central,Meera,6,16312.96,0.05,92983.87,58726.66,34257.22,0.3684,2025-06
ORD04687,2025-06-21,Customer_0127,Smart Sensor,IoT Devices,Central,Ananya,20,5966.81,0.2,95468.96,72795.08,22673.88,0.2375,2025-06
ORD04004,2025-06-21,Customer_0101,Cloud Platform,Software,East,Aarav,4,31515.63,0.05,119759.39,37818.76,81940.64,0.6842,2025-06
ORD00831,2025-06-21,Customer_0368,Cloud Platform,Software,East,Arjun,13,37587.77,0.1,439776.91,146592.3,293184.61,0.6667,2025-06
ORD00674,2025-06-21,Customer_0236,IoT Gateway,IoT Devices,Central,Meera,18,15298.38,0.2,220296.67,165222.5,55074.17,0.25,2025-06
ORD00723,2025-06-21,Customer_0417,Analytics License,Software,South,Sneha,9,23410.43,0.15,179089.79,73742.85,105346.94,0.5882,2025-06
ORD04248,2025-06-21,Customer_0011,Smart Sensor,IoT Devices,South,Priya,20,5251.81,0.2,84028.96,64072.08,19956.88,0.2375,2025-06
ORD00902,2025-06-21,Customer_0499,Smart Meter,Energy Management,South,Meera,7,8049.55,0.15,47894.82,38315.86,9578.96,0.2,2025-06
ORD03689,2025-06-21,Customer_0395,Data Logger,Data Solutions,Central,Meera,10,6423.35,0.05,61021.82,40467.11,20554.72,0.3368,2025-06
ORD02052,2025-06-21,Customer_0015,Analytics License,Software,South,Aarav,6,20156.47,0.05,114891.88,42328.59,72563.29,0.6316,2025-06
ORD04868,2025-06-21,Customer_0422,Data Logger,Data Solutions,West,Kavya,10,7323.72,0.05,69575.34,46139.44,23435.9,0.3368,2025-06
ORD00908,2025-06-21,Customer_0333,Network Controller,Networking,Central,Meera,12,19560.07,0.05,222984.8,136138.09,86846.71,0.3895,2025-06
ORD03035,2025-06-21,Customer_0277,IoT Gateway,IoT Devices,Central,Aarav,15,15713.84,0.15,200351.46,141424.56,58926.9,0.2941,2025-06
ORD00083,2025-06-22,Customer_0488,Communication Module,IoT Devices,South,Ananya,13,3954.07,0.2,41122.33,31869.8,9252.52,0.225,2025-06
ORD03139,2025-06-22,Customer_0384,Network Controller,Networking,Central,Ananya,5,16840.04,0.15,71570.17,48836.12,22734.05,0.3176,2025-06
ORD03199,2025-06-22,Customer_0327,Smart Meter,Energy Management,South,Rahul,1,8471.63,0.15,7200.89,5760.71,1440.18,0.2,2025-06
ORD00147,2025-06-22,Customer_0122,Cloud Platform,Software,South,Kavya,17,34431.39,0.1,526800.27,175600.09,351200.18,0.6667,2025-06
ORD02954,2025-06-22,Customer_0328,Advanced Meter,Energy Management,West,Rohan,17,13396.61,0.05,216355.25,148032.54,68322.71,0.3158,2025-06
ORD00204,2025-06-22,Customer_0288,IoT Gateway,IoT Devices,East,Priya,8,16115.5,0.1,116031.6,77354.4,38677.2,0.3333,2025-06
ORD01592,2025-06-22,Customer_0233,Data Logger,Data Solutions,North,Priya,8,6145.1,0.1,44244.72,30971.3,13273.42,0.3,2025-06
ORD04241,2025-06-22,Customer_0064,Smart Meter,Energy Management,West,Rohan,7,8885.52,0.15,52868.84,42295.08,10573.77,0.2,2025-06
ORD00264,2025-06-22,Customer_0141,IoT Gateway,IoT Devices,West,Priya,12,16397.47,0.1,177092.68,118061.78,59030.89,0.3333,2025-06
ORD01189,2025-06-22,Customer_0197,IoT Gateway,IoT Devices,East,Rohan,17,15081.96,0.2,205114.66,153835.99,51278.66,0.25,2025-06
ORD03027,2025-06-22,Customer_0319,Smart Sensor,IoT Devices,East,Sneha,9,5634.15,0.25,38030.51,30931.48,7099.03,0.1867,2025-06
ORD00616,2025-06-22,Customer_0064,Analytics License,Software,South,Vikram,7,20396.02,0.05,135633.53,49970.25,85663.28,0.6316,2025-06
ORD03725,2025-06-22,Customer_0130,Smart Meter,Energy Management,Central,Meera,9,9064.58,0.1,73423.1,55475.23,17947.87,0.2444,2025-06
ORD01951,2025-06-22,Customer_0084,Data Logger,Data Solutions,Central,Rohan,8,7100.74,0.05,53965.62,35787.73,18177.89,0.3368,2025-06
ORD02187,2025-06-22,Customer_0320,IoT Gateway,IoT Devices,North,Kavya,18,16392.44,0.05,280310.72,177038.35,103272.37,0.3684,2025-06
ORD04026,2025-06-23,Customer_0308,Data Logger,Data Solutions,North,Kavya,4,7307.45,0.1,26306.82,18414.77,7892.05,0.3,2025-06
ORD03816,2025-06-23,Customer_0476,Network Controller,Networking,South,Sneha,18,20237.47,0.15,309633.29,211279.19,98354.1,0.3176,2025-06
ORD02715,2025-06-23,Customer_0328,Energy Monitor,Energy Management,West,Rahul,16,7039.39,0.05,106998.73,72083.35,34915.37,0.3263,2025-06
ORD04443,2025-06-23,Customer_0125,Data Logger,Data Solutions,East,Meera,9,7239.6,0.1,58640.76,41048.53,17592.23,0.3,2025-06
ORD03972,2025-06-23,Customer_0252,Cloud Platform,Software,East,Ananya,14,33888.26,0.15,403270.29,142330.69,260939.6,0.6471,2025-06
ORD04117,2025-06-23,Customer_0244,Communication Module,IoT Devices,West,Meera,18,4072.98,0.1,65982.28,45454.46,20527.82,0.3111,2025-06
ORD04467,2025-06-23,Customer_0237,Cloud Platform,Software,East,Sneha,4,35311.17,0.05,134182.45,42373.4,91809.04,0.6842,2025-06
ORD00928,2025-06-23,Customer_0351,Smart Sensor,IoT Devices,South,Vikram,3,5648.79,0.0,16946.37,10337.29,6609.08,0.39,2025-06
ORD01802,2025-06-23,Customer_0252,Data Logger,Data Solutions,East,Rahul,7,7104.93,0.1,44761.06,31332.74,13428.32,0.3,2025-06
ORD04883,2025-06-23,Customer_0084,Data Logger,Data Solutions,West,Kavya,7,6544.76,0.25,34359.99,28862.39,5497.6,0.16,2025-06
ORD01656,2025-06-23,Customer_0197,Energy Monitor,Energy Management,South,Sneha,15,7549.14,0.05,107575.24,72471.74,35103.5,0.3263,2025-06
ORD04921,2025-06-23,Customer_0283,Cloud Platform,Software,South,Rohan,16,32021.87,0.05,486732.42,153704.98,333027.45,0.6842,2025-06
ORD02929,2025-06-23,Customer_0209,Energy Monitor,Energy Management,South,Rahul,13,6750.8,0.1,78984.36,56166.66,22817.7,0.2889,2025-06
ORD04481,2025-06-23,Customer_0441,Analytics License,Software,North,Sneha,13,20775.28,0.0,270078.64,94527.52,175551.12,0.65,2025-06
ORD04793,2025-06-23,Customer_0185,Analytics License,Software,East,Kavya,11,21829.66,0.1,216113.63,84044.19,132069.44,0.6111,2025-06
ORD00815,2025-06-23,Customer_0446,Energy Monitor,Energy Management,West,Aarav,10,7450.61,0.0,74506.1,47683.9,26822.2,0.36,2025-06
ORD04678,2025-06-23,Customer_0107,Network Controller,Networking,South,Meera,16,17230.34,0.05,261901.17,159897.56,102003.61,0.3895,2025-06
ORD00985,2025-06-24,Customer_0009,Smart Meter,Energy Management,North,Aarav,14,8790.24,0.05,116910.19,83683.08,33227.11,0.2842,2025-06
ORD00216,2025-06-24,Customer_0120,Data Logger,Data Solutions,West,Ananya,5,6845.58,0.15,29093.72,21563.58,7530.14,0.2588,2025-06
ORD03939,2025-06-24,Customer_0269,IoT Gateway,IoT Devices,West,Rahul,1,16048.13,0.0,16048.13,9628.88,6419.25,0.4,2025-06
ORD03426,2025-06-24,Customer_0303,Energy Monitor,Energy Management,East,Vikram,7,7576.78,0.1,47733.71,33943.97,13789.74,0.2889,2025-06
ORD00428,2025-06-24,Customer_0057,Smart Meter,Energy Management,North,Priya,20,8223.48,0.15,139799.16,111839.33,27959.83,0.2,2025-06
ORD00361,2025-06-24,Customer_0478,Smart Meter,Energy Management,North,Sneha,20,8817.2,0.0,176344.0,119913.92,56430.08,0.32,2025-06
ORD02221,2025-06-24,Customer_0224,Analytics License,Software,East,Meera,7,21446.35,0.05,142618.23,52543.56,90074.67,0.6316,2025-06
ORD04701,2025-06-24,Customer_0020,Data Logger,Data Solutions,North,Sneha,4,6590.96,0.05,25045.65,16609.22,8436.43,0.3368,2025-06
ORD02758,2025-06-24,Customer_0270,Data Logger,Data Solutions,Central,Rohan,1,6365.32,0.1,5728.79,4010.15,1718.64,0.3,2025-06
ORD02769,2025-06-24,Customer_0194,Smart Sensor,IoT Devices,South,Aarav,10,5644.25,0.0,56442.5,34429.92,22012.58,0.39,2025-06
ORD01475,2025-06-24,Customer_0461,Smart Sensor,IoT Devices,East,Kavya,3,5270.35,0.15,13439.39,9644.74,3794.65,0.2824,2025-06
ORD02917,2025-06-24,Customer_0237,Advanced Meter,Energy Management,Central,Aarav,19,13517.28,0.1,231145.49,166938.41,64207.08,0.2778,2025-06
ORD03525,2025-06-24,Customer_0269,Communication Module,IoT Devices,South,Arjun,1,4382.74,0.1,3944.47,2717.3,1227.17,0.3111,2025-06
ORD00506,2025-06-24,Customer_0499,Energy Monitor,Energy Management,Central,Kavya,10,6727.24,0.1,60545.16,43054.34,17490.82,0.2889,2025-06
ORD01051,2025-06-25,Customer_0035,Advanced Meter,Energy Management,North,Rohan,1,13160.63,0.15,11186.54,8554.41,2632.13,0.2353,2025-06
ORD01001,2025-06-25,Customer_0463,Smart Sensor,IoT Devices,South,Sneha,12,5802.42,0.15,59184.68,42473.71,16710.97,0.2824,2025-06
ORD00035,2025-06-25,Customer_0022,Smart Meter,Energy Management,Central,Rahul,12,8514.98,0.15,86852.8,69482.24,17370.56,0.2,2025-06
ORD03481,2025-06-25,Customer_0152,Smart Sensor,IoT Devices,Central,Sneha,18,5905.45,0.2,85038.48,64841.84,20196.64,0.2375,2025-06
ORD03406,2025-06-25,Customer_0276,Data Logger,Data Solutions,Central,Arjun,10,7457.92,0.2,59663.36,46984.9,12678.46,0.2125,2025-06
ORD02390,2025-06-25,Customer_0157,Energy Monitor,Energy Management,Central,Ananya,5,7389.92,0.1,33254.64,23647.74,9606.9,0.2889,2025-06
ORD03881,2025-06-25,Customer_0345,Cloud Platform,Software,North,Meera,2,31583.74,0.15,53692.36,18950.24,34742.11,0.6471,2025-06
ORD04970,2025-06-25,Customer_0145,Energy Monitor,Energy Management,East,Sneha,8,7479.25,0.15,50858.9,38293.76,12565.14,0.2471,2025-06
ORD04839,2025-06-25,Customer_0495,Data Logger,Data Solutions,West,Arjun,3,7190.28,0.1,19413.76,13589.63,5824.13,0.3,2025-06
ORD02080,2025-06-25,Customer_0002,Analytics License,Software,North,Priya,13,22389.34,0.1,261955.28,101871.5,160083.78,0.6111,2025-06
ORD02706,2025-06-25,Customer_0483,Smart Sensor,IoT Devices,East,Rohan,12,5531.06,0.1,59735.45,40487.36,19248.09,0.3222,2025-06
ORD03909,2025-06-25,Customer_0286,Smart Meter,Energy Management,North,Sneha,5,9209.86,0.1,41444.37,31313.52,10130.85,0.2444,2025-06
ORD01746,2025-06-25,Customer_0273,Smart Meter,Energy Management,Central,Priya,18,8380.01,0.1,135756.16,102571.32,33184.84,0.2444,2025-06
ORD02235,2025-06-25,Customer_0414,Energy Monitor,Energy Management,North,Rahul,9,7811.82,0.2,56245.1,44996.08,11249.02,0.2,2025-06
ORD01661,2025-06-25,Customer_0023,Cloud Platform,Software,North,Ananya,10,33217.03,0.15,282344.76,99651.09,182693.66,0.6471,2025-06
ORD00226,2025-06-25,Customer_0489,Network Controller,Networking,East,Sneha,13,19544.83,0.1,228674.51,147368.02,81306.49,0.3556,2025-06
ORD01555,2025-06-25,Customer_0256,Analytics License,Software,North,Rahul,3,21229.12,0.05,60502.99,22290.58,38212.42,0.6316,2025-06
ORD01498,2025-06-25,Customer_0275,Communication Module,IoT Devices,North,Sneha,13,4105.14,0.1,48030.14,33087.43,14942.71,0.3111,2025-06
ORD04328,2025-06-25,Customer_0256,Analytics License,Software,East,Rahul,2,20490.98,0.05,38932.86,14343.69,24589.18,0.6316,2025-06
ORD01463,2025-06-25,Customer_0412,Cloud Platform,Software,North,Meera,19,36308.49,0.05,655368.24,206958.39,448409.85,0.6842,2025-06
ORD04947,2025-06-26,Customer_0411,IoT Gateway,IoT Devices,North,Vikram,3,15065.12,0.1,40675.82,27117.22,13558.61,0.3333,2025-06
ORD03603,2025-06-26,Customer_0186,Network Controller,Networking,West,Arjun,15,17832.59,0.1,240739.96,155143.53,85596.43,0.3556,2025-06
ORD02664,2025-06-26,Customer_0019,Communication Module,IoT Devices,West,Rahul,6,3810.47,0.25,17147.11,14174.95,2972.17,0.1733,2025-06
ORD02051,2025-06-26,Customer_0398,Analytics License,Software,East,Vikram,3,21535.11,0.25,48454.0,22611.87,25842.13,0.5333,2025-06
ORD00498,2025-06-26,Customer_0369,Smart Sensor,IoT Devices,Central,Vikram,10,5248.65,0.05,49862.18,32016.76,17845.41,0.3579,2025-06
ORD00355,2025-06-26,Customer_0369,Energy Monitor,Energy Management,East,Sneha,13,7253.29,0.2,75434.22,60347.37,15086.84,0.2,2025-06
ORD02305,2025-06-26,Customer_0255,Smart Meter,Energy Management,West,Sneha,2,8532.46,0.2,13651.94,11604.15,2047.79,0.15,2025-06
ORD03341,2025-06-26,Customer_0250,Analytics License,Software,Central,Ananya,11,23923.08,0.2,210523.1,92103.86,118419.25,0.5625,2025-06
ORD04313,2025-06-26,Customer_0451,Smart Sensor,IoT Devices,East,Rahul,15,5258.32,0.0,78874.8,48113.63,30761.17,0.39,2025-06
ORD03153,2025-06-26,Customer_0064,Smart Sensor,IoT Devices,West,Vikram,18,5199.53,0.05,88911.96,57090.84,31821.12,0.3579,2025-06
ORD00578,2025-06-26,Customer_0058,Smart Sensor,IoT Devices,North,Vikram,11,5323.75,0.1,52705.12,35722.36,16982.76,0.3222,2025-06
ORD02118,2025-06-26,Customer_0123,IoT Gateway,IoT Devices,South,Sneha,20,13600.68,0.1,244812.24,163208.16,81604.08,0.3333,2025-06
ORD02256,2025-06-26,Customer_0180,Network Controller,Networking,South,Sneha,11,17317.09,0.0,190487.99,110483.03,80004.96,0.42,2025-06
ORD00988,2025-06-26,Customer_0164,Smart Sensor,IoT Devices,Central,Meera,17,6026.81,0.1,92210.19,62498.02,29712.17,0.3222,2025-06
ORD02273,2025-06-26,Customer_0215,Data Logger,Data Solutions,Central,Arjun,9,7315.81,0.15,55965.95,41480.64,14485.3,0.2588,2025-06
ORD01583,2025-06-26,Customer_0008,Energy Monitor,Energy Management,North,Priya,20,7062.63,0.1,127127.34,90401.66,36725.68,0.2889,2025-06
ORD01029,2025-06-26,Customer_0226,Energy Monitor,Energy Management,South,Meera,20,6785.68,0.1,122142.24,86856.7,35285.54,0.2889,2025-06
ORD03665,2025-06-26,Customer_0038,Smart Sensor,IoT Devices,East,Vikram,18,6014.88,0.05,102854.45,66043.38,36811.07,0.3579,2025-06
ORD01012,2025-06-26,Customer_0366,Cloud Platform,Software,North,Aarav,17,35726.55,0.05,576983.78,182205.41,394778.38,0.6842,2025-06
ORD00165,2025-06-26,Customer_0498,Smart Meter,Energy Management,West,Priya,3,8444.43,0.05,24066.63,17226.64,6839.99,0.2842,2025-06
ORD02787,2025-06-27,Customer_0056,Network Controller,Networking,North,Rahul,11,17646.26,0.2,155287.09,112583.14,42703.95,0.275,2025-06
ORD04812,2025-06-27,Customer_0011,Cloud Platform,Software,West,Ananya,3,37421.28,0.1,101037.46,33679.15,67358.3,0.6667,2025-06
ORD02722,2025-06-27,Customer_0305,Data Logger,Data Solutions,North,Priya,18,7125.5,0.1,115433.1,80803.17,34629.93,0.3,2025-06
ORD00201,2025-06-27,Customer_0007,Energy Monitor,Energy Management,East,Sneha,20,6968.81,0.2,111500.96,89200.77,22300.19,0.2,2025-06
ORD03894,2025-06-27,Customer_0115,Smart Sensor,IoT Devices,South,Kavya,1,5693.09,0.1,5123.78,3472.78,1651.0,0.3222,2025-06
ORD00108,2025-06-27,Customer_0386,Smart Meter,Energy Management,Central,Ananya,10,8582.63,0.1,77243.67,58361.88,18881.79,0.2444,2025-06
ORD00171,2025-06-27,Customer_0160,Communication Module,IoT Devices,East,Kavya,18,4364.66,0.05,74635.69,48709.61,25926.08,0.3474,2025-06
ORD01743,2025-06-27,Customer_0261,Data Logger,Data Solutions,North,Kavya,15,6816.91,0.15,86915.6,64419.8,22495.8,0.2588,2025-06
ORD04220,2025-06-27,Customer_0008,Advanced Meter,Energy Management,East,Aarav,11,13277.96,0.15,124148.93,94937.41,29211.51,0.2353,2025-06
ORD01140,2025-06-27,Customer_0336,IoT Gateway,IoT Devices,East,Rohan,5,16400.6,0.1,73802.7,49201.8,24600.9,0.3333,2025-06
ORD00889,2025-06-27,Customer_0007,Network Controller,Networking,North,Meera,7,17583.59,0.2,98468.1,71389.38,27078.73,0.275,2025-06
ORD04194,2025-06-27,Customer_0044,Energy Monitor,Energy Management,Central,Aarav,7,7461.32,0.15,44394.85,33426.71,10968.14,0.2471,2025-06
ORD01790,2025-06-27,Customer_0030,Network Controller,Networking,Central,Rahul,16,17155.51,0.05,260763.75,159203.13,101560.62,0.3895,2025-06
ORD00847,2025-06-27,Customer_0214,Analytics License,Software,South,Rahul,5,21825.45,0.05,103670.89,38194.54,65476.35,0.6316,2025-06
ORD01298,2025-06-27,Customer_0370,Smart Sensor,IoT Devices,Central,Vikram,4,5985.06,0.1,21546.22,14603.55,6942.67,0.3222,2025-06
ORD03237,2025-06-28,Customer_0179,Energy Monitor,Energy Management,Central,Priya,17,6532.01,0.15,94387.54,71068.27,23319.28,0.2471,2025-06
ORD02148,2025-06-28,Customer_0420,Smart Sensor,IoT Devices,North,Sneha,13,5995.93,0.2,62357.67,47547.72,14809.95,0.2375,2025-06
ORD03037,2025-06-28,Customer_0072,Cloud Platform,Software,East,Rahul,5,33033.47,0.2,132133.88,49550.21,82583.68,0.625,2025-06
ORD03245,2025-06-28,Customer_0080,Data Logger,Data Solutions,North,Sneha,13,6460.18,0.05,79783.22,52908.87,26874.35,0.3368,2025-06
ORD03179,2025-06-28,Customer_0488,Data Logger,Data Solutions,South,Priya,5,6645.05,0.1,29902.72,20931.91,8970.82,0.3,2025-06
ORD00712,2025-06-28,Customer_0434,Smart Sensor,IoT Devices,West,Rohan,5,5792.44,0.15,24617.87,17666.94,6950.93,0.2824,2025-06
ORD00867,2025-06-28,Customer_0064,Smart Sensor,IoT Devices,Central,Sneha,7,6047.44,0.05,40215.48,25822.57,14392.91,0.3579,2025-06
ORD00453,2025-06-28,Customer_0499,Communication Module,IoT Devices,West,Vikram,15,3940.54,0.05,56152.69,36647.02,19505.67,0.3474,2025-06
ORD02313,2025-06-29,Customer_0428,Communication Module,IoT Devices,North,Rahul,9,4254.24,0.0,38288.16,23738.66,14549.5,0.38,2025-06
ORD04092,2025-06-29,Customer_0354,Analytics License,Software,North,Sneha,14,23848.62,0.15,283798.58,116858.24,166940.34,0.5882,2025-06
ORD02582,2025-06-29,Customer_0243,Smart Sensor,IoT Devices,North,Vikram,13,5231.55,0.05,64609.64,41486.19,23123.45,0.3579,2025-06
ORD03451,2025-06-29,Customer_0410,Smart Meter,Energy Management,Central,Vikram,15,8238.96,0.2,98867.52,84037.39,14830.13,0.15,2025-06
ORD00625,2025-06-29,Customer_0499,Analytics License,Software,East,Kavya,20,21172.41,0.0,423448.2,148206.87,275241.33,0.65,2025-06
ORD01984,2025-06-29,Customer_0145,Smart Meter,Energy Management,Central,Sneha,3,7742.5,0.15,19743.38,15794.7,3948.67,0.2,2025-06
ORD00101,2025-06-29,Customer_0454,Analytics License,Software,Central,Vikram,2,20875.15,0.1,37575.27,14612.6,22962.67,0.6111,2025-06
ORD02779,2025-06-29,Customer_0035,Communication Module,IoT Devices,South,Arjun,2,3848.57,0.05,7312.28,4772.23,2540.06,0.3474,2025-06
ORD02920,2025-06-29,Customer_0313,Energy Monitor,Energy Management,North,Meera,15,7664.79,0.05,109223.26,73581.98,35641.27,0.3263,2025-06
ORD01271,2025-06-29,Customer_0171,Communication Module,IoT Devices,East,Arjun,3,4378.09,0.1,11820.84,8143.25,3677.6,0.3111,2025-06
ORD00571,2025-06-29,Customer_0367,Data Logger,Data Solutions,North,Rahul,1,7280.06,0.2,5824.05,4586.44,1237.61,0.2125,2025-06
ORD04217,2025-06-29,Customer_0458,Cloud Platform,Software,East,Aarav,5,35407.13,0.15,150480.3,53110.69,97369.61,0.6471,2025-06
ORD02112,2025-06-29,Customer_0078,Analytics License,Software,South,Priya,15,21662.47,0.15,276196.49,113727.97,162468.53,0.5882,2025-06
ORD04450,2025-06-30,Customer_0472,Network Controller,Networking,Central,Sneha,17,19992.78,0.0,339877.26,197128.81,142748.45,0.42,2025-06
ORD04451,2025-06-30,Customer_0227,Energy Monitor,Energy Management,South,Rahul,5,7725.77,0.2,30903.08,24722.46,6180.62,0.2,2025-06
ORD02188,2025-06-30,Customer_0472,Energy Monitor,Energy Management,South,Aarav,12,7724.86,0.15,78793.57,59326.92,19466.65,0.2471,2025-06
ORD01011,2025-06-30,Customer_0272,Advanced Meter,Energy Management,South,Sneha,19,12264.53,0.25,174769.55,151466.95,23302.61,0.1333,2025-06
ORD04447,2025-06-30,Customer_0304,Smart Sensor,IoT Devices,East,Sneha,12,5144.18,0.2,49384.13,37655.4,11728.73,0.2375,2025-06
ORD00894,2025-06-30,Customer_0022,IoT Gateway,IoT Devices,South,Arjun,18,14562.19,0.15,222801.51,157271.65,65529.86,0.2941,2025-06
ORD03554,2025-06-30,Customer_0179,Cloud Platform,Software,North,Priya,4,36149.01,0.0,144596.04,43378.81,101217.23,0.7,2025-06
ORD02868,2025-06-30,Customer_0057,Cloud Platform,Software,Central,Aarav,18,32202.2,0.1,521675.64,173891.88,347783.76,0.6667,2025-06
ORD00768,2025-06-30,Customer_0273,Advanced Meter,Energy Management,West,Aarav,3,12129.12,0.2,29109.89,23651.78,5458.1,0.1875,2025-06
ORD04874,2025-06-30,Customer_0451,Smart Sensor,IoT Devices,West,Vikram,7,5789.85,0.2,32423.16,24722.66,7700.5,0.2375,2025-06
ORD02761,2025-06-30,Customer_0301,Data Logger,Data Solutions,North,Sneha,17,6670.25,0.1,102054.82,71438.38,30616.45,0.3,2025-06
ORD04168,2025-06-30,Customer_0245,Communication Module,IoT Devices,West,Vikram,13,4138.62,0.1,48421.85,33357.28,15064.58,0.3111,2025-06
ORD02996,2025-06-30,Customer_0287,Communication Module,IoT Devices,Central,Aarav,14,4132.06,0.1,52063.96,35866.28,16197.68,0.3111,2025-06
ORD03034,2025-06-30,Customer_0355,IoT Gateway,IoT Devices,North,Kavya,17,14160.74,0.15,204622.69,144439.55,60183.14,0.2941,2025-06
ORD03462,2025-06-30,Customer_0005,Smart Meter,Energy Management,Central,Rohan,5,9349.18,0.1,42071.31,31787.21,10284.1,0.2444,2025-06
ORD04349,2025-06-30,Customer_0168,Analytics License,Software,South,Priya,8,23510.87,0.0,188086.96,65830.44,122256.52,0.65,2025-06
ORD02645,2025-06-30,Customer_0040,Advanced Meter,Energy Management,South,Rohan,4,12777.1,0.05,48552.98,33220.46,15332.52,0.3158,2025-06
ORD03671,2025-06-30,Customer_0096,Analytics License,Software,East,Arjun,3,21198.07,0.1,57234.79,22257.97,34976.82,0.6111,2025-06
ORD00178,2025-06-30,Customer_0188,Network Controller,Networking,Central,Meera,10,17041.59,0.15,144853.51,98841.22,46012.29,0.3176,2025-06
ORD04154,2025-07-01,Customer_0314,Cloud Platform,Software,West,Vikram,6,31885.19,0.1,172180.03,57393.34,114786.68,0.6667,2025-07
ORD02227,2025-07-01,Customer_0121,Energy Monitor,Energy Management,North,Rahul,18,6670.49,0.0,120068.82,76844.04,43224.78,0.36,2025-07
ORD00128,2025-07-01,Customer_0161,Communication Module,IoT Devices,North,Kavya,7,3919.03,0.0,27433.21,17008.59,10424.62,0.38,2025-07
ORD00634,2025-07-01,Customer_0182,Smart Meter,Energy Management,West,Kavya,2,8951.91,0.0,17903.82,12174.6,5729.22,0.32,2025-07
ORD00956,2025-07-01,Customer_0348,Energy Monitor,Energy Management,East,Aarav,10,7240.42,0.05,68783.99,46338.69,22445.3,0.3263,2025-07
ORD02759,2025-07-01,Customer_0353,Analytics License,Software,West,Priya,4,23330.57,0.15,79323.94,32662.8,46661.14,0.5882,2025-07
ORD02243,2025-07-01,Customer_0286,Advanced Meter,Energy Management,North,Priya,7,11302.7,0.2,63295.12,51427.29,11867.84,0.1875,2025-07
ORD04460,2025-07-01,Customer_0386,Smart Sensor,IoT Devices,South,Vikram,13,5162.16,0.2,53686.46,40935.93,12750.54,0.2375,2025-07
ORD00471,2025-07-01,Customer_0403,IoT Gateway,IoT Devices,Central,Ananya,7,15396.85,0.05,102389.05,64666.77,37722.28,0.3684,2025-07
ORD04725,2025-07-01,Customer_0278,Energy Monitor,Energy Management,East,Aarav,9,6594.77,0.15,50449.99,37985.88,12464.12,0.2471,2025-07
ORD03559,2025-07-01,Customer_0205,Energy Monitor,Energy Management,West,Priya,3,6663.7,0.1,17991.99,12794.3,5197.69,0.2889,2025-07
ORD03675,2025-07-01,Customer_0463,Communication Module,IoT Devices,North,Arjun,20,4204.57,0.15,71477.69,52136.67,19341.02,0.2706,2025-07
ORD04885,2025-07-01,Customer_0292,Data Logger,Data Solutions,North,Vikram,7,6649.94,0.0,46549.58,29326.24,17223.34,0.37,2025-07
ORD04987,2025-07-01,Customer_0087,Communication Module,IoT Devices,Central,Sneha,16,4497.24,0.1,64760.26,44612.62,20147.64,0.3111,2025-07
ORD01060,2025-07-01,Customer_0080,Smart Sensor,IoT Devices,North,Rohan,20,5388.33,0.05,102378.27,65737.63,36640.64,0.3579,2025-07
ORD00516,2025-07-01,Customer_0062,Communication Module,IoT Devices,West,Sneha,14,4092.93,0.0,57301.02,35526.63,21774.39,0.38,2025-07
ORD01841,2025-07-02,Customer_0455,Cloud Platform,Software,South,Priya,13,33533.37,0.05,414137.12,130780.14,283356.98,0.6842,2025-07
ORD03701,2025-07-02,Customer_0215,Smart Sensor,IoT Devices,South,Meera,6,5209.1,0.05,29691.87,19065.31,10626.56,0.3579,2025-07
ORD04333,2025-07-02,Customer_0089,Smart Sensor,IoT Devices,Central,Vikram,14,5672.56,0.15,67503.46,48443.66,19059.8,0.2824,2025-07
ORD00923,2025-07-02,Customer_0269,Smart Sensor,IoT Devices,South,Rahul,9,5131.02,0.1,41561.26,28169.3,13391.96,0.3222,2025-07
ORD03657,2025-07-02,Customer_0432,Analytics License,Software,North,Rohan,10,22377.88,0.1,201400.92,78322.58,123078.34,0.6111,2025-07
ORD03010,2025-07-02,Customer_0322,Advanced Meter,Energy Management,West,Aarav,7,13076.09,0.15,77802.74,59496.21,18306.53,0.2353,2025-07
ORD03775,2025-07-02,Customer_0241,IoT Gateway,IoT Devices,North,Ananya,4,14510.61,0.05,55140.32,34825.46,20314.85,0.3684,2025-07
ORD00764,2025-07-02,Customer_0496,Data Logger,Data Solutions,West,Arjun,10,6847.0,0.05,65046.5,43136.1,21910.4,0.3368,2025-07
ORD01739,2025-07-02,Customer_0244,Energy Monitor,Energy Management,Central,Kavya,12,7478.59,0.2,71794.46,57435.57,14358.89,0.2,2025-07
ORD00385,2025-07-03,Customer_0070,Data Logger,Data Solutions,North,Rahul,20,6754.82,0.0,135096.4,85110.73,49985.67,0.37,2025-07
ORD04951,2025-07-03,Customer_0179,Smart Meter,Energy Management,North,Sneha,2,7950.83,0.1,14311.49,10813.13,3498.37,0.2444,2025-07
ORD01284,2025-07-03,Customer_0197,Advanced Meter,Energy Management,East,Arjun,2,12279.37,0.05,23330.8,15963.18,7367.62,0.3158,2025-07
ORD03073,2025-07-03,Customer_0075,Network Controller,Networking,Central,Meera,2,17544.06,0.1,31579.31,20351.11,11228.2,0.3556,2025-07
ORD00091,2025-07-03,Customer_0160,IoT Gateway,IoT Devices,South,Meera,3,16122.95,0.1,43531.96,29021.31,14510.66,0.3333,2025-07
ORD04143,2025-07-03,Customer_0131,Cloud Platform,Software,North,Aarav,15,33027.56,0.0,495413.4,148624.02,346789.38,0.7,2025-07
ORD00742,2025-07-03,Customer_0411,Communication Module,IoT Devices,North,Kavya,19,3795.35,0.2,57689.32,44709.22,12980.1,0.225,2025-07
ORD04420,2025-07-03,Customer_0205,Communication Module,IoT Devices,West,Ananya,19,4148.18,0.1,70933.88,48865.56,22068.32,0.3111,2025-07
ORD02058,2025-07-03,Customer_0084,IoT Gateway,IoT Devices,Central,Priya,3,14251.53,0.05,40616.86,25652.75,14964.11,0.3684,2025-07
ORD00119,2025-07-03,Customer_0047,IoT Gateway,IoT Devices,West,Priya,15,15891.89,0.0,238378.35,143027.01,95351.34,0.4,2025-07
ORD03620,2025-07-03,Customer_0295,Data Logger,Data Solutions,Central,Meera,9,7436.02,0.0,66924.18,42162.23,24761.95,0.37,2025-07
ORD00769,2025-07-03,Customer_0355,Smart Meter,Energy Management,West,Sneha,3,8387.28,0.2,20129.47,17110.05,3019.42,0.15,2025-07
ORD02201,2025-07-03,Customer_0322,IoT Gateway,IoT Devices,East,Aarav,2,15548.48,0.2,24877.57,18658.18,6219.39,0.25,2025-07
ORD03869,2025-07-03,Customer_0415,Smart Sensor,IoT Devices,East,Priya,9,5846.74,0.0,52620.66,32098.6,20522.06,0.39,2025-07
ORD04384,2025-07-03,Customer_0049,Smart Meter,Energy Management,Central,Rohan,20,8154.99,0.15,138634.83,110907.86,27726.97,0.2,2025-07
ORD04801,2025-07-03,Customer_0333,Data Logger,Data Solutions,East,Aarav,10,6373.3,0.15,54173.05,40151.79,14021.26,0.2588,2025-07
ORD03344,2025-07-03,Customer_0122,Energy Monitor,Energy Management,North,Sneha,17,6483.59,0.2,88176.82,70541.46,17635.36,0.2,2025-07
ORD01328,2025-07-04,Customer_0324,Data Logger,Data Solutions,Central,Sneha,10,6560.5,0.0,65605.0,41331.15,24273.85,0.37,2025-07
ORD01542,2025-07-04,Customer_0372,Smart Sensor,IoT Devices,West,Ananya,6,6009.83,0.2,28847.18,21995.98,6851.21,0.2375,2025-07
ORD03423,2025-07-04,Customer_0316,Data Logger,Data Solutions,East,Sneha,20,7255.62,0.2,116089.92,91420.81,24669.11,0.2125,2025-07
ORD03231,2025-07-04,Customer_0484,IoT Gateway,IoT Devices,South,Rahul,16,14445.6,0.15,196460.16,138677.76,57782.4,0.2941,2025-07
ORD04276,2025-07-04,Customer_0046,Communication Module,IoT Devices,West,Kavya,20,4463.68,0.05,84809.92,55349.63,29460.29,0.3474,2025-07
ORD00906,2025-07-04,Customer_0430,Communication Module,IoT Devices,West,Vikram,9,4067.47,0.25,27455.42,22696.48,4758.94,0.1733,2025-07
ORD01468,2025-07-04,Customer_0342,Network Controller,Networking,Central,Sneha,11,20348.14,0.05,212638.06,129821.13,82816.93,0.3895,2025-07
ORD03899,2025-07-04,Customer_0084,Smart Sensor,IoT Devices,Central,Rahul,3,5257.42,0.2,12617.81,9621.08,2996.73,0.2375,2025-07
ORD01889,2025-07-04,Customer_0038,IoT Gateway,IoT Devices,East,Meera,10,14196.55,0.2,113572.4,85179.3,28393.1,0.25,2025-07
ORD03386,2025-07-04,Customer_0296,Smart Meter,Energy Management,South,Aarav,1,8253.91,0.1,7428.52,5612.66,1815.86,0.2444,2025-07
ORD01462,2025-07-04,Customer_0369,Cloud Platform,Software,West,Ananya,7,31556.76,0.0,220897.32,66269.2,154628.12,0.7,2025-07
ORD04227,2025-07-04,Customer_0378,Smart Meter,Energy Management,Central,Vikram,14,9149.89,0.25,96073.84,87106.95,8966.89,0.0933,2025-07
ORD03693,2025-07-04,Customer_0045,Network Controller,Networking,North,Arjun,3,17640.85,0.0,52922.55,30695.08,22227.47,0.42,2025-07
ORD01042,2025-07-05,Customer_0387,Smart Meter,Energy Management,West,Meera,7,8155.57,0.15,48525.64,38820.51,9705.13,0.2,2025-07
ORD01491,2025-07-05,Customer_0213,Communication Module,IoT Devices,Central,Priya,16,4239.99,0.0,67839.84,42060.7,25779.14,0.38,2025-07
ORD04056,2025-07-05,Customer_0064,Cloud Platform,Software,East,Meera,14,38149.26,0.2,427271.71,160226.89,267044.82,0.625,2025-07
ORD01650,2025-07-05,Customer_0220,Data Logger,Data Solutions,West,Sneha,9,7289.23,0.15,55762.61,41329.93,14432.68,0.2588,2025-07
ORD00176,2025-07-05,Customer_0347,Communication Module,IoT Devices,Central,Aarav,3,4072.16,0.15,10384.01,7574.22,2809.79,0.2706,2025-07
ORD02872,2025-07-05,Customer_0456,Advanced Meter,Energy Management,East,Arjun,20,13264.34,0.15,225493.78,172436.42,53057.36,0.2353,2025-07
ORD00986,2025-07-05,Customer_0121,Data Logger,Data Solutions,Central,Aarav,5,6159.85,0.15,26179.36,19403.53,6775.83,0.2588,2025-07
ORD01347,2025-07-05,Customer_0281,Communication Module,IoT Devices,Central,Sneha,12,4199.62,0.0,50395.44,31245.17,19150.27,0.38,2025-07
ORD04882,2025-07-05,Customer_0401,Smart Meter,Energy Management,East,Priya,16,8052.39,0.0,128838.24,87610.0,41228.24,0.32,2025-07
ORD00946,2025-07-05,Customer_0181,Network Controller,Networking,Central,Priya,14,18608.29,0.1,234464.45,151099.31,83365.14,0.3556,2025-07
ORD02400,2025-07-05,Customer_0457,Smart Meter,Energy Management,North,Meera,1,7980.08,0.1,7182.07,5426.45,1755.62,0.2444,2025-07
ORD03204,2025-07-05,Customer_0124,Data Logger,Data Solutions,West,Meera,18,6247.29,0.05,106828.66,70844.27,35984.39,0.3368,2025-07
ORD00724,2025-07-06,Customer_0224,Data Logger,Data Solutions,East,Sneha,17,6746.82,0.2,91756.75,72258.44,19498.31,0.2125,2025-07
ORD04732,2025-07-06,Customer_0337,Communication Module,IoT Devices,Central,Kavya,14,4018.83,0.0,56263.62,34883.44,21380.18,0.38,2025-07
ORD04743,2025-07-06,Customer_0250,Advanced Meter,Energy Management,Central,Ananya,3,13291.01,0.05,37879.38,25917.47,11961.91,0.3158,2025-07
ORD04895,2025-07-06,Customer_0003,Smart Sensor,IoT Devices,North,Aarav,5,5099.02,0.1,22945.59,15552.01,7393.58,0.3222,2025-07
ORD02951,2025-07-06,Customer_0365,Advanced Meter,Energy Management,South,Rohan,5,12903.35,0.15,54839.24,41935.89,12903.35,0.2353,2025-07
ORD02560,2025-07-06,Customer_0307,Cloud Platform,Software,East,Sneha,15,35298.61,0.1,476531.24,158843.74,317687.49,0.6667,2025-07
ORD00063,2025-07-06,Customer_0233,Analytics License,Software,East,Vikram,19,21512.49,0.0,408737.31,143058.06,265679.25,0.65,2025-07
ORD04081,2025-07-06,Customer_0303,Smart Sensor,IoT Devices,West,Rahul,18,5915.95,0.1,95838.39,64957.13,30881.26,0.3222,2025-07
ORD01166,2025-07-06,Customer_0467,Communication Module,IoT Devices,Central,Aarav,18,3825.54,0.15,58530.76,42693.03,15837.74,0.2706,2025-07
ORD02125,2025-07-06,Customer_0357,Smart Sensor,IoT Devices,Central,Rohan,12,5438.17,0.05,61995.14,39807.4,22187.73,0.3579,2025-07
ORD02129,2025-07-06,Customer_0293,Smart Sensor,IoT Devices,West,Arjun,6,5840.1,0.05,33288.57,21374.77,11913.8,0.3579,2025-07
ORD00749,2025-07-06,Customer_0335,Network Controller,Networking,South,Sneha,7,17387.11,0.05,115624.28,70591.67,45032.61,0.3895,2025-07
ORD00149,2025-07-06,Customer_0055,Smart Meter,Energy Management,Central,Ananya,7,8687.69,0.2,48651.06,41353.4,7297.66,0.15,2025-07
ORD00532,2025-07-06,Customer_0304,IoT Gateway,IoT Devices,Central,Rahul,19,14718.04,0.0,279642.76,167785.66,111857.1,0.4,2025-07
ORD00491,2025-07-06,Customer_0188,Energy Monitor,Energy Management,South,Ananya,2,7387.56,0.05,14036.36,9456.08,4580.29,0.3263,2025-07
ORD03633,2025-07-06,Customer_0449,Smart Meter,Energy Management,West,Priya,7,8722.68,0.1,54952.88,41519.96,13432.93,0.2444,2025-07
ORD02526,2025-07-06,Customer_0196,Smart Sensor,IoT Devices,North,Arjun,10,5755.71,0.1,51801.39,35109.83,16691.56,0.3222,2025-07
ORD00913,2025-07-06,Customer_0030,Data Logger,Data Solutions,South,Vikram,18,6589.56,0.05,112681.48,74725.61,37955.87,0.3368,2025-07
ORD00684,2025-07-07,Customer_0377,Network Controller,Networking,East,Kavya,14,18568.68,0.05,246963.44,150777.68,96185.76,0.3895,2025-07
ORD00592,2025-07-07,Customer_0332,Energy Monitor,Energy Management,South,Ananya,19,7428.55,0.1,127028.21,90331.17,36697.04,0.2889,2025-07
ORD00420,2025-07-07,Customer_0272,IoT Gateway,IoT Devices,North,Ananya,6,15786.93,0.1,85249.42,56832.95,28416.47,0.3333,2025-07
ORD03721,2025-07-07,Customer_0307,IoT Gateway,IoT Devices,North,Sneha,15,15573.41,0.15,198560.98,140160.69,58400.29,0.2941,2025-07
ORD00962,2025-07-07,Customer_0141,Data Logger,Data Solutions,Central,Sneha,20,6529.6,0.05,124062.4,82272.96,41789.44,0.3368,2025-07
ORD00247,2025-07-07,Customer_0042,Energy Monitor,Energy Management,Central,Sneha,14,6629.92,0.15,78896.05,59404.08,19491.96,0.2471,2025-07
ORD02411,2025-07-07,Customer_0483,Network Controller,Networking,North,Sneha,8,17996.57,0.2,115178.05,83504.08,31673.96,0.275,2025-07
ORD01426,2025-07-07,Customer_0107,Smart Meter,Energy Management,North,Arjun,3,9044.78,0.2,21707.47,18451.35,3256.12,0.15,2025-07
ORD02430,2025-07-07,Customer_0115,Network Controller,Networking,North,Priya,18,18188.27,0.1,294649.97,189885.54,104764.44,0.3556,2025-07
ORD00651,2025-07-07,Customer_0212,Communication Module,IoT Devices,Central,Sneha,3,4339.96,0.0,13019.88,8072.33,4947.55,0.38,2025-07
ORD03993,2025-07-07,Customer_0283,Energy Monitor,Energy Management,West,Rohan,7,6703.77,0.15,39887.43,30032.89,9854.54,0.2471,2025-07
ORD03371,2025-07-07,Customer_0284,Communication Module,IoT Devices,West,Aarav,18,3962.7,0.15,60629.31,44223.73,16405.58,0.2706,2025-07
ORD03661,2025-07-07,Customer_0005,Analytics License,Software,South,Aarav,17,20701.81,0.25,263948.08,123175.77,140772.31,0.5333,2025-07
ORD03913,2025-07-07,Customer_0464,Advanced Meter,Energy Management,West,Sneha,5,13479.27,0.1,60656.72,43807.63,16849.09,0.2778,2025-07
ORD00273,2025-07-07,Customer_0183,Communication Module,IoT Devices,Central,Meera,11,4161.68,0.2,36622.78,28382.66,8240.13,0.225,2025-07
ORD03477,2025-07-07,Customer_0368,Analytics License,Software,Central,Vikram,11,21736.51,0.05,227146.53,83685.56,143460.97,0.6316,2025-07
ORD00398,2025-07-07,Customer_0111,Analytics License,Software,West,Priya,2,20120.77,0.1,36217.39,14084.54,22132.85,0.6111,2025-07
ORD01618,2025-07-07,Customer_0201,Data Logger,Data Solutions,Central,Priya,12,7334.8,0.2,70414.08,55451.09,14962.99,0.2125,2025-07
ORD04314,2025-07-07,Customer_0131,Smart Sensor,IoT Devices,North,Meera,3,5290.08,0.05,15076.73,9680.85,5395.88,0.3579,2025-07
ORD00452,2025-07-07,Customer_0391,Network Controller,Networking,Central,Sneha,6,16852.15,0.25,75834.68,58645.48,17189.19,0.2267,2025-07
ORD03161,2025-07-08,Customer_0137,Data Logger,Data Solutions,South,Ananya,3,6165.87,0.1,16647.85,11653.49,4994.35,0.3,2025-07
ORD00720,2025-07-08,Customer_0054,Analytics License,Software,East,Ananya,14,21759.8,0.0,304637.2,106623.02,198014.18,0.65,2025-07
ORD01756,2025-07-08,Customer_0404,Analytics License,Software,South,Priya,8,20778.08,0.0,166224.64,58178.62,108046.02,0.65,2025-07
ORD03173,2025-07-08,Customer_0134,Advanced Meter,Energy Management,East,Aarav,12,12619.79,0.2,121149.98,98434.36,22715.62,0.1875,2025-07
ORD02701,2025-07-08,Customer_0086,Analytics License,Software,North,Meera,18,20865.56,0.15,319243.07,131453.03,187790.04,0.5882,2025-07
ORD01390,2025-07-08,Customer_0463,Energy Monitor,Energy Management,West,Vikram,8,7040.54,0.05,53508.1,36047.56,17460.54,0.3263,2025-07
ORD04025,2025-07-08,Customer_0039,Data Logger,Data Solutions,North,Rahul,18,6289.1,0.05,107543.61,71318.39,36225.22,0.3368,2025-07
ORD02351,2025-07-08,Customer_0304,Advanced Meter,Energy Management,East,Ananya,12,11549.71,0.2,110877.22,90087.74,20789.48,0.1875,2025-07
ORD00873,2025-07-08,Customer_0026,Smart Sensor,IoT Devices,Central,Aarav,13,5719.49,0.05,70635.7,45355.56,25280.15,0.3579,2025-07
ORD04266,2025-07-08,Customer_0037,Communication Module,IoT Devices,Central,Meera,15,4091.24,0.25,46026.45,38048.53,7977.92,0.1733,2025-07
ORD03578,2025-07-08,Customer_0493,Smart Sensor,IoT Devices,East,Arjun,17,5851.86,0.0,99481.62,60683.79,38797.83,0.39,2025-07
ORD01557,2025-07-08,Customer_0370,Network Controller,Networking,Central,Rahul,8,19191.67,0.15,130503.36,89049.35,41454.01,0.3176,2025-07
ORD04867,2025-07-08,Customer_0338,IoT Gateway,IoT Devices,South,Meera,4,13709.2,0.05,52094.96,32902.08,19192.88,0.3684,2025-07
ORD04114,2025-07-08,Customer_0490,Network Controller,Networking,Central,Aarav,7,20105.4,0.0,140737.8,81627.92,59109.88,0.42,2025-07
ORD00331,2025-07-08,Customer_0211,Communication Module,IoT Devices,West,Vikram,9,4468.01,0.1,36190.88,24931.5,11259.39,0.3111,2025-07
ORD00702,2025-07-09,Customer_0126,Communication Module,IoT Devices,East,Priya,1,3944.89,0.0,3944.89,2445.83,1499.06,0.38,2025-07
ORD01751,2025-07-09,Customer_0495,Data Logger,Data Solutions,North,Arjun,14,7279.01,0.1,91715.53,64200.87,27514.66,0.3,2025-07
ORD02725,2025-07-09,Customer_0463,Smart Meter,Energy Management,North,Rahul,16,8341.6,0.1,120119.04,90756.61,29362.43,0.2444,2025-07
ORD01876,2025-07-09,Customer_0430,Cloud Platform,Software,East,Aarav,10,36586.26,0.1,329276.34,109758.78,219517.56,0.6667,2025-07
ORD04042,2025-07-09,Customer_0463,IoT Gateway,IoT Devices,Central,Aarav,16,14347.96,0.05,218088.99,137740.42,80348.58,0.3684,2025-07
ORD03334,2025-07-09,Customer_0345,IoT Gateway,IoT Devices,Central,Arjun,16,14070.28,0.1,202612.03,135074.69,67537.34,0.3333,2025-07
ORD03071,2025-07-09,Customer_0203,Communication Module,IoT Devices,South,Priya,2,4599.1,0.2,7358.56,5702.88,1655.68,0.225,2025-07
ORD01733,2025-07-09,Customer_0258,Communication Module,IoT Devices,South,Meera,6,4253.09,0.05,24242.61,15821.49,8421.12,0.3474,2025-07
ORD02824,2025-07-09,Customer_0384,Cloud Platform,Software,North,Aarav,6,33732.48,0.1,182155.39,60718.46,121436.93,0.6667,2025-07
ORD01903,2025-07-09,Customer_0316,Advanced Meter,Energy Management,North,Ananya,3,12198.03,0.1,32934.68,23786.16,9148.52,0.2778,2025-07
ORD03718,2025-07-09,Customer_0063,Cloud Platform,Software,West,Rahul,10,35716.79,0.1,321451.11,107150.37,214300.74,0.6667,2025-07
ORD03896,2025-07-09,Customer_0202,Smart Sensor,IoT Devices,West,Rahul,13,5313.62,0.15,58715.5,42137.01,16578.49,0.2824,2025-07
ORD01808,2025-07-09,Customer_0118,Analytics License,Software,South,Rohan,3,20756.83,0.2,49816.39,21794.67,28021.72,0.5625,2025-07
ORD04214,2025-07-09,Customer_0010,Smart Sensor,IoT Devices,East,Vikram,3,5745.34,0.1,15512.42,10513.97,4998.45,0.3222,2025-07
ORD02651,2025-07-09,Customer_0223,Smart Meter,Energy Management,West,Vikram,12,7705.96,0.2,73977.22,62880.63,11096.58,0.15,2025-07
ORD01573,2025-07-09,Customer_0105,Network Controller,Networking,East,Rahul,20,17473.63,0.05,331998.97,202694.11,129304.86,0.3895,2025-07
ORD00291,2025-07-10,Customer_0108,Communication Module,IoT Devices,North,Arjun,19,3907.32,0.0,74239.08,46028.23,28210.85,0.38,2025-07
ORD01270,2025-07-10,Customer_0132,Smart Sensor,IoT Devices,East,Ananya,15,5227.48,0.1,70570.98,47831.44,22739.54,0.3222,2025-07
ORD04891,2025-07-10,Customer_0495,Analytics License,Software,Central,Priya,19,22019.74,0.1,376537.55,146431.27,230106.28,0.6111,2025-07
ORD04295,2025-07-10,Customer_0012,Data Logger,Data Solutions,East,Aarav,16,6735.4,0.15,91601.44,67892.83,23708.61,0.2588,2025-07
ORD04700,2025-07-10,Customer_0191,Data Logger,Data Solutions,Central,Rahul,14,6532.39,0.15,77735.44,57615.68,20119.76,0.2588,2025-07
ORD04967,2025-07-10,Customer_0340,Energy Monitor,Energy Management,South,Priya,6,7384.13,0.05,42089.54,28355.06,13734.48,0.3263,2025-07
ORD00595,2025-07-10,Customer_0209,Network Controller,Networking,East,Ananya,10,17979.07,0.2,143832.56,104278.61,39553.95,0.275,2025-07
ORD04769,2025-07-10,Customer_0081,Cloud Platform,Software,North,Priya,10,37001.81,0.1,333016.29,111005.43,222010.86,0.6667,2025-07
ORD02506,2025-07-10,Customer_0257,Energy Monitor,Energy Management,Central,Meera,4,7276.43,0.1,26195.15,18627.66,7567.49,0.2889,2025-07
ORD03146,2025-07-10,Customer_0276,Smart Sensor,IoT Devices,Central,Sneha,19,5288.12,0.15,85403.14,61289.31,24113.83,0.2824,2025-07
ORD01009,2025-07-10,Customer_0489,IoT Gateway,IoT Devices,South,Sneha,10,14847.25,0.15,126201.62,89083.5,37118.12,0.2941,2025-07
ORD03538,2025-07-10,Customer_0333,Communication Module,IoT Devices,Central,Meera,11,4168.79,0.05,43563.86,28431.15,15132.71,0.3474,2025-07
ORD02339,2025-07-11,Customer_0115,Cloud Platform,Software,Central,Arjun,2,34568.67,0.0,69137.34,20741.2,48396.14,0.7,2025-07
ORD03856,2025-07-11,Customer_0019,Smart Meter,Energy Management,Central,Ananya,12,8816.9,0.1,95222.52,71945.9,23276.62,0.2444,2025-07
ORD00925,2025-07-11,Customer_0329,Cloud Platform,Software,West,Arjun,17,36504.29,0.1,558515.64,186171.88,372343.76,0.6667,2025-07
ORD00929,2025-07-11,Customer_0166,Smart Sensor,IoT Devices,East,Ananya,19,5322.36,0.0,101124.84,61686.15,39438.69,0.39,2025-07
ORD01851,2025-07-11,Customer_0131,Energy Monitor,Energy Management,West,Sneha,9,6965.23,0.05,59552.72,40119.72,19432.99,0.3263,2025-07
ORD03954,2025-07-11,Customer_0477,Smart Sensor,IoT Devices,West,Meera,7,5998.81,0.05,39892.09,25614.92,14277.17,0.3579,2025-07
ORD00554,2025-07-11,Customer_0408,Data Logger,Data Solutions,East,Rohan,6,7181.56,0.05,40934.89,27146.3,13788.6,0.3368,2025-07
ORD00320,2025-07-11,Customer_0391,Communication Module,IoT Devices,Central,Sneha,19,4440.47,0.05,80150.48,52308.74,27841.75,0.3474,2025-07
ORD03527,2025-07-11,Customer_0245,Communication Module,IoT Devices,South,Arjun,19,3955.7,0.05,71400.38,46598.15,24802.24,0.3474,2025-07
ORD04790,2025-07-11,Customer_0219,Data Logger,Data Solutions,South,Priya,3,6148.07,0.05,17522.0,11619.85,5902.15,0.3368,2025-07
ORD02114,2025-07-12,Customer_0483,Cloud Platform,Software,West,Meera,9,32237.19,0.15,246614.5,87040.41,159574.09,0.6471,2025-07
ORD01338,2025-07-12,Customer_0495,Data Logger,Data Solutions,South,Arjun,9,6618.86,0.1,53612.77,37528.94,16083.83,0.3,2025-07
ORD00372,2025-07-12,Customer_0444,Smart Meter,Energy Management,South,Rahul,15,7912.58,0.0,118688.7,80708.32,37980.38,0.32,2025-07
ORD01716,2025-07-12,Customer_0147,IoT Gateway,IoT Devices,West,Aarav,15,14907.5,0.2,178890.0,134167.5,44722.5,0.25,2025-07
ORD00184,2025-07-12,Customer_0285,Smart Meter,Energy Management,West,Sneha,18,9131.61,0.25,123276.74,111770.91,11505.83,0.0933,2025-07
ORD01073,2025-07-12,Customer_0382,Network Controller,Networking,South,Kavya,9,16927.95,0.1,137116.4,88363.9,48752.5,0.3556,2025-07
ORD00690,2025-07-12,Customer_0440,Network Controller,Networking,East,Priya,19,19386.83,0.15,313097.3,213642.87,99454.44,0.3176,2025-07
ORD03493,2025-07-12,Customer_0391,Network Controller,Networking,North,Arjun,9,19995.32,0.05,170959.99,104375.57,66584.42,0.3895,2025-07
ORD01795,2025-07-12,Customer_0184,Advanced Meter,Energy Management,North,Aarav,18,13141.19,0.0,236541.42,153751.92,82789.5,0.35,2025-07
ORD00824,2025-07-12,Customer_0213,Data Logger,Data Solutions,North,Vikram,17,6503.28,0.05,105027.97,69650.13,35377.84,0.3368,2025-07
ORD03844,2025-07-13,Customer_0301,Network Controller,Networking,South,Meera,9,19120.48,0.15,146271.67,99808.91,46462.77,0.3176,2025-07
ORD00459,2025-07-13,Customer_0198,Energy Monitor,Energy Management,North,Rohan,8,6739.48,0.0,53915.84,34506.14,19409.7,0.36,2025-07
ORD00630,2025-07-13,Customer_0423,Advanced Meter,Energy Management,Central,Ananya,17,12501.78,0.15,180650.72,138144.67,42506.05,0.2353,2025-07
ORD02463,2025-07-13,Customer_0482,Smart Meter,Energy Management,East,Meera,7,8078.9,0.1,50897.07,38455.56,12441.51,0.2444,2025-07
ORD01793,2025-07-13,Customer_0110,Advanced Meter,Energy Management,West,Rahul,6,12153.63,0.1,65629.6,47399.16,18230.44,0.2778,2025-07
ORD01071,2025-07-13,Customer_0169,Advanced Meter,Energy Management,Central,Arjun,16,11630.73,0.05,176787.1,120959.59,55827.5,0.3158,2025-07
ORD03291,2025-07-13,Customer_0354,Network Controller,Networking,South,Arjun,2,18818.76,0.2,30110.02,21829.76,8280.25,0.275,2025-07
ORD04462,2025-07-13,Customer_0002,Smart Meter,Energy Management,Central,Priya,17,7992.89,0.1,122291.22,92397.81,29893.41,0.2444,2025-07
ORD01246,2025-07-13,Customer_0343,Network Controller,Networking,North,Priya,2,18971.37,0.05,36045.6,22006.79,14038.81,0.3895,2025-07
ORD01874,2025-07-13,Customer_0352,Cloud Platform,Software,East,Rahul,7,35864.55,0.1,225946.67,75315.56,150631.11,0.6667,2025-07
ORD02894,2025-07-13,Customer_0112,Data Logger,Data Solutions,Central,Ananya,14,7076.71,0.1,89166.55,62416.58,26749.96,0.3,2025-07
ORD02729,2025-07-13,Customer_0465,Data Logger,Data Solutions,North,Meera,8,7059.38,0.25,42356.28,35579.28,6777.0,0.16,2025-07
ORD01407,2025-07-13,Customer_0026,Advanced Meter,Energy Management,Central,Sneha,16,12390.32,0.0,198245.12,128859.33,69385.79,0.35,2025-07
ORD03047,2025-07-13,Customer_0287,Data Logger,Data Solutions,West,Ananya,7,7063.02,0.05,46969.08,31147.92,15821.16,0.3368,2025-07
ORD02038,2025-07-13,Customer_0032,Advanced Meter,Energy Management,Central,Meera,20,11752.18,0.15,199787.06,152778.34,47008.72,0.2353,2025-07
ORD02053,2025-07-14,Customer_0244,Communication Module,IoT Devices,North,Rohan,5,4079.37,0.1,18357.16,12646.05,5711.12,0.3111,2025-07
ORD00214,2025-07-14,Customer_0332,Smart Sensor,IoT Devices,North,Aarav,14,5313.98,0.1,66956.15,45381.39,21574.76,0.3222,2025-07
ORD03612,2025-07-14,Customer_0051,Smart Sensor,IoT Devices,North,Priya,19,5064.63,0.0,96227.97,58699.06,37528.91,0.39,2025-07
ORD01994,2025-07-14,Customer_0052,Data Logger,Data Solutions,North,Kavya,4,6362.91,0.25,19088.73,16034.53,3054.2,0.16,2025-07
ORD00818,2025-07-14,Customer_0124,IoT Gateway,IoT Devices,North,Rohan,17,13749.67,0.2,186995.51,140246.63,46748.88,0.25,2025-07
ORD00449,2025-07-14,Customer_0189,Communication Module,IoT Devices,West,Priya,15,4461.14,0.2,53533.68,41488.6,12045.08,0.225,2025-07
ORD03337,2025-07-14,Customer_0317,Smart Meter,Energy Management,Central,Priya,13,7766.02,0.2,80766.61,68651.62,12114.99,0.15,2025-07
ORD02306,2025-07-14,Customer_0273,Smart Sensor,IoT Devices,West,Rohan,2,5322.44,0.05,10112.64,6493.38,3619.26,0.3579,2025-07
ORD03734,2025-07-14,Customer_0264,Energy Monitor,Energy Management,North,Aarav,4,7788.89,0.2,24924.45,19939.56,4984.89,0.2,2025-07
ORD01702,2025-07-14,Customer_0093,Cloud Platform,Software,South,Arjun,8,35592.35,0.1,256264.92,85421.64,170843.28,0.6667,2025-07
ORD01150,2025-07-14,Customer_0467,Energy Monitor,Energy Management,Central,Kavya,20,6841.42,0.15,116304.14,87570.18,28733.96,0.2471,2025-07
ORD04169,2025-07-15,Customer_0052,Network Controller,Networking,West,Ananya,20,17792.71,0.15,302476.07,206395.44,96080.63,0.3176,2025-07
ORD01017,2025-07-15,Customer_0423,Cloud Platform,Software,Central,Arjun,11,34801.89,0.25,287115.59,114846.24,172269.36,0.6,2025-07
ORD03951,2025-07-15,Customer_0397,Advanced Meter,Energy Management,Central,Arjun,3,13422.02,0.15,34226.15,26172.94,8053.21,0.2353,2025-07
ORD01837,2025-07-15,Customer_0471,Advanced Meter,Energy Management,Central,Sneha,17,11692.84,0.1,178900.45,129205.88,49694.57,0.2778,2025-07
ORD02985,2025-07-15,Customer_0155,Cloud Platform,Software,Central,Rohan,15,37079.18,0.15,472759.54,166856.31,305903.24,0.6471,2025-07
ORD00249,2025-07-15,Customer_0005,Network Controller,Networking,West,Arjun,13,18570.52,0.0,241416.76,140021.72,101395.04,0.42,2025-07
ORD04699,2025-07-15,Customer_0454,Advanced Meter,Energy Management,East,Vikram,20,12683.36,0.25,190250.4,164883.68,25366.72,0.1333,2025-07
ORD03832,2025-07-15,Customer_0443,Network Controller,Networking,South,Priya,3,18394.8,0.05,52425.18,32006.95,20418.23,0.3895,2025-07
ORD02198,2025-07-15,Customer_0425,Analytics License,Software,East,Kavya,18,22268.08,0.05,380784.17,140288.9,240495.26,0.6316,2025-07
ORD00904,2025-07-15,Customer_0008,Analytics License,Software,West,Priya,14,22787.1,0.05,303068.43,111656.79,191411.64,0.6316,2025-07
ORD01950,2025-07-15,Customer_0208,Network Controller,Networking,Central,Sneha,5,19067.1,0.0,95335.5,55294.59,40040.91,0.42,2025-07
ORD04275,2025-07-15,Customer_0103,Data Logger,Data Solutions,South,Arjun,2,7450.36,0.05,14155.68,9387.45,4768.23,0.3368,2025-07
ORD00734,2025-07-16,Customer_0100,Network Controller,Networking,South,Rohan,10,17462.65,0.0,174626.5,101283.37,73343.13,0.42,2025-07
ORD04818,2025-07-16,Customer_0110,Analytics License,Software,East,Rohan,5,20016.47,0.0,100082.35,35028.82,65053.53,0.65,2025-07
ORD04088,2025-07-16,Customer_0478,Communication Module,IoT Devices,West,Kavya,12,4188.92,0.05,47753.69,31165.56,16588.12,0.3474,2025-07
ORD04671,2025-07-16,Customer_0455,Communication Module,IoT Devices,East,Rohan,5,4054.57,0.0,20272.85,12569.17,7703.68,0.38,2025-07
ORD00835,2025-07-16,Customer_0196,IoT Gateway,IoT Devices,East,Ananya,12,16035.04,0.0,192420.48,115452.29,76968.19,0.4,2025-07
ORD04738,2025-07-16,Customer_0079,Cloud Platform,Software,East,Aarav,7,35297.59,0.15,210020.66,74124.94,135895.72,0.6471,2025-07
ORD02322,2025-07-16,Customer_0164,Smart Meter,Energy Management,North,Sneha,5,8418.56,0.05,39988.16,28623.1,11365.06,0.2842,2025-07
ORD01236,2025-07-16,Customer_0161,IoT Gateway,IoT Devices,East,Kavya,13,16432.27,0.0,213619.51,128171.71,85447.8,0.4,2025-07
ORD03865,2025-07-16,Customer_0259,Energy Monitor,Energy Management,North,Ananya,5,7482.55,0.1,33671.48,23944.16,9727.31,0.2889,2025-07
ORD04748,2025-07-17,Customer_0009,Cloud Platform,Software,East,Rahul,7,33393.64,0.0,233755.48,70126.64,163628.84,0.7,2025-07
ORD02566,2025-07-17,Customer_0013,Analytics License,Software,Central,Sneha,8,20860.19,0.1,150193.37,58408.53,91784.84,0.6111,2025-07
ORD03981,2025-07-17,Customer_0462,Analytics License,Software,North,Vikram,15,22010.91,0.05,313655.47,115557.28,198098.19,0.6316,2025-07
ORD04810,2025-07-17,Customer_0068,IoT Gateway,IoT Devices,North,Vikram,10,13670.25,0.15,116197.12,82021.5,34175.62,0.2941,2025-07
ORD02449,2025-07-17,Customer_0133,Analytics License,Software,Central,Sneha,7,21773.03,0.15,129549.53,53343.92,76205.6,0.5882,2025-07
ORD03325,2025-07-17,Customer_0131,Cloud Platform,Software,Central,Priya,15,36918.15,0.1,498395.02,166131.67,332263.35,0.6667,2025-07
ORD00932,2025-07-17,Customer_0127,Smart Sensor,IoT Devices,East,Ananya,12,5482.26,0.2,52629.7,40130.14,12499.55,0.2375,2025-07
ORD03059,2025-07-17,Customer_0380,Analytics License,Software,North,Aarav,2,19881.75,0.25,29822.62,13917.22,15905.4,0.5333,2025-07
ORD03824,2025-07-17,Customer_0122,Communication Module,IoT Devices,South,Priya,8,4480.6,0.1,32260.32,22223.78,10036.54,0.3111,2025-07
ORD01584,2025-07-17,Customer_0455,Communication Module,IoT Devices,South,Ananya,15,4502.71,0.1,60786.58,41875.2,18911.38,0.3111,2025-07
ORD03866,2025-07-17,Customer_0369,IoT Gateway,IoT Devices,South,Meera,18,13918.39,0.15,212951.37,150318.61,62632.76,0.2941,2025-07
ORD04479,2025-07-17,Customer_0183,Data Logger,Data Solutions,West,Aarav,16,6962.72,0.1,100263.17,70184.22,30078.95,0.3,2025-07
ORD03759,2025-07-17,Customer_0011,Network Controller,Networking,East,Arjun,14,18322.99,0.05,243695.77,148782.68,94913.09,0.3895,2025-07
ORD00026,2025-07-17,Customer_0201,Advanced Meter,Energy Management,West,Kavya,11,13291.08,0.15,124271.6,95031.22,29240.38,0.2353,2025-07
ORD04120,2025-07-17,Customer_0030,Smart Meter,Energy Management,North,Sneha,14,7926.38,0.0,110969.32,75459.14,35510.18,0.32,2025-07
ORD03374,2025-07-17,Customer_0271,Smart Meter,Energy Management,South,Sneha,20,8133.83,0.1,146408.94,110620.09,35788.85,0.2444,2025-07
ORD02690,2025-07-17,Customer_0007,Smart Meter,Energy Management,South,Aarav,5,8662.26,0.15,36814.61,29451.68,7362.92,0.2,2025-07
ORD00408,2025-07-17,Customer_0401,Smart Meter,Energy Management,South,Rohan,16,9241.75,0.15,125687.8,100550.24,25137.56,0.2,2025-07
ORD04091,2025-07-17,Customer_0107,Smart Sensor,IoT Devices,Central,Rahul,16,5581.9,0.0,89310.4,54479.34,34831.06,0.39,2025-07
ORD01927,2025-07-17,Customer_0162,Communication Module,IoT Devices,South,Vikram,1,4304.93,0.0,4304.93,2669.06,1635.87,0.38,2025-07
ORD01210,2025-07-18,Customer_0499,Network Controller,Networking,North,Rohan,17,18602.99,0.15,268813.21,183425.48,85387.72,0.3176,2025-07
ORD03022,2025-07-18,Customer_0253,Network Controller,Networking,West,Vikram,1,16750.5,0.15,14237.92,9715.29,4522.64,0.3176,2025-07
ORD02626,2025-07-18,Customer_0480,Energy Monitor,Energy Management,East,Meera,12,6525.79,0.2,62647.58,50118.07,12529.52,0.2,2025-07
ORD04324,2025-07-18,Customer_0155,IoT Gateway,IoT Devices,South,Meera,11,15259.53,0.15,142676.61,100712.9,41963.71,0.2941,2025-07
ORD04337,2025-07-18,Customer_0331,Cloud Platform,Software,Central,Priya,1,38497.87,0.1,34648.08,11549.36,23098.72,0.6667,2025-07
ORD03063,2025-07-18,Customer_0078,Smart Sensor,IoT Devices,West,Arjun,6,6025.63,0.1,32538.4,22053.81,10484.6,0.3222,2025-07
ORD02216,2025-07-18,Customer_0420,Advanced Meter,Energy Management,North,Rahul,8,13320.81,0.1,95909.83,69268.21,26641.62,0.2778,2025-07
ORD04669,2025-07-18,Customer_0256,Cloud Platform,Software,Central,Ananya,17,37496.7,0.15,541827.31,191233.17,350594.14,0.6471,2025-07
ORD03141,2025-07-18,Customer_0444,Communication Module,IoT Devices,East,Rohan,3,4409.28,0.05,12566.45,8201.26,4365.19,0.3474,2025-07
ORD01923,2025-07-18,Customer_0138,Advanced Meter,Energy Management,North,Ananya,20,12233.94,0.1,220210.92,159041.22,61169.7,0.2778,2025-07
ORD04099,2025-07-18,Customer_0163,Network Controller,Networking,South,Rahul,20,18095.03,0.15,307615.51,209902.35,97713.16,0.3176,2025-07
ORD01518,2025-07-18,Customer_0227,Network Controller,Networking,South,Rahul,12,17927.17,0.0,215126.04,124773.1,90352.94,0.42,2025-07
ORD00168,2025-07-18,Customer_0349,Network Controller,Networking,Central,Rahul,20,16890.45,0.1,304028.1,195929.22,108098.88,0.3556,2025-07
ORD03727,2025-07-18,Customer_0364,Cloud Platform,Software,Central,Kavya,2,33658.11,0.1,60584.6,20194.87,40389.73,0.6667,2025-07
ORD04510,2025-07-19,Customer_0409,Analytics License,Software,Central,Arjun,5,20324.67,0.1,91461.02,35568.17,55892.84,0.6111,2025-07
ORD04762,2025-07-19,Customer_0320,Analytics License,Software,North,Aarav,18,20059.66,0.1,324966.49,126375.86,198590.63,0.6111,2025-07
ORD00575,2025-07-19,Customer_0344,Analytics License,Software,North,Arjun,9,21044.32,0.1,170458.99,66289.61,104169.38,0.6111,2025-07
ORD03907,2025-07-19,Customer_0371,Cloud Platform,Software,North,Kavya,12,35712.51,0.0,428550.12,128565.04,299985.08,0.7,2025-07
ORD03707,2025-07-19,Customer_0080,Energy Monitor,Energy Management,North,Meera,20,7093.5,0.1,127683.0,90796.8,36886.2,0.2889,2025-07
ORD02923,2025-07-19,Customer_0303,Smart Sensor,IoT Devices,South,Sneha,19,5863.84,0.1,100271.66,67961.91,32309.76,0.3222,2025-07
ORD03223,2025-07-19,Customer_0153,Energy Monitor,Energy Management,Central,Rohan,15,7744.25,0.2,92931.0,74344.8,18586.2,0.2,2025-07
ORD01321,2025-07-19,Customer_0164,Cloud Platform,Software,West,Ananya,5,31626.27,0.2,126505.08,47439.4,79065.68,0.625,2025-07
ORD04666,2025-07-19,Customer_0421,Energy Monitor,Energy Management,North,Kavya,13,6919.74,0.15,76463.13,57572.24,18890.89,0.2471,2025-07
ORD02214,2025-07-19,Customer_0062,Network Controller,Networking,South,Vikram,7,18280.42,0.15,108768.5,74218.51,34549.99,0.3176,2025-07
ORD00590,2025-07-19,Customer_0237,IoT Gateway,IoT Devices,Central,Rohan,11,15902.94,0.0,174932.34,104959.4,69972.94,0.4,2025-07
ORD04571,2025-07-19,Customer_0032,Network Controller,Networking,Central,Vikram,16,16813.21,0.1,242110.22,156026.59,86083.64,0.3556,2025-07
ORD03867,2025-07-20,Customer_0462,Smart Meter,Energy Management,Central,Kavya,17,8506.36,0.05,137377.71,98333.52,39044.19,0.2842,2025-07
ORD00151,2025-07-20,Customer_0017,Advanced Meter,Energy Management,North,Vikram,2,11516.5,0.0,23033.0,14971.45,8061.55,0.35,2025-07
ORD00841,2025-07-20,Customer_0082,Analytics License,Software,Central,Sneha,14,20347.46,0.1,256378.0,99702.55,156675.44,0.6111,2025-07
ORD01643,2025-07-20,Customer_0405,IoT Gateway,IoT Devices,North,Kavya,1,14462.1,0.15,12292.78,8677.26,3615.52,0.2941,2025-07
ORD04179,2025-07-20,Customer_0300,Smart Sensor,IoT Devices,South,Rohan,8,5340.16,0.15,36313.09,26059.98,10253.11,0.2824,2025-07
ORD00336,2025-07-20,Customer_0343,Analytics License,Software,East,Sneha,20,20799.59,0.2,332793.44,145597.13,187196.31,0.5625,2025-07
ORD02009,2025-07-20,Customer_0107,Smart Sensor,IoT Devices,Central,Kavya,3,5872.73,0.1,15856.37,10747.1,5109.28,0.3222,2025-07
ORD01520,2025-07-20,Customer_0322,Data Logger,Data Solutions,East,Ananya,9,7440.36,0.2,53570.59,42186.84,11383.75,0.2125,2025-07
ORD00013,2025-07-20,Customer_0407,Cloud Platform,Software,Central,Rahul,8,34646.15,0.0,277169.2,83150.76,194018.44,0.7,2025-07
ORD01047,2025-07-20,Customer_0007,Cloud Platform,Software,Central,Aarav,6,32125.38,0.1,173477.05,57825.68,115651.37,0.6667,2025-07
ORD02464,2025-07-20,Customer_0458,Data Logger,Data Solutions,East,Meera,13,6152.63,0.1,71985.77,50390.04,21595.73,0.3,2025-07
ORD03553,2025-07-20,Customer_0078,IoT Gateway,IoT Devices,Central,Vikram,14,14360.56,0.0,201047.84,120628.7,80419.14,0.4,2025-07
ORD03005,2025-07-20,Customer_0190,Energy Monitor,Energy Management,North,Rohan,9,7454.54,0.15,57027.23,42938.15,14089.08,0.2471,2025-07
ORD04986,2025-07-20,Customer_0486,Communication Module,IoT Devices,West,Priya,7,4546.86,0.0,31828.02,19733.37,12094.65,0.38,2025-07
ORD02848,2025-07-21,Customer_0327,Smart Sensor,IoT Devices,South,Aarav,5,5477.17,0.05,26016.56,16705.37,9311.19,0.3579,2025-07
ORD02732,2025-07-21,Customer_0402,IoT Gateway,IoT Devices,North,Ananya,12,14844.83,0.0,178137.96,106882.78,71255.18,0.4,2025-07
ORD04675,2025-07-21,Customer_0073,Cloud Platform,Software,North,Vikram,6,32219.22,0.15,164318.02,57994.6,106323.43,0.6471,2025-07
ORD02375,2025-07-21,Customer_0174,Communication Module,IoT Devices,Central,Vikram,15,4439.91,0.2,53278.92,41291.16,11987.76,0.225,2025-07
ORD03670,2025-07-21,Customer_0470,Cloud Platform,Software,East,Kavya,4,37474.96,0.1,134909.86,44969.95,89939.9,0.6667,2025-07
ORD02416,2025-07-21,Customer_0017,Cloud Platform,Software,West,Rohan,1,36919.1,0.1,33227.19,11075.73,22151.46,0.6667,2025-07
ORD02109,2025-07-21,Customer_0117,Energy Monitor,Energy Management,South,Rohan,20,7321.19,0.15,124460.23,93711.23,30749.0,0.2471,2025-07
ORD03235,2025-07-21,Customer_0496,IoT Gateway,IoT Devices,South,Sneha,20,14405.27,0.1,259294.86,172863.24,86431.62,0.3333,2025-07
ORD04128,2025-07-21,Customer_0450,Cloud Platform,Software,West,Meera,19,34992.93,0.0,664865.67,199459.7,465405.97,0.7,2025-07
ORD04133,2025-07-21,Customer_0357,Smart Sensor,IoT Devices,South,Vikram,8,5908.34,0.1,42540.05,28832.7,13707.35,0.3222,2025-07
ORD04809,2025-07-21,Customer_0337,Data Logger,Data Solutions,North,Rahul,4,6121.26,0.05,23260.79,15425.58,7835.21,0.3368,2025-07
ORD03877,2025-07-21,Customer_0089,IoT Gateway,IoT Devices,East,Meera,9,15807.39,0.25,106699.88,85359.91,21339.98,0.2,2025-07
ORD00197,2025-07-21,Customer_0002,Smart Meter,Energy Management,North,Aarav,8,7666.61,0.05,58266.24,41706.36,16559.88,0.2842,2025-07
ORD04398,2025-07-21,Customer_0405,Analytics License,Software,Central,Sneha,11,20307.62,0.1,201045.44,78184.34,122861.1,0.6111,2025-07
ORD04490,2025-07-21,Customer_0153,Cloud Platform,Software,North,Ananya,14,35513.07,0.05,472323.83,149154.89,323168.94,0.6842,2025-07
ORD00495,2025-07-21,Customer_0084,Smart Meter,Energy Management,East,Rahul,18,9148.87,0.2,131743.73,111982.17,19761.56,0.15,2025-07
ORD02555,2025-07-21,Customer_0052,IoT Gateway,IoT Devices,West,Rahul,13,13705.34,0.1,160352.48,106901.65,53450.83,0.3333,2025-07
ORD02224,2025-07-21,Customer_0073,Analytics License,Software,South,Ananya,1,22785.26,0.2,18228.21,7974.84,10253.37,0.5625,2025-07
ORD02426,2025-07-21,Customer_0394,Smart Sensor,IoT Devices,South,Rahul,19,5534.54,0.05,99898.45,64145.32,35753.13,0.3579,2025-07
ORD00949,2025-07-21,Customer_0253,Smart Sensor,IoT Devices,North,Rohan,11,5285.61,0.05,55234.62,35466.44,19768.18,0.3579,2025-07
ORD02096,2025-07-21,Customer_0164,Cloud Platform,Software,South,Kavya,1,31687.39,0.0,31687.39,9506.22,22181.17,0.7,2025-07
ORD00761,2025-07-22,Customer_0117,Smart Sensor,IoT Devices,North,Ananya,10,5747.82,0.1,51730.38,35061.7,16668.68,0.3222,2025-07
ORD02135,2025-07-22,Customer_0427,IoT Gateway,IoT Devices,South,Rohan,15,14747.45,0.0,221211.75,132727.05,88484.7,0.4,2025-07
ORD04740,2025-07-22,Customer_0095,Data Logger,Data Solutions,North,Aarav,16,7187.38,0.05,109248.18,72448.79,36799.39,0.3368,2025-07
ORD02530,2025-07-22,Customer_0104,Energy Monitor,Energy Management,West,Rahul,11,6734.24,0.15,62965.14,47409.05,15556.09,0.2471,2025-07
ORD04681,2025-07-22,Customer_0368,Smart Meter,Energy Management,South,Rohan,3,9333.42,0.1,25200.23,19040.18,6160.06,0.2444,2025-07
ORD04000,2025-07-22,Customer_0495,Communication Module,IoT Devices,South,Vikram,20,4009.46,0.0,80189.2,49717.3,30471.9,0.38,2025-07
ORD01684,2025-07-22,Customer_0192,Analytics License,Software,West,Meera,3,20485.97,0.15,52239.22,21510.27,30728.96,0.5882,2025-07
ORD03682,2025-07-22,Customer_0141,IoT Gateway,IoT Devices,Central,Aarav,9,14074.99,0.0,126674.91,76004.95,50669.96,0.4,2025-07
ORD00689,2025-07-22,Customer_0238,Network Controller,Networking,Central,Ananya,19,20322.3,0.05,366817.52,223951.75,142865.77,0.3895,2025-07
ORD01640,2025-07-22,Customer_0091,IoT Gateway,IoT Devices,Central,Arjun,18,16094.27,0.1,260727.17,173818.12,86909.06,0.3333,2025-07
ORD04984,2025-07-22,Customer_0289,Energy Monitor,Energy Management,Central,Rohan,10,7688.57,0.15,65352.84,49206.85,16146.0,0.2471,2025-07
ORD04073,2025-07-22,Customer_0395,IoT Gateway,IoT Devices,Central,Aarav,7,15399.13,0.15,91624.82,64676.35,26948.48,0.2941,2025-07
ORD01825,2025-07-23,Customer_0181,IoT Gateway,IoT Devices,Central,Arjun,3,13679.78,0.0,41039.34,24623.6,16415.74,0.4,2025-07
ORD04608,2025-07-23,Customer_0225,Analytics License,Software,Central,Priya,9,21334.14,0.0,192007.26,67202.54,124804.72,0.65,2025-07
ORD03440,2025-07-23,Customer_0162,Data Logger,Data Solutions,East,Priya,8,6721.65,0.2,43018.56,33877.12,9141.44,0.2125,2025-07
ORD03407,2025-07-23,Customer_0349,Smart Sensor,IoT Devices,North,Sneha,18,6000.99,0.0,108017.82,65890.87,42126.95,0.39,2025-07
ORD01634,2025-07-23,Customer_0051,Smart Sensor,IoT Devices,West,Aarav,10,5536.97,0.0,55369.7,33775.52,21594.18,0.39,2025-07
ORD03969,2025-07-23,Customer_0409,Network Controller,Networking,West,Vikram,11,18235.06,0.0,200585.66,116339.68,84245.98,0.42,2025-07
ORD00842,2025-07-23,Customer_0279,Cloud Platform,Software,West,Kavya,2,35182.66,0.15,59810.52,21109.6,38700.93,0.6471,2025-07
ORD02674,2025-07-23,Customer_0178,Smart Meter,Energy Management,South,Sneha,7,8927.64,0.05,59368.81,42495.57,16873.24,0.2842,2025-07
ORD01561,2025-07-23,Customer_0256,Cloud Platform,Software,North,Meera,17,38328.99,0.15,553853.91,195477.85,358376.06,0.6471,2025-07
ORD01033,2025-07-23,Customer_0039,IoT Gateway,IoT Devices,East,Sneha,6,15578.64,0.1,84124.66,56083.1,28041.55,0.3333,2025-07
ORD01043,2025-07-23,Customer_0426,Smart Sensor,IoT Devices,South,Rahul,15,5261.9,0.05,74982.08,48146.39,26835.69,0.3579,2025-07
ORD02329,2025-07-23,Customer_0412,Communication Module,IoT Devices,Central,Sneha,10,4353.69,0.05,41360.05,26992.88,14367.18,0.3474,2025-07
ORD04672,2025-07-24,Customer_0166,Data Logger,Data Solutions,North,Kavya,12,6470.06,0.15,65994.61,48913.65,17080.96,0.2588,2025-07
ORD02775,2025-07-24,Customer_0386,Network Controller,Networking,South,Rahul,12,19834.94,0.0,238019.28,138051.18,99968.1,0.42,2025-07
ORD04427,2025-07-24,Customer_0451,Smart Sensor,IoT Devices,West,Sneha,10,5718.13,0.05,54322.24,34880.59,19441.64,0.3579,2025-07
ORD02522,2025-07-24,Customer_0026,Analytics License,Software,West,Rahul,17,23993.53,0.05,387495.51,142761.5,244734.01,0.6316,2025-07
ORD01758,2025-07-24,Customer_0054,Cloud Platform,Software,North,Priya,9,37339.95,0.05,319256.57,100817.86,218438.71,0.6842,2025-07
ORD03818,2025-07-24,Customer_0407,Energy Monitor,Energy Management,West,Ananya,1,7401.36,0.05,7031.29,4736.87,2294.42,0.3263,2025-07
ORD01824,2025-07-24,Customer_0117,Network Controller,Networking,Central,Arjun,1,19062.62,0.0,19062.62,11056.32,8006.3,0.42,2025-07
ORD02967,2025-07-24,Customer_0234,Smart Meter,Energy Management,Central,Sneha,11,9008.24,0.0,99090.64,67381.64,31709.0,0.32,2025-07
ORD01313,2025-07-24,Customer_0032,Smart Meter,Energy Management,West,Rahul,11,7728.64,0.05,80764.29,57810.23,22954.06,0.2842,2025-07
ORD01082,2025-07-24,Customer_0084,Smart Sensor,IoT Devices,North,Aarav,9,5903.87,0.15,45164.61,32412.25,12752.36,0.2824,2025-07
ORD00493,2025-07-24,Customer_0363,Network Controller,Networking,West,Aarav,4,18833.86,0.1,67801.9,43694.56,24107.34,0.3556,2025-07
ORD02355,2025-07-24,Customer_0166,Communication Module,IoT Devices,East,Vikram,19,3944.62,0.1,67453.0,46467.62,20985.38,0.3111,2025-07
ORD02957,2025-07-25,Customer_0179,Smart Meter,Energy Management,Central,Sneha,12,7979.77,0.25,71817.93,65114.92,6703.01,0.0933,2025-07
ORD01086,2025-07-25,Customer_0271,Cloud Platform,Software,West,Meera,1,37453.01,0.1,33707.71,11235.9,22471.81,0.6667,2025-07
ORD02444,2025-07-25,Customer_0114,Smart Sensor,IoT Devices,Central,Kavya,8,5371.69,0.1,38676.17,26213.85,12462.32,0.3222,2025-07
ORD00219,2025-07-25,Customer_0216,Communication Module,IoT Devices,East,Priya,12,3904.61,0.25,35141.49,29050.3,6091.19,0.1733,2025-07
ORD02716,2025-07-25,Customer_0003,Advanced Meter,Energy Management,North,Sneha,20,12080.95,0.15,205376.15,157052.35,48323.8,0.2353,2025-07
ORD02197,2025-07-25,Customer_0365,Smart Meter,Energy Management,West,Rahul,14,8072.27,0.15,96060.01,76848.01,19212.0,0.2,2025-07
ORD04698,2025-07-25,Customer_0138,Network Controller,Networking,East,Vikram,20,17489.52,0.1,314811.36,202878.43,111932.93,0.3556,2025-07
ORD04011,2025-07-25,Customer_0146,Energy Monitor,Energy Management,South,Aarav,3,7792.25,0.1,21039.08,14961.12,6077.96,0.2889,2025-07
ORD04706,2025-07-25,Customer_0128,Cloud Platform,Software,North,Kavya,18,34336.72,0.1,556254.86,185418.29,370836.58,0.6667,2025-07
ORD04412,2025-07-25,Customer_0165,Network Controller,Networking,Central,Vikram,16,17625.28,0.2,225603.58,163562.6,62040.99,0.275,2025-07
ORD01570,2025-07-25,Customer_0371,Analytics License,Software,North,Ananya,6,22951.17,0.1,123936.32,48197.46,75738.86,0.6111,2025-07
ORD00821,2025-07-25,Customer_0365,Advanced Meter,Energy Management,West,Rohan,4,11994.65,0.15,40781.81,31186.09,9595.72,0.2353,2025-07
ORD03307,2025-07-25,Customer_0406,IoT Gateway,IoT Devices,East,Arjun,12,14995.47,0.05,170948.36,107967.38,62980.97,0.3684,2025-07
ORD00180,2025-07-25,Customer_0224,Advanced Meter,Energy Management,Central,Aarav,13,12518.67,0.0,162742.71,105782.76,56959.95,0.35,2025-07
ORD03515,2025-07-25,Customer_0340,Cloud Platform,Software,Central,Meera,10,36255.22,0.0,362552.2,108765.66,253786.54,0.7,2025-07
ORD03261,2025-07-25,Customer_0126,Network Controller,Networking,South,Arjun,6,17873.81,0.15,91156.43,62200.86,28955.57,0.3176,2025-07
ORD04757,2025-07-26,Customer_0066,IoT Gateway,IoT Devices,Central,Priya,5,15903.85,0.1,71567.32,47711.55,23855.78,0.3333,2025-07
ORD02268,2025-07-26,Customer_0321,Communication Module,IoT Devices,Central,Ananya,8,3959.06,0.0,31672.48,19636.94,12035.54,0.38,2025-07
ORD04065,2025-07-26,Customer_0113,Smart Meter,Energy Management,West,Rahul,12,8051.59,0.0,96619.08,65700.97,30918.11,0.32,2025-07
ORD03475,2025-07-26,Customer_0442,Communication Module,IoT Devices,West,Aarav,13,4545.35,0.1,53180.6,36635.52,16545.07,0.3111,2025-07
ORD02796,2025-07-26,Customer_0407,Communication Module,IoT Devices,North,Aarav,17,4396.42,0.1,67265.23,46338.27,20926.96,0.3111,2025-07
ORD01316,2025-07-26,Customer_0457,Cloud Platform,Software,North,Meera,17,36363.75,0.1,556365.38,185455.12,370910.25,0.6667,2025-07
ORD04031,2025-07-26,Customer_0197,IoT Gateway,IoT Devices,East,Rahul,5,14467.59,0.05,68721.05,43402.77,25318.28,0.3684,2025-07
ORD02572,2025-07-26,Customer_0011,Data Logger,Data Solutions,West,Kavya,19,6221.47,0.1,106387.14,74471.0,31916.14,0.3,2025-07
ORD03880,2025-07-26,Customer_0056,Smart Sensor,IoT Devices,North,Sneha,13,5537.28,0.0,71984.64,43910.63,28074.01,0.39,2025-07
ORD01755,2025-07-26,Customer_0114,Communication Module,IoT Devices,East,Sneha,3,4423.06,0.0,13269.18,8226.89,5042.29,0.38,2025-07
ORD03105,2025-07-26,Customer_0301,Energy Monitor,Energy Management,Central,Sneha,17,7730.75,0.0,131422.75,84110.56,47312.19,0.36,2025-07
ORD00518,2025-07-26,Customer_0250,Energy Monitor,Energy Management,South,Arjun,16,6575.71,0.15,89429.66,67335.27,22094.39,0.2471,2025-07
ORD00887,2025-07-26,Customer_0193,Communication Module,IoT Devices,South,Rahul,16,4262.1,0.1,61374.24,42280.03,19094.21,0.3111,2025-07
ORD00510,2025-07-26,Customer_0025,Communication Module,IoT Devices,West,Vikram,11,4358.45,0.05,45545.8,29724.63,15821.17,0.3474,2025-07
ORD02747,2025-07-26,Customer_0473,Advanced Meter,Energy Management,West,Vikram,20,13445.52,0.05,255464.88,174791.76,80673.12,0.3158,2025-07
ORD00659,2025-07-27,Customer_0441,Energy Monitor,Energy Management,West,Kavya,13,7583.8,0.15,83800.99,63097.22,20703.77,0.2471,2025-07
ORD01200,2025-07-27,Customer_0005,Smart Sensor,IoT Devices,Central,Rohan,4,5241.11,0.15,17819.77,12788.31,5031.47,0.2824,2025-07
ORD00572,2025-07-27,Customer_0237,Advanced Meter,Energy Management,North,Vikram,9,12090.02,0.1,97929.16,70726.62,27202.54,0.2778,2025-07
ORD02814,2025-07-27,Customer_0479,Data Logger,Data Solutions,North,Aarav,16,6293.82,0.1,90631.01,63441.71,27189.3,0.3,2025-07
ORD00253,2025-07-27,Customer_0400,Cloud Platform,Software,West,Aarav,10,32176.74,0.1,289590.66,96530.22,193060.44,0.6667,2025-07
ORD00475,2025-07-27,Customer_0022,Communication Module,IoT Devices,South,Rohan,2,4021.47,0.15,6836.5,4986.62,1849.88,0.2706,2025-07
ORD02874,2025-07-27,Customer_0038,Analytics License,Software,East,Sneha,4,23783.54,0.1,85620.74,33296.96,52323.79,0.6111,2025-07
ORD01655,2025-07-27,Customer_0342,Energy Monitor,Energy Management,West,Priya,20,7865.7,0.15,133716.9,100680.96,33035.94,0.2471,2025-07
ORD00010,2025-07-27,Customer_0410,Data Logger,Data Solutions,North,Vikram,13,6489.03,0.2,67485.91,53145.16,14340.76,0.2125,2025-07
ORD03192,2025-07-27,Customer_0143,Cloud Platform,Software,North,Meera,11,31755.08,0.0,349305.88,104791.76,244514.12,0.7,2025-07
ORD01397,2025-07-27,Customer_0380,Energy Monitor,Energy Management,East,Priya,10,7276.94,0.0,72769.4,46572.42,26196.98,0.36,2025-07
ORD03891,2025-07-27,Customer_0357,Smart Meter,Energy Management,East,Arjun,14,7732.32,0.05,102839.86,73611.69,29228.17,0.2842,2025-07
ORD03411,2025-07-28,Customer_0323,Smart Meter,Energy Management,North,Aarav,19,7733.11,0.2,117543.27,99911.78,17631.49,0.15,2025-07
ORD04038,2025-07-28,Customer_0019,Communication Module,IoT Devices,East,Vikram,19,4526.57,0.15,73104.11,53322.99,19781.11,0.2706,2025-07
ORD03634,2025-07-28,Customer_0191,Advanced Meter,Energy Management,South,Kavya,2,13673.17,0.25,20509.76,17775.12,2734.63,0.1333,2025-07
ORD02311,2025-07-28,Customer_0020,Cloud Platform,Software,West,Meera,7,36919.51,0.15,219671.08,77530.97,142140.11,0.6471,2025-07
ORD02972,2025-07-28,Customer_0449,Advanced Meter,Energy Management,West,Meera,18,13321.9,0.1,215814.78,155866.23,59948.55,0.2778,2025-07
ORD00545,2025-07-28,Customer_0318,Energy Monitor,Energy Management,East,Rohan,20,7748.6,0.2,123977.6,99182.08,24795.52,0.2,2025-07
ORD00837,2025-07-28,Customer_0271,Cloud Platform,Software,West,Ananya,1,33928.71,0.1,30535.84,10178.61,20357.23,0.6667,2025-07
ORD03504,2025-07-28,Customer_0136,Smart Sensor,IoT Devices,South,Ananya,19,5634.02,0.1,96341.74,65298.29,31043.45,0.3222,2025-07
ORD01480,2025-07-28,Customer_0029,Advanced Meter,Energy Management,South,Aarav,17,11796.85,0.05,190519.13,130355.19,60163.93,0.3158,2025-07
ORD03874,2025-07-28,Customer_0440,Network Controller,Networking,East,Priya,12,20233.13,0.1,218517.8,140822.58,77695.22,0.3556,2025-07
ORD03464,2025-07-28,Customer_0308,Smart Sensor,IoT Devices,South,Ananya,9,5665.88,0.2,40794.34,31105.68,9688.65,0.2375,2025-07
ORD01881,2025-07-28,Customer_0024,Analytics License,Software,South,Rahul,7,22236.62,0.05,147873.52,54479.72,93393.8,0.6316,2025-07
ORD04231,2025-07-28,Customer_0347,Data Logger,Data Solutions,South,Vikram,16,7181.44,0.0,114903.04,72388.92,42514.12,0.37,2025-07
ORD02347,2025-07-28,Customer_0285,Analytics License,Software,West,Kavya,3,21863.35,0.05,62310.55,22956.52,39354.03,0.6316,2025-07
ORD03006,2025-07-28,Customer_0222,Analytics License,Software,East,Ananya,8,20388.59,0.1,146797.85,57088.05,89709.8,0.6111,2025-07
ORD01849,2025-07-28,Customer_0205,Smart Meter,Energy Management,West,Rohan,20,8484.04,0.05,161196.76,115382.94,45813.82,0.2842,2025-07
ORD01523,2025-07-28,Customer_0109,IoT Gateway,IoT Devices,North,Priya,5,14678.36,0.15,62383.03,44035.08,18347.95,0.2941,2025-07
ORD02609,2025-07-28,Customer_0046,Analytics License,Software,West,Vikram,11,20093.33,0.15,187872.64,77359.32,110513.32,0.5882,2025-07
ORD02727,2025-07-28,Customer_0389,Smart Sensor,IoT Devices,Central,Rohan,5,5493.51,0.2,21974.04,16755.21,5218.83,0.2375,2025-07
ORD04503,2025-07-29,Customer_0182,Analytics License,Software,West,Kavya,17,20444.85,0.0,347562.45,121646.86,225915.59,0.65,2025-07
ORD04638,2025-07-29,Customer_0419,Network Controller,Networking,West,Ananya,18,16797.64,0.2,241886.02,175367.36,66518.65,0.275,2025-07
ORD04905,2025-07-29,Customer_0241,Cloud Platform,Software,East,Meera,20,34143.56,0.1,614584.08,204861.36,409722.72,0.6667,2025-07
ORD00580,2025-07-29,Customer_0456,Smart Sensor,IoT Devices,South,Sneha,16,5868.03,0.2,75110.78,57271.97,17838.81,0.2375,2025-07
ORD04061,2025-07-29,Customer_0218,Data Logger,Data Solutions,East,Rohan,3,6564.22,0.2,15754.13,12406.38,3347.75,0.2125,2025-07
ORD00161,2025-07-29,Customer_0382,Analytics License,Software,South,Rohan,1,23698.3,0.15,20143.56,8294.4,11849.15,0.5882,2025-07
ORD03418,2025-07-29,Customer_0403,Network Controller,Networking,South,Meera,1,19245.36,0.0,19245.36,11162.31,8083.05,0.42,2025-07
ORD02750,2025-07-29,Customer_0103,Advanced Meter,Energy Management,North,Ananya,15,13672.79,0.05,194837.26,133309.7,61527.55,0.3158,2025-07
ORD02026,2025-07-29,Customer_0064,IoT Gateway,IoT Devices,South,Priya,11,13510.53,0.0,148615.83,89169.5,59446.33,0.4,2025-07
ORD00122,2025-07-29,Customer_0460,Energy Monitor,Energy Management,West,Sneha,1,6506.08,0.2,5204.86,4163.89,1040.97,0.2,2025-07
ORD04408,2025-07-30,Customer_0156,Advanced Meter,Energy Management,South,Arjun,4,13555.27,0.15,46087.92,35243.7,10844.22,0.2353,2025-07
ORD03080,2025-07-30,Customer_0006,Energy Monitor,Energy Management,Central,Aarav,3,7715.88,0.05,21990.26,14814.49,7175.77,0.3263,2025-07
ORD04544,2025-07-30,Customer_0015,IoT Gateway,IoT Devices,East,Kavya,17,13805.26,0.2,187751.54,140813.65,46937.88,0.25,2025-07
ORD01123,2025-07-30,Customer_0023,Cloud Platform,Software,Central,Ananya,20,37062.64,0.1,667127.52,222375.84,444751.68,0.6667,2025-07
ORD01551,2025-07-30,Customer_0330,IoT Gateway,IoT Devices,South,Ananya,13,15860.0,0.15,175253.0,123708.0,51545.0,0.2941,2025-07
ORD04277,2025-07-30,Customer_0476,Data Logger,Data Solutions,South,Arjun,19,6839.23,0.15,110453.56,81865.58,28587.98,0.2588,2025-07
ORD03530,2025-07-30,Customer_0049,Energy Monitor,Energy Management,West,Vikram,12,6870.06,0.15,70074.61,52762.06,17312.55,0.2471,2025-07
ORD01741,2025-07-30,Customer_0055,Energy Monitor,Energy Management,North,Meera,15,7251.06,0.2,87012.72,69610.18,17402.54,0.2,2025-07
ORD00205,2025-07-30,Customer_0131,Analytics License,Software,West,Meera,5,24183.87,0.25,90689.51,42321.77,48367.74,0.5333,2025-07
ORD01717,2025-07-30,Customer_0333,Cloud Platform,Software,West,Kavya,13,34425.99,0.0,447537.87,134261.36,313276.51,0.7,2025-07
ORD04549,2025-07-30,Customer_0329,Cloud Platform,Software,North,Meera,4,37036.86,0.1,133332.7,44444.23,88888.46,0.6667,2025-07
ORD04787,2025-07-30,Customer_0311,Cloud Platform,Software,Central,Priya,18,35706.12,0.05,610574.65,192813.05,417761.6,0.6842,2025-07
ORD02210,2025-07-30,Customer_0465,Communication Module,IoT Devices,Central,Aarav,20,3989.91,0.1,71818.38,49474.88,22343.5,0.3111,2025-07
ORD02190,2025-07-30,Customer_0077,Energy Monitor,Energy Management,West,Aarav,10,6840.3,0.15,58142.55,43777.92,14364.63,0.2471,2025-07
ORD04020,2025-07-30,Customer_0054,Smart Meter,Energy Management,North,Meera,4,8713.83,0.1,31369.79,23701.62,7668.17,0.2444,2025-07
ORD00411,2025-07-30,Customer_0304,IoT Gateway,IoT Devices,West,Vikram,12,16498.4,0.0,197980.8,118788.48,79192.32,0.4,2025-07
ORD02431,2025-07-30,Customer_0449,Analytics License,Software,East,Priya,12,21566.02,0.0,258792.24,90577.28,168214.96,0.65,2025-07
ORD03875,2025-07-30,Customer_0326,Energy Monitor,Energy Management,South,Vikram,13,7349.22,0.05,90762.87,61145.51,29617.36,0.3263,2025-07
ORD00655,2025-07-30,Customer_0479,IoT Gateway,IoT Devices,East,Meera,16,13816.45,0.1,198956.88,132637.92,66318.96,0.3333,2025-07
ORD04929,2025-07-31,Customer_0410,Energy Monitor,Energy Management,West,Arjun,12,7489.04,0.15,76388.21,57515.83,18872.38,0.2471,2025-07
ORD00941,2025-07-31,Customer_0365,Energy Monitor,Energy Management,South,Rohan,16,6608.84,0.1,95167.3,67674.52,27492.77,0.2889,2025-07
ORD02658,2025-07-31,Customer_0170,Communication Module,IoT Devices,East,Ananya,16,3856.09,0.1,55527.7,38252.41,17275.28,0.3111,2025-07
ORD04087,2025-07-31,Customer_0369,Analytics License,Software,East,Priya,7,23049.33,0.15,137143.51,56470.86,80672.66,0.5882,2025-07
ORD01441,2025-07-31,Customer_0486,Smart Sensor,IoT Devices,West,Rohan,6,5135.96,0.15,26193.4,18797.61,7395.78,0.2824,2025-07
ORD00335,2025-07-31,Customer_0248,Smart Meter,Energy Management,West,Rohan,16,7830.78,0.05,119027.86,85198.89,33828.97,0.2842,2025-07
ORD02159,2025-07-31,Customer_0446,Network Controller,Networking,East,Vikram,14,18278.48,0.05,243103.78,148421.26,94682.53,0.3895,2025-07
ORD00744,2025-07-31,Customer_0031,Analytics License,Software,South,Rohan,19,21252.69,0.0,403801.11,141330.39,262470.72,0.65,2025-07
ORD04161,2025-07-31,Customer_0072,Analytics License,Software,North,Vikram,3,21856.25,0.15,55733.44,22949.06,32784.38,0.5882,2025-07
ORD02714,2025-07-31,Customer_0239,IoT Gateway,IoT Devices,East,Kavya,8,14632.92,0.25,87797.52,70238.02,17559.5,0.2,2025-07
ORD02003,2025-07-31,Customer_0336,Smart Meter,Energy Management,West,Ananya,12,8711.79,0.05,99314.41,71088.21,28226.2,0.2842,2025-07
ORD01007,2025-07-31,Customer_0158,Analytics License,Software,North,Meera,2,24120.35,0.15,41004.59,16884.24,24120.35,0.5882,2025-07
ORD00609,2025-07-31,Customer_0323,Smart Sensor,IoT Devices,South,Aarav,6,5307.73,0.0,31846.38,19426.29,12420.09,0.39,2025-07
ORD03528,2025-07-31,Customer_0420,Data Logger,Data Solutions,South,Priya,3,7128.96,0.15,18178.85,13473.73,4705.11,0.2588,2025-07
ORD03368,2025-07-31,Customer_0007,Advanced Meter,Energy Management,South,Rahul,12,12708.74,0.1,137254.39,99128.17,38126.22,0.2778,2025-07
ORD03531,2025-08-01,Customer_0383,Energy Monitor,Energy Management,South,Ananya,5,6846.91,0.1,30811.1,21910.11,8900.98,0.2889,2025-08
ORD04113,2025-08-01,Customer_0449,Communication Module,IoT Devices,Central,Arjun,18,4332.26,0.0,77980.68,48348.02,29632.66,0.38,2025-08
ORD02174,2025-08-01,Customer_0343,Energy Monitor,Energy Management,North,Rohan,16,7685.39,0.1,110669.62,78698.39,31971.22,0.2889,2025-08
ORD02922,2025-08-01,Customer_0018,Smart Meter,Energy Management,South,Priya,10,8449.36,0.0,84493.6,57455.65,27037.95,0.32,2025-08
ORD02958,2025-08-01,Customer_0431,IoT Gateway,IoT Devices,East,Sneha,3,14289.48,0.15,36438.17,25721.06,10717.11,0.2941,2025-08
ORD02164,2025-08-01,Customer_0418,Data Logger,Data Solutions,North,Priya,16,6409.7,0.0,102555.2,64609.78,37945.42,0.37,2025-08
ORD03329,2025-08-01,Customer_0480,Data Logger,Data Solutions,Central,Arjun,1,7285.68,0.15,6192.83,4589.98,1602.85,0.2588,2025-08
ORD01303,2025-08-01,Customer_0348,Analytics License,Software,North,Rohan,4,23159.89,0.1,83375.6,32423.85,50951.76,0.6111,2025-08
ORD00073,2025-08-01,Customer_0147,Analytics License,Software,West,Vikram,11,23844.11,0.05,249170.95,91799.82,157371.13,0.6316,2025-08
ORD04661,2025-08-01,Customer_0072,Advanced Meter,Energy Management,East,Arjun,8,13629.44,0.2,87228.42,70873.09,16355.33,0.1875,2025-08
ORD01840,2025-08-01,Customer_0308,Network Controller,Networking,East,Sneha,20,18760.69,0.0,375213.8,217624.0,157589.8,0.42,2025-08
ORD02242,2025-08-01,Customer_0012,Smart Sensor,IoT Devices,Central,Ananya,12,5727.6,0.0,68731.2,41926.03,26805.17,0.39,2025-08
ORD02680,2025-08-02,Customer_0130,Smart Sensor,IoT Devices,East,Arjun,6,5419.29,0.05,30889.95,19834.6,11055.35,0.3579,2025-08
ORD01373,2025-08-02,Customer_0054,Energy Monitor,Energy Management,South,Kavya,6,6663.14,0.0,39978.84,25586.46,14392.38,0.36,2025-08
ORD04484,2025-08-02,Customer_0317,Data Logger,Data Solutions,East,Rohan,15,6658.93,0.2,79907.16,62926.89,16980.27,0.2125,2025-08
ORD00014,2025-08-02,Customer_0462,Energy Monitor,Energy Management,East,Aarav,3,7159.99,0.0,21479.97,13747.18,7732.79,0.36,2025-08
ORD00694,2025-08-02,Customer_0134,Cloud Platform,Software,East,Rohan,8,32392.99,0.1,233229.53,77743.18,155486.35,0.6667,2025-08
ORD02881,2025-08-02,Customer_0425,Smart Sensor,IoT Devices,North,Aarav,13,5384.82,0.05,66502.53,42701.62,23800.9,0.3579,2025-08
ORD02457,2025-08-02,Customer_0234,Smart Meter,Energy Management,East,Vikram,18,8299.35,0.2,119510.64,101584.04,17926.6,0.15,2025-08
ORD03018,2025-08-02,Customer_0203,Advanced Meter,Energy Management,Central,Sneha,4,12670.91,0.0,50683.64,32944.37,17739.27,0.35,2025-08
ORD00838,2025-08-02,Customer_0213,Communication Module,IoT Devices,North,Aarav,19,4063.9,0.15,65631.98,47872.74,17759.24,0.2706,2025-08
ORD00457,2025-08-02,Customer_0153,Smart Sensor,IoT Devices,East,Arjun,17,5611.71,0.05,90629.12,58193.43,32435.68,0.3579,2025-08
ORD01188,2025-08-02,Customer_0210,Smart Meter,Energy Management,South,Rohan,18,8283.89,0.0,149110.02,101394.81,47715.21,0.32,2025-08
ORD02742,2025-08-03,Customer_0442,Data Logger,Data Solutions,South,Priya,16,6742.58,0.0,107881.28,67965.21,39916.07,0.37,2025-08
ORD04096,2025-08-03,Customer_0237,Data Logger,Data Solutions,Central,Arjun,18,6432.66,0.1,104209.09,72946.36,31262.73,0.3,2025-08
ORD00399,2025-08-03,Customer_0118,Cloud Platform,Software,Central,Rohan,14,32566.31,0.05,433131.92,136778.5,296353.42,0.6842,2025-08
ORD01064,2025-08-03,Customer_0350,Network Controller,Networking,South,Priya,12,18575.2,0.25,167176.8,129283.39,37893.41,0.2267,2025-08
ORD01311,2025-08-03,Customer_0363,Communication Module,IoT Devices,North,Rahul,20,4525.69,0.05,85988.11,56118.56,29869.55,0.3474,2025-08
ORD04540,2025-08-03,Customer_0285,IoT Gateway,IoT Devices,North,Ananya,7,14892.99,0.1,93825.84,62550.56,31275.28,0.3333,2025-08
ORD03855,2025-08-03,Customer_0048,Network Controller,Networking,Central,Kavya,3,17789.88,0.1,48032.68,30954.39,17078.28,0.3556,2025-08
ORD01529,2025-08-03,Customer_0260,Data Logger,Data Solutions,South,Sneha,7,6930.6,0.1,43662.78,30563.95,13098.83,0.3,2025-08
ORD02535,2025-08-03,Customer_0369,Network Controller,Networking,Central,Ananya,7,20033.76,0.0,140236.32,81337.07,58899.25,0.42,2025-08
ORD03264,2025-08-03,Customer_0491,Smart Sensor,IoT Devices,East,Arjun,4,5182.93,0.2,16585.38,12646.35,3939.03,0.2375,2025-08
ORD01260,2025-08-03,Customer_0457,Network Controller,Networking,West,Rahul,17,19527.42,0.15,282171.22,192540.36,89630.86,0.3176,2025-08
ORD03858,2025-08-04,Customer_0182,Smart Sensor,IoT Devices,North,Aarav,18,5142.69,0.2,74054.74,56466.74,17588.0,0.2375,2025-08
ORD04171,2025-08-04,Customer_0210,Smart Sensor,IoT Devices,South,Meera,9,5809.44,0.2,41827.97,31893.83,9934.14,0.2375,2025-08
ORD00817,2025-08-04,Customer_0367,Cloud Platform,Software,Central,Sneha,17,36520.83,0.1,558768.7,186256.23,372512.47,0.6667,2025-08
ORD04233,2025-08-04,Customer_0291,Communication Module,IoT Devices,East,Ananya,15,4106.35,0.15,52355.96,38189.06,14166.91,0.2706,2025-08
ORD01194,2025-08-04,Customer_0262,Cloud Platform,Software,North,Rahul,5,33593.09,0.05,159567.18,50389.63,109177.54,0.6842,2025-08
ORD01928,2025-08-04,Customer_0356,Analytics License,Software,West,Ananya,17,19869.41,0.2,270223.98,118222.99,152000.99,0.5625,2025-08
ORD00920,2025-08-04,Customer_0330,Smart Sensor,IoT Devices,North,Rohan,18,5594.86,0.1,90636.73,61431.56,29205.17,0.3222,2025-08
ORD04012,2025-08-04,Customer_0423,Data Logger,Data Solutions,North,Vikram,2,7093.03,0.2,11348.85,8937.22,2411.63,0.2125,2025-08
ORD04344,2025-08-04,Customer_0436,Analytics License,Software,Central,Rahul,10,22023.87,0.0,220238.7,77083.54,143155.16,0.65,2025-08
ORD00464,2025-08-04,Customer_0168,Cloud Platform,Software,East,Arjun,19,36443.35,0.1,623181.28,207727.1,415454.19,0.6667,2025-08
ORD03986,2025-08-04,Customer_0061,Communication Module,IoT Devices,Central,Arjun,19,4337.91,0.0,82420.29,51100.58,31319.71,0.38,2025-08
ORD04565,2025-08-04,Customer_0114,Cloud Platform,Software,East,Arjun,20,34042.36,0.05,646804.84,204254.16,442550.68,0.6842,2025-08
ORD01581,2025-08-04,Customer_0374,IoT Gateway,IoT Devices,East,Aarav,8,15116.32,0.05,114884.03,72558.34,42325.7,0.3684,2025-08
ORD00177,2025-08-04,Customer_0059,Analytics License,Software,East,Vikram,19,23619.91,0.05,426339.38,157072.4,269266.97,0.6316,2025-08
ORD03623,2025-08-04,Customer_0067,Communication Module,IoT Devices,West,Priya,1,4404.54,0.1,3964.09,2730.81,1233.27,0.3111,2025-08
ORD02459,2025-08-04,Customer_0228,Analytics License,Software,Central,Sneha,4,23146.85,0.05,87958.03,32405.59,55552.44,0.6316,2025-08
ORD04430,2025-08-04,Customer_0366,Analytics License,Software,South,Ananya,1,20170.62,0.1,18153.56,7059.72,11093.84,0.6111,2025-08
ORD03544,2025-08-04,Customer_0070,IoT Gateway,IoT Devices,South,Kavya,14,16253.18,0.1,204790.07,136526.71,68263.36,0.3333,2025-08
ORD01666,2025-08-05,Customer_0257,Cloud Platform,Software,North,Rohan,4,32790.58,0.1,118046.09,39348.7,78697.39,0.6667,2025-08
ORD01909,2025-08-05,Customer_0227,Cloud Platform,Software,West,Sneha,12,35929.1,0.05,409591.74,129344.76,280246.98,0.6842,2025-08
ORD00642,2025-08-05,Customer_0294,Energy Monitor,Energy Management,East,Rohan,1,7686.04,0.15,6533.13,4919.07,1614.07,0.2471,2025-08
ORD02095,2025-08-05,Customer_0205,IoT Gateway,IoT Devices,West,Vikram,2,14827.41,0.05,28172.08,17792.89,10379.19,0.3684,2025-08
ORD00663,2025-08-05,Customer_0181,Energy Monitor,Energy Management,West,Meera,19,6480.27,0.15,104656.36,78800.08,25856.28,0.2471,2025-08
ORD02376,2025-08-05,Customer_0453,IoT Gateway,IoT Devices,West,Priya,9,14645.57,0.15,112038.61,79086.08,32952.53,0.2941,2025-08
ORD01387,2025-08-05,Customer_0240,Smart Meter,Energy Management,North,Arjun,12,8404.43,0.1,90767.84,68580.15,22187.7,0.2444,2025-08
ORD00060,2025-08-05,Customer_0192,IoT Gateway,IoT Devices,East,Aarav,4,14032.32,0.15,47709.89,33677.57,14032.32,0.2941,2025-08
ORD02672,2025-08-05,Customer_0465,Advanced Meter,Energy Management,Central,Rahul,18,12666.5,0.15,193797.45,148198.05,45599.4,0.2353,2025-08
ORD02939,2025-08-05,Customer_0463,Smart Meter,Energy Management,South,Kavya,3,9262.59,0.05,26398.38,18895.68,7502.7,0.2842,2025-08
ORD04411,2025-08-05,Customer_0067,IoT Gateway,IoT Devices,East,Sneha,9,13564.08,0.15,103765.21,73246.03,30519.18,0.2941,2025-08
ORD04003,2025-08-05,Customer_0466,Data Logger,Data Solutions,East,Ananya,10,6340.09,0.1,57060.81,39942.57,17118.24,0.3,2025-08
ORD02004,2025-08-05,Customer_0314,Advanced Meter,Energy Management,South,Vikram,15,12471.4,0.0,187071.0,121596.15,65474.85,0.35,2025-08
ORD00892,2025-08-05,Customer_0128,IoT Gateway,IoT Devices,East,Kavya,16,14768.83,0.15,200856.09,141780.77,59075.32,0.2941,2025-08
ORD03764,2025-08-05,Customer_0240,Network Controller,Networking,East,Sneha,18,20200.75,0.05,345432.82,210895.83,134537.0,0.3895,2025-08
ORD00425,2025-08-06,Customer_0133,Cloud Platform,Software,West,Priya,4,38204.53,0.2,122254.5,45845.44,76409.06,0.625,2025-08
ORD04922,2025-08-06,Customer_0099,Data Logger,Data Solutions,East,Meera,13,6886.62,0.2,71620.85,56401.42,15219.43,0.2125,2025-08
ORD02867,2025-08-06,Customer_0242,Data Logger,Data Solutions,West,Priya,20,6629.93,0.0,132598.6,83537.12,49061.48,0.37,2025-08
ORD00015,2025-08-06,Customer_0015,Data Logger,Data Solutions,South,Meera,14,6791.56,0.1,85573.66,59901.56,25672.1,0.3,2025-08
ORD01929,2025-08-06,Customer_0460,Smart Meter,Energy Management,North,Rohan,19,9249.22,0.15,149374.9,119499.92,29874.98,0.2,2025-08
ORD01482,2025-08-06,Customer_0357,Data Logger,Data Solutions,North,Vikram,13,7331.52,0.0,95309.76,60045.15,35264.61,0.37,2025-08
ORD02196,2025-08-06,Customer_0406,IoT Gateway,IoT Devices,North,Kavya,17,14148.81,0.1,216476.79,144317.86,72158.93,0.3333,2025-08
ORD00857,2025-08-06,Customer_0394,Data Logger,Data Solutions,South,Sneha,11,7102.21,0.05,74218.09,49218.32,24999.78,0.3368,2025-08
ORD01547,2025-08-06,Customer_0078,Cloud Platform,Software,North,Ananya,13,32079.15,0.2,333623.16,125108.68,208514.48,0.625,2025-08
ORD03360,2025-08-06,Customer_0380,Smart Sensor,IoT Devices,North,Rohan,6,5488.62,0.2,26345.38,20088.35,6257.03,0.2375,2025-08
ORD01896,2025-08-06,Customer_0214,Communication Module,IoT Devices,East,Arjun,1,3868.85,0.05,3675.41,2398.69,1276.72,0.3474,2025-08
ORD03038,2025-08-06,Customer_0018,Energy Monitor,Energy Management,West,Rohan,13,6556.79,0.0,85238.27,54552.49,30685.78,0.36,2025-08
ORD00223,2025-08-06,Customer_0145,Cloud Platform,Software,South,Ananya,11,36282.74,0.1,359199.13,119733.04,239466.08,0.6667,2025-08
ORD03584,2025-08-06,Customer_0489,Smart Sensor,IoT Devices,Central,Sneha,9,5735.08,0.15,43873.36,31485.59,12387.77,0.2824,2025-08
ORD02666,2025-08-06,Customer_0158,Smart Meter,Energy Management,North,Ananya,5,8727.86,0.1,39275.37,29674.72,9600.65,0.2444,2025-08
ORD03340,2025-08-07,Customer_0273,Data Logger,Data Solutions,North,Arjun,10,6899.89,0.05,65548.96,43469.31,22079.65,0.3368,2025-08
ORD01723,2025-08-07,Customer_0083,Analytics License,Software,South,Meera,17,20977.73,0.2,285297.13,124817.49,160479.63,0.5625,2025-08
ORD03134,2025-08-07,Customer_0358,Data Logger,Data Solutions,East,Aarav,18,7089.24,0.2,102085.06,80391.98,21693.07,0.2125,2025-08
ORD03102,2025-08-07,Customer_0173,Smart Meter,Energy Management,East,Kavya,1,8662.43,0.1,7796.19,5890.45,1905.73,0.2444,2025-08
ORD03392,2025-08-07,Customer_0162,Analytics License,Software,North,Vikram,5,21691.01,0.1,97609.54,37959.27,59650.28,0.6111,2025-08
ORD02294,2025-08-07,Customer_0483,Analytics License,Software,Central,Priya,20,21553.07,0.25,323296.05,150871.49,172424.56,0.5333,2025-08
ORD04034,2025-08-07,Customer_0446,Network Controller,Networking,North,Rahul,4,18675.37,0.1,67231.33,43326.86,23904.47,0.3556,2025-08
ORD00806,2025-08-07,Customer_0144,Smart Meter,Energy Management,Central,Sneha,7,8005.47,0.0,56038.29,38106.04,17932.25,0.32,2025-08
ORD04670,2025-08-07,Customer_0321,Energy Monitor,Energy Management,Central,Arjun,4,7150.76,0.05,27172.89,18305.95,8866.94,0.3263,2025-08
ORD00474,2025-08-07,Customer_0266,Smart Sensor,IoT Devices,South,Vikram,17,5387.37,0.05,87006.03,55867.03,31139.0,0.3579,2025-08
ORD03236,2025-08-07,Customer_0048,Smart Meter,Energy Management,Central,Vikram,15,8441.03,0.2,101292.36,86098.51,15193.85,0.15,2025-08
ORD01817,2025-08-07,Customer_0482,Network Controller,Networking,East,Aarav,1,20321.32,0.1,18289.19,11786.37,6502.82,0.3556,2025-08
ORD00476,2025-08-07,Customer_0438,Cloud Platform,Software,West,Rahul,15,38159.96,0.05,543779.43,171719.82,372059.61,0.6842,2025-08
ORD01534,2025-08-08,Customer_0140,Advanced Meter,Energy Management,Central,Priya,7,13509.95,0.1,85112.69,61470.27,23642.41,0.2778,2025-08
ORD03308,2025-08-08,Customer_0218,Data Logger,Data Solutions,East,Priya,1,6769.53,0.2,5415.62,4264.8,1150.82,0.2125,2025-08
ORD01015,2025-08-08,Customer_0423,IoT Gateway,IoT Devices,North,Priya,13,16063.55,0.15,177502.23,125295.69,52206.54,0.2941,2025-08
ORD00310,2025-08-08,Customer_0182,Communication Module,IoT Devices,South,Vikram,14,3989.62,0.05,53061.95,34629.9,18432.04,0.3474,2025-08
ORD00520,2025-08-08,Customer_0215,Network Controller,Networking,East,Arjun,6,19424.92,0.2,93239.62,67598.72,25640.89,0.275,2025-08
ORD04439,2025-08-08,Customer_0135,Communication Module,IoT Devices,South,Aarav,18,4376.53,0.05,74838.66,48842.07,25996.59,0.3474,2025-08
ORD01788,2025-08-08,Customer_0351,IoT Gateway,IoT Devices,West,Rahul,15,15172.93,0.1,204834.56,136556.37,68278.19,0.3333,2025-08
ORD04568,2025-08-08,Customer_0175,IoT Gateway,IoT Devices,East,Meera,8,15738.41,0.05,119611.92,75544.37,44067.55,0.3684,2025-08
ORD04805,2025-08-08,Customer_0168,Smart Meter,Energy Management,East,Kavya,8,7906.67,0.15,53765.36,43012.28,10753.07,0.2,2025-08
ORD01703,2025-08-08,Customer_0298,Analytics License,Software,Central,Vikram,16,19913.55,0.0,318616.8,111515.88,207100.92,0.65,2025-08
ORD01076,2025-08-08,Customer_0342,Energy Monitor,Energy Management,North,Sneha,8,7406.45,0.05,56289.02,37921.02,18368.0,0.3263,2025-08
ORD02492,2025-08-08,Customer_0255,Advanced Meter,Energy Management,West,Arjun,7,11523.99,0.2,64534.34,52434.15,12100.19,0.1875,2025-08
ORD01564,2025-08-08,Customer_0468,Cloud Platform,Software,East,Arjun,19,38396.45,0.2,583626.04,218859.76,364766.27,0.625,2025-08
ORD00691,2025-08-08,Customer_0253,Cloud Platform,Software,North,Arjun,1,37328.28,0.2,29862.62,11198.48,18664.14,0.625,2025-08
ORD00327,2025-08-08,Customer_0416,Energy Monitor,Energy Management,West,Arjun,1,6528.07,0.1,5875.26,4177.96,1697.3,0.2889,2025-08
ORD02036,2025-08-08,Customer_0444,Analytics License,Software,East,Ananya,14,21366.79,0.05,284178.31,104697.27,179481.04,0.6316,2025-08
ORD04210,2025-08-08,Customer_0220,Network Controller,Networking,West,Aarav,13,17862.45,0.05,220601.26,134682.87,85918.38,0.3895,2025-08
ORD00593,2025-08-08,Customer_0184,Analytics License,Software,South,Rohan,9,19939.83,0.15,152539.7,62810.46,89729.24,0.5882,2025-08
ORD02782,2025-08-08,Customer_0220,Analytics License,Software,East,Ananya,11,23235.63,0.15,217253.14,89457.18,127795.97,0.5882,2025-08
ORD00969,2025-08-08,Customer_0456,Advanced Meter,Energy Management,West,Sneha,8,12491.29,0.0,99930.32,64954.71,34975.61,0.35,2025-08
ORD03636,2025-08-08,Customer_0198,Cloud Platform,Software,South,Priya,13,33711.41,0.1,394423.5,131474.5,262949.0,0.6667,2025-08
ORD02172,2025-08-08,Customer_0452,Data Logger,Data Solutions,South,Vikram,3,6861.52,0.15,17496.88,12968.27,4528.6,0.2588,2025-08
ORD00717,2025-08-08,Customer_0191,Advanced Meter,Energy Management,Central,Rohan,16,13272.07,0.2,169882.5,138029.53,31852.97,0.1875,2025-08
ORD03138,2025-08-08,Customer_0425,IoT Gateway,IoT Devices,South,Ananya,13,14991.29,0.05,185142.43,116932.06,68210.37,0.3684,2025-08
ORD04297,2025-08-08,Customer_0129,Smart Meter,Energy Management,East,Ananya,7,7847.67,0.15,46693.64,37354.91,9338.73,0.2,2025-08
ORD02380,2025-08-08,Customer_0498,Analytics License,Software,South,Vikram,7,22204.45,0.05,147659.59,54400.9,93258.69,0.6316,2025-08
ORD01485,2025-08-08,Customer_0389,Cloud Platform,Software,South,Meera,12,32615.73,0.0,391388.76,117416.63,273972.13,0.7,2025-08
ORD01937,2025-08-08,Customer_0440,Network Controller,Networking,South,Sneha,1,19707.2,0.0,19707.2,11430.18,8277.02,0.42,2025-08
ORD03270,2025-08-08,Customer_0342,Network Controller,Networking,North,Ananya,2,18530.66,0.05,35208.25,21495.57,13712.69,0.3895,2025-08
ORD00657,2025-08-08,Customer_0052,Smart Meter,Energy Management,East,Rohan,1,9310.95,0.1,8379.86,6331.45,2048.41,0.2444,2025-08
ORD00574,2025-08-09,Customer_0434,Smart Meter,Energy Management,Central,Rahul,8,9229.55,0.1,66452.76,50208.75,16244.01,0.2444,2025-08
ORD04756,2025-08-09,Customer_0070,Analytics License,Software,West,Meera,10,21934.5,0.1,197410.5,76770.75,120639.75,0.6111,2025-08
ORD02161,2025-08-09,Customer_0380,Network Controller,Networking,South,Ananya,18,18938.81,0.2,272718.86,197721.18,74997.69,0.275,2025-08
ORD02740,2025-08-09,Customer_0108,Smart Sensor,IoT Devices,West,Rohan,6,5482.58,0.1,29605.93,20066.24,9539.69,0.3222,2025-08
ORD04836,2025-08-09,Customer_0322,Advanced Meter,Energy Management,Central,Meera,11,11638.92,0.25,96021.09,83218.28,12802.81,0.1333,2025-08
ORD01126,2025-08-09,Customer_0274,Energy Monitor,Energy Management,East,Aarav,9,7266.8,0.1,58861.08,41856.77,17004.31,0.2889,2025-08
ORD02647,2025-08-09,Customer_0187,Analytics License,Software,Central,Kavya,9,22042.99,0.1,178548.22,69435.42,109112.8,0.6111,2025-08
ORD03833,2025-08-09,Customer_0032,Smart Sensor,IoT Devices,North,Rahul,7,5628.34,0.1,35458.54,24033.01,11425.53,0.3222,2025-08
ORD03684,2025-08-09,Customer_0008,Cloud Platform,Software,East,Rahul,2,37758.68,0.05,71741.49,22655.21,49086.28,0.6842,2025-08
ORD01453,2025-08-09,Customer_0132,Data Logger,Data Solutions,Central,Vikram,6,6542.42,0.1,35329.07,24730.35,10598.72,0.3,2025-08
ORD04968,2025-08-10,Customer_0268,Energy Monitor,Energy Management,East,Kavya,20,6571.74,0.05,124863.06,84118.27,40744.79,0.3263,2025-08
ORD00525,2025-08-10,Customer_0405,Analytics License,Software,South,Sneha,1,22126.39,0.2,17701.11,7744.24,9956.88,0.5625,2025-08
ORD02102,2025-08-10,Customer_0028,Data Logger,Data Solutions,West,Rahul,2,7395.84,0.25,11093.76,9318.76,1775.0,0.16,2025-08
ORD04509,2025-08-10,Customer_0080,Communication Module,IoT Devices,North,Priya,16,4270.54,0.0,68328.64,42363.76,25964.88,0.38,2025-08
ORD04611,2025-08-10,Customer_0484,Network Controller,Networking,South,Vikram,4,17932.75,0.05,68144.45,41603.98,26540.47,0.3895,2025-08
ORD01924,2025-08-10,Customer_0127,Smart Sensor,IoT Devices,North,Ananya,11,5321.06,0.15,49751.91,35704.31,14047.6,0.2824,2025-08
ORD04018,2025-08-10,Customer_0244,Communication Module,IoT Devices,East,Vikram,12,4556.02,0.2,43737.79,33896.79,9841.0,0.225,2025-08
ORD04379,2025-08-10,Customer_0427,Smart Meter,Energy Management,North,Meera,16,8761.18,0.0,140178.88,95321.64,44857.24,0.32,2025-08
ORD04957,2025-08-10,Customer_0016,Network Controller,Networking,South,Ananya,19,17343.37,0.05,313047.83,191123.94,121923.89,0.3895,2025-08
ORD04155,2025-08-11,Customer_0396,Network Controller,Networking,West,Rahul,2,18788.23,0.15,31939.99,21794.35,10145.64,0.3176,2025-08
ORD02046,2025-08-11,Customer_0234,Smart Meter,Energy Management,West,Sneha,6,8060.49,0.0,48362.94,32886.8,15476.14,0.32,2025-08
ORD03878,2025-08-11,Customer_0184,Cloud Platform,Software,East,Rohan,18,38147.8,0.1,617994.36,205998.12,411996.24,0.6667,2025-08
ORD02144,2025-08-11,Customer_0375,Smart Sensor,IoT Devices,West,Priya,12,5981.88,0.25,53836.92,43787.36,10049.56,0.1867,2025-08
ORD03480,2025-08-11,Customer_0342,Energy Monitor,Energy Management,North,Vikram,11,6615.6,0.2,58217.28,46573.82,11643.46,0.2,2025-08
ORD01207,2025-08-11,Customer_0281,Energy Monitor,Energy Management,West,Priya,19,7147.28,0.1,122218.49,86910.92,35307.56,0.2889,2025-08
ORD01225,2025-08-11,Customer_0185,Smart Sensor,IoT Devices,West,Meera,16,4965.97,0.1,71509.97,48467.87,23042.1,0.3222,2025-08
ORD00296,2025-08-11,Customer_0132,Communication Module,IoT Devices,Central,Sneha,6,4516.39,0.25,20323.76,16800.97,3522.78,0.1733,2025-08
ORD01884,2025-08-11,Customer_0136,IoT Gateway,IoT Devices,South,Rahul,18,14285.93,0.25,192860.06,154288.04,38572.01,0.2,2025-08
ORD03897,2025-08-11,Customer_0095,Advanced Meter,Energy Management,North,Rohan,11,12642.69,0.05,132116.11,90395.23,41720.88,0.3158,2025-08
ORD00282,2025-08-11,Customer_0450,Smart Meter,Energy Management,South,Rahul,8,8957.68,0.15,60912.22,48729.78,12182.44,0.2,2025-08
ORD01953,2025-08-11,Customer_0405,Energy Monitor,Energy Management,East,Sneha,20,7536.32,0.1,135653.76,96464.9,39188.86,0.2889,2025-08
ORD00293,2025-08-12,Customer_0405,Energy Monitor,Energy Management,East,Priya,10,7426.89,0.05,70555.46,47532.1,23023.36,0.3263,2025-08
ORD01508,2025-08-12,Customer_0408,Smart Sensor,IoT Devices,North,Rahul,14,5232.09,0.0,73249.26,44682.05,28567.21,0.39,2025-08
ORD04318,2025-08-12,Customer_0185,Data Logger,Data Solutions,East,Sneha,1,6788.46,0.15,5770.19,4276.73,1493.46,0.2588,2025-08
ORD00024,2025-08-12,Customer_0053,Cloud Platform,Software,West,Meera,1,35940.46,0.15,30549.39,10782.14,19767.25,0.6471,2025-08
ORD02251,2025-08-12,Customer_0037,Advanced Meter,Energy Management,East,Vikram,18,11370.51,0.15,173968.8,133034.97,40933.84,0.2353,2025-08
ORD03029,2025-08-12,Customer_0500,Communication Module,IoT Devices,Central,Ananya,20,3975.15,0.05,75527.85,49291.86,26235.99,0.3474,2025-08
ORD04741,2025-08-12,Customer_0069,Network Controller,Networking,North,Arjun,3,19964.29,0.05,56898.23,34737.86,22160.36,0.3895,2025-08
ORD04631,2025-08-12,Customer_0014,IoT Gateway,IoT Devices,East,Priya,1,15911.49,0.05,15115.92,9546.89,5569.02,0.3684,2025-08
ORD03350,2025-08-12,Customer_0237,Communication Module,IoT Devices,North,Rahul,9,3881.11,0.2,27943.99,21656.59,6287.4,0.225,2025-08
ORD00230,2025-08-12,Customer_0267,Smart Meter,Energy Management,East,Ananya,17,8405.51,0.0,142893.67,97167.7,45725.97,0.32,2025-08
ORD00422,2025-08-12,Customer_0313,Cloud Platform,Software,West,Arjun,1,36673.19,0.05,34839.53,11001.96,23837.57,0.6842,2025-08
ORD04453,2025-08-12,Customer_0124,Smart Sensor,IoT Devices,East,Meera,15,5253.74,0.2,63044.88,48071.72,14973.16,0.2375,2025-08
ORD03227,2025-08-12,Customer_0368,Smart Meter,Energy Management,South,Sneha,11,8459.82,0.15,79099.32,63279.45,15819.86,0.2,2025-08
ORD01995,2025-08-12,Customer_0041,Smart Sensor,IoT Devices,West,Meera,16,5109.12,0.15,69484.03,49865.01,19619.02,0.2824,2025-08
ORD03449,2025-08-12,Customer_0221,Data Logger,Data Solutions,East,Aarav,15,6848.68,0.05,97593.69,64720.03,32873.66,0.3368,2025-08
ORD03748,2025-08-12,Customer_0195,Smart Sensor,IoT Devices,South,Rohan,20,5813.25,0.15,98825.25,70921.65,27903.6,0.2824,2025-08
ORD03570,2025-08-12,Customer_0376,Advanced Meter,Energy Management,West,Vikram,15,11547.87,0.1,155896.25,112591.73,43304.51,0.2778,2025-08
ORD04651,2025-08-13,Customer_0240,Network Controller,Networking,Central,Arjun,17,19260.72,0.0,327432.24,189910.7,137521.54,0.42,2025-08
ORD03450,2025-08-13,Customer_0458,Smart Sensor,IoT Devices,Central,Rohan,13,5807.15,0.15,64169.01,46050.7,18118.31,0.2824,2025-08
ORD04316,2025-08-13,Customer_0418,Communication Module,IoT Devices,West,Rohan,15,3954.11,0.0,59311.65,36773.22,22538.43,0.38,2025-08
ORD00339,2025-08-13,Customer_0091,Communication Module,IoT Devices,South,Ananya,6,4343.42,0.1,23454.47,16157.52,7296.95,0.3111,2025-08
ORD04632,2025-08-13,Customer_0134,Analytics License,Software,South,Ananya,11,21745.93,0.0,239205.23,83721.83,155483.4,0.65,2025-08
ORD01014,2025-08-13,Customer_0012,Cloud Platform,Software,East,Sneha,7,34821.17,0.0,243748.19,73124.46,170623.73,0.7,2025-08
ORD00938,2025-08-13,Customer_0396,Communication Module,IoT Devices,North,Vikram,1,3924.8,0.2,3139.84,2433.38,706.46,0.225,2025-08
ORD03472,2025-08-13,Customer_0245,Data Logger,Data Solutions,Central,Kavya,7,6127.67,0.1,38604.32,27023.02,11581.3,0.3,2025-08
ORD04619,2025-08-13,Customer_0107,Analytics License,Software,West,Ananya,8,24058.2,0.2,153972.48,67362.96,86609.52,0.5625,2025-08
ORD03974,2025-08-13,Customer_0320,Analytics License,Software,North,Aarav,10,19980.67,0.15,169835.69,69932.34,99903.35,0.5882,2025-08
ORD02108,2025-08-13,Customer_0485,Advanced Meter,Energy Management,West,Rahul,15,13492.07,0.0,202381.05,131547.68,70833.37,0.35,2025-08
ORD02307,2025-08-13,Customer_0443,Data Logger,Data Solutions,East,Vikram,13,6549.14,0.05,80881.88,53637.46,27244.42,0.3368,2025-08
ORD00390,2025-08-13,Customer_0443,Smart Meter,Energy Management,Central,Rohan,8,7756.18,0.2,49639.55,42193.62,7445.93,0.15,2025-08
ORD02354,2025-08-13,Customer_0077,Smart Meter,Energy Management,South,Priya,13,8400.58,0.1,98286.79,74261.13,24025.66,0.2444,2025-08
ORD04723,2025-08-13,Customer_0064,IoT Gateway,IoT Devices,North,Ananya,6,16310.54,0.15,83183.75,58717.94,24465.81,0.2941,2025-08
ORD01404,2025-08-14,Customer_0112,Network Controller,Networking,Central,Rohan,4,19639.47,0.1,70702.09,45563.57,25138.52,0.3556,2025-08
ORD03601,2025-08-14,Customer_0293,Communication Module,IoT Devices,West,Priya,7,3996.19,0.15,23777.33,17343.46,6433.87,0.2706,2025-08
ORD00430,2025-08-14,Customer_0046,Analytics License,Software,Central,Kavya,15,21358.78,0.2,256305.36,112133.59,144171.77,0.5625,2025-08
ORD01002,2025-08-14,Customer_0453,Communication Module,IoT Devices,South,Ananya,6,4272.87,0.0,25637.22,15895.08,9742.14,0.38,2025-08
ORD02577,2025-08-14,Customer_0198,Smart Meter,Energy Management,North,Arjun,14,7926.96,0.05,105428.57,75464.66,29963.91,0.2842,2025-08
ORD01356,2025-08-14,Customer_0117,Data Logger,Data Solutions,East,Meera,12,6513.72,0.15,66439.94,49243.72,17196.22,0.2588,2025-08
ORD01272,2025-08-14,Customer_0103,Communication Module,IoT Devices,East,Rahul,17,4183.99,0.1,64015.05,44099.25,19915.79,0.3111,2025-08
ORD00971,2025-08-14,Customer_0190,Data Logger,Data Solutions,West,Arjun,7,7081.83,0.05,47094.17,31230.87,15863.3,0.3368,2025-08
ORD04041,2025-08-14,Customer_0180,IoT Gateway,IoT Devices,East,Priya,10,13697.47,0.15,116428.49,82184.82,34243.67,0.2941,2025-08
ORD02226,2025-08-14,Customer_0145,Data Logger,Data Solutions,Central,Ananya,4,7264.02,0.2,23244.86,18305.33,4939.53,0.2125,2025-08
ORD00813,2025-08-14,Customer_0255,Cloud Platform,Software,Central,Priya,9,35651.39,0.1,288776.26,96258.75,192517.51,0.6667,2025-08
ORD04200,2025-08-14,Customer_0304,Energy Monitor,Energy Management,West,Ananya,18,7622.47,0.15,116623.79,87810.85,28812.94,0.2471,2025-08
ORD00703,2025-08-14,Customer_0182,Network Controller,Networking,East,Vikram,19,19641.06,0.15,317203.12,216444.48,100758.64,0.3176,2025-08
ORD03055,2025-08-14,Customer_0207,Energy Monitor,Energy Management,East,Meera,17,7489.35,0.1,114587.06,81484.13,33102.93,0.2889,2025-08
ORD02396,2025-08-14,Customer_0498,IoT Gateway,IoT Devices,North,Aarav,12,13729.76,0.15,140043.55,98854.27,41189.28,0.2941,2025-08
ORD04502,2025-08-14,Customer_0463,Cloud Platform,Software,Central,Priya,14,32788.33,0.2,367229.3,137710.99,229518.31,0.625,2025-08
ORD04261,2025-08-14,Customer_0145,Cloud Platform,Software,South,Aarav,1,33182.25,0.1,29864.02,9954.67,19909.35,0.6667,2025-08
ORD02696,2025-08-15,Customer_0359,Network Controller,Networking,West,Meera,1,18475.18,0.15,15703.9,10715.6,4988.3,0.3176,2025-08
ORD02427,2025-08-15,Customer_0378,Data Logger,Data Solutions,Central,Rahul,5,6766.41,0.15,28757.24,21314.19,7443.05,0.2588,2025-08
ORD04536,2025-08-15,Customer_0044,Communication Module,IoT Devices,South,Aarav,1,4044.83,0.1,3640.35,2507.79,1132.55,0.3111,2025-08
ORD01964,2025-08-15,Customer_0073,Energy Monitor,Energy Management,North,Arjun,4,6926.07,0.05,26319.07,17730.74,8588.33,0.3263,2025-08
ORD00559,2025-08-15,Customer_0196,Network Controller,Networking,East,Vikram,16,18155.18,0.05,275958.74,168480.07,107478.67,0.3895,2025-08
ORD04417,2025-08-15,Customer_0194,Network Controller,Networking,Central,Rahul,17,17138.61,0.05,276788.55,168986.69,107801.86,0.3895,2025-08
ORD03770,2025-08-15,Customer_0345,Energy Monitor,Energy Management,South,Rahul,10,7524.08,0.05,71478.76,48154.11,23324.65,0.3263,2025-08
ORD02215,2025-08-15,Customer_0500,Smart Sensor,IoT Devices,West,Meera,12,5848.84,0.2,56148.86,42813.51,13335.36,0.2375,2025-08
ORD03447,2025-08-15,Customer_0375,Energy Monitor,Energy Management,South,Rohan,19,6891.94,0.0,130946.86,83805.99,47140.87,0.36,2025-08
ORD01646,2025-08-15,Customer_0500,Energy Monitor,Energy Management,North,Kavya,6,7230.45,0.25,32537.02,27764.93,4772.1,0.1467,2025-08
ORD03953,2025-08-15,Customer_0146,Communication Module,IoT Devices,South,Ananya,20,4496.88,0.05,85440.72,55761.31,29679.41,0.3474,2025-08
ORD03641,2025-08-15,Customer_0246,Smart Sensor,IoT Devices,South,Sneha,20,5309.26,0.15,90257.42,64772.97,25484.45,0.2824,2025-08
ORD00589,2025-08-15,Customer_0242,Data Logger,Data Solutions,South,Vikram,8,7013.56,0.2,44886.78,35348.34,9538.44,0.2125,2025-08
ORD02584,2025-08-15,Customer_0466,Smart Sensor,IoT Devices,West,Rohan,20,5516.25,0.2,88260.0,67298.25,20961.75,0.2375,2025-08
ORD01162,2025-08-15,Customer_0495,Smart Sensor,IoT Devices,West,Rahul,6,5614.41,0.2,26949.17,20548.74,6400.43,0.2375,2025-08
ORD04080,2025-08-15,Customer_0238,Smart Meter,Energy Management,North,Rahul,15,8751.79,0.0,131276.85,89268.26,42008.59,0.32,2025-08
ORD02491,2025-08-16,Customer_0391,Energy Monitor,Energy Management,South,Kavya,16,7269.17,0.1,104676.05,74436.3,30239.75,0.2889,2025-08
ORD02073,2025-08-16,Customer_0041,Smart Sensor,IoT Devices,East,Priya,10,5005.63,0.1,45050.67,30534.34,14516.33,0.3222,2025-08
ORD01706,2025-08-16,Customer_0276,Advanced Meter,Energy Management,South,Meera,2,12037.64,0.1,21667.75,15648.93,6018.82,0.2778,2025-08
ORD02995,2025-08-16,Customer_0107,Analytics License,Software,North,Kavya,19,22684.05,0.15,366347.41,150848.93,215498.47,0.5882,2025-08
ORD04823,2025-08-16,Customer_0164,Cloud Platform,Software,South,Sneha,10,33988.96,0.0,339889.6,101966.88,237922.72,0.7,2025-08
ORD04032,2025-08-16,Customer_0015,Data Logger,Data Solutions,East,Arjun,15,7265.16,0.05,103528.53,68655.76,34872.77,0.3368,2025-08
ORD03216,2025-08-16,Customer_0430,Analytics License,Software,West,Kavya,4,22558.69,0.2,72187.81,31582.17,40605.64,0.5625,2025-08
ORD03149,2025-08-16,Customer_0422,IoT Gateway,IoT Devices,East,Arjun,20,15396.84,0.05,292539.96,184762.08,107777.88,0.3684,2025-08
ORD00737,2025-08-16,Customer_0370,Network Controller,Networking,South,Ananya,6,17049.71,0.05,97183.35,59332.99,37850.36,0.3895,2025-08
ORD02229,2025-08-16,Customer_0239,Communication Module,IoT Devices,Central,Sneha,10,3906.29,0.1,35156.61,24219.0,10937.61,0.3111,2025-08
ORD04139,2025-08-16,Customer_0408,Analytics License,Software,Central,Meera,1,24043.15,0.15,20436.68,8415.1,12021.58,0.5882,2025-08
ORD00077,2025-08-16,Customer_0461,Network Controller,Networking,West,Rahul,17,17685.12,0.1,270582.34,174375.28,96207.05,0.3556,2025-08
ORD04752,2025-08-16,Customer_0228,Advanced Meter,Energy Management,South,Aarav,20,11939.63,0.1,214913.34,155215.19,59698.15,0.2778,2025-08
ORD01177,2025-08-16,Customer_0121,Smart Sensor,IoT Devices,North,Sneha,8,5533.76,0.05,42056.58,27004.75,15051.83,0.3579,2025-08
ORD03660,2025-08-17,Customer_0036,Smart Sensor,IoT Devices,West,Sneha,12,5008.49,0.1,54091.69,36662.15,17429.55,0.3222,2025-08
ORD03627,2025-08-17,Customer_0243,Smart Meter,Energy Management,South,Ananya,8,7683.99,0.15,52251.13,41800.91,10450.23,0.2,2025-08
ORD01423,2025-08-17,Customer_0236,Network Controller,Networking,South,Meera,2,18663.47,0.1,33594.25,21649.63,11944.62,0.3556,2025-08
ORD00916,2025-08-17,Customer_0135,Smart Meter,Energy Management,South,Ananya,19,8107.62,0.25,115533.58,104750.45,10783.13,0.0933,2025-08
ORD04039,2025-08-17,Customer_0433,IoT Gateway,IoT Devices,West,Sneha,19,15224.38,0.05,274800.06,173557.93,101242.13,0.3684,2025-08
ORD01780,2025-08-17,Customer_0113,IoT Gateway,IoT Devices,North,Aarav,20,15924.5,0.0,318490.0,191094.0,127396.0,0.4,2025-08
ORD04518,2025-08-17,Customer_0103,Smart Sensor,IoT Devices,South,Ananya,19,5316.04,0.1,90904.28,61612.9,29291.38,0.3222,2025-08
ORD00213,2025-08-17,Customer_0440,Communication Module,IoT Devices,West,Rohan,5,4053.16,0.15,17225.93,12564.8,4661.13,0.2706,2025-08
ORD00248,2025-08-17,Customer_0353,Energy Monitor,Energy Management,East,Kavya,1,7337.88,0.1,6604.09,4696.24,1907.85,0.2889,2025-08
ORD00568,2025-08-17,Customer_0375,Cloud Platform,Software,South,Kavya,17,36907.61,0.15,533314.96,188228.81,345086.15,0.6471,2025-08
ORD03556,2025-08-17,Customer_0082,Analytics License,Software,Central,Aarav,20,19932.62,0.05,378719.78,139528.34,239191.44,0.6316,2025-08
ORD01565,2025-08-17,Customer_0109,Cloud Platform,Software,South,Rahul,20,35174.54,0.1,633141.72,211047.24,422094.48,0.6667,2025-08
ORD03028,2025-08-17,Customer_0442,Network Controller,Networking,East,Vikram,8,19345.82,0.25,116074.92,89764.6,26310.32,0.2267,2025-08
ORD00299,2025-08-17,Customer_0376,Energy Monitor,Energy Management,South,Priya,16,6804.63,0.15,92542.97,69679.41,22863.56,0.2471,2025-08
ORD00112,2025-08-17,Customer_0165,Network Controller,Networking,Central,Rahul,14,19608.29,0.2,219612.85,159219.31,60393.53,0.275,2025-08
ORD03960,2025-08-17,Customer_0325,Network Controller,Networking,West,Arjun,17,19810.17,0.2,269418.31,195328.28,74090.04,0.275,2025-08
ORD02662,2025-08-17,Customer_0189,Cloud Platform,Software,Central,Arjun,1,36380.92,0.0,36380.92,10914.28,25466.64,0.7,2025-08
ORD04802,2025-08-17,Customer_0075,Advanced Meter,Energy Management,West,Vikram,16,12520.23,0.1,180291.31,130210.39,50080.92,0.2778,2025-08
ORD02076,2025-08-18,Customer_0442,Network Controller,Networking,East,Rahul,8,17791.16,0.15,120979.89,82550.98,38428.91,0.3176,2025-08
ORD03166,2025-08-18,Customer_0380,IoT Gateway,IoT Devices,South,Arjun,3,14534.82,0.15,37063.79,26162.68,10901.11,0.2941,2025-08
ORD03218,2025-08-18,Customer_0333,Communication Module,IoT Devices,Central,Meera,9,4138.85,0.1,33524.69,23094.78,10429.9,0.3111,2025-08
ORD02944,2025-08-18,Customer_0450,Smart Meter,Energy Management,East,Kavya,6,9186.94,0.0,55121.64,37482.72,17638.92,0.32,2025-08
ORD00271,2025-08-18,Customer_0376,Analytics License,Software,Central,Aarav,15,22361.45,0.15,285108.49,117397.61,167710.88,0.5882,2025-08
ORD01668,2025-08-18,Customer_0078,Network Controller,Networking,North,Sneha,18,19469.67,0.25,262840.54,203263.35,59577.19,0.2267,2025-08
ORD04331,2025-08-18,Customer_0043,Analytics License,Software,South,Sneha,9,20367.73,0.2,146647.66,64158.35,82489.31,0.5625,2025-08
ORD02212,2025-08-18,Customer_0182,Smart Meter,Energy Management,North,Rahul,9,8660.03,0.05,74043.26,52999.38,21043.87,0.2842,2025-08
ORD01141,2025-08-18,Customer_0088,IoT Gateway,IoT Devices,North,Kavya,16,15464.72,0.1,222691.97,148461.31,74230.66,0.3333,2025-08
ORD02397,2025-08-18,Customer_0209,Communication Module,IoT Devices,East,Rahul,13,4388.76,0.1,51348.49,35373.41,15975.09,0.3111,2025-08
ORD00250,2025-08-18,Customer_0381,Energy Monitor,Energy Management,South,Rahul,8,7417.26,0.1,53404.27,37976.37,15427.9,0.2889,2025-08
ORD04704,2025-08-18,Customer_0062,Data Logger,Data Solutions,East,Ananya,5,6736.89,0.1,30316.01,21221.2,9094.8,0.3,2025-08
ORD03417,2025-08-19,Customer_0284,Advanced Meter,Energy Management,West,Aarav,7,13267.03,0.25,69651.91,60364.99,9286.92,0.1333,2025-08
ORD01106,2025-08-19,Customer_0462,Analytics License,Software,West,Rohan,17,24058.06,0.05,388537.67,143145.46,245392.21,0.6316,2025-08
ORD03845,2025-08-19,Customer_0104,Smart Sensor,IoT Devices,North,Sneha,3,6001.86,0.2,14404.46,10983.4,3421.06,0.2375,2025-08
ORD00992,2025-08-19,Customer_0457,Cloud Platform,Software,North,Priya,10,34627.49,0.1,311647.41,103882.47,207764.94,0.6667,2025-08
ORD01776,2025-08-19,Customer_0446,Data Logger,Data Solutions,South,Sneha,9,6808.14,0.1,55145.93,38602.15,16543.78,0.3,2025-08
ORD01185,2025-08-19,Customer_0425,Network Controller,Networking,East,Arjun,16,19504.81,0.2,249661.57,181004.64,68656.93,0.275,2025-08
ORD00823,2025-08-19,Customer_0475,Network Controller,Networking,West,Rahul,5,18315.87,0.05,87000.38,53116.02,33884.36,0.3895,2025-08
ORD04747,2025-08-19,Customer_0431,Analytics License,Software,South,Kavya,15,22174.66,0.0,332619.9,116416.96,216202.94,0.65,2025-08
ORD04409,2025-08-19,Customer_0108,Cloud Platform,Software,Central,Priya,16,37705.7,0.1,542962.08,180987.36,361974.72,0.6667,2025-08
ORD01217,2025-08-19,Customer_0217,Communication Module,IoT Devices,Central,Priya,17,4296.68,0.1,65739.2,45287.01,20452.2,0.3111,2025-08
ORD04662,2025-08-19,Customer_0075,Smart Sensor,IoT Devices,North,Sneha,9,5869.06,0.1,47539.39,32221.14,15318.25,0.3222,2025-08
ORD02889,2025-08-19,Customer_0476,Advanced Meter,Energy Management,Central,Kavya,11,11624.93,0.05,121480.52,83118.25,38362.27,0.3158,2025-08
ORD03810,2025-08-19,Customer_0463,Smart Sensor,IoT Devices,South,Ananya,7,5984.67,0.05,39798.06,25554.54,14243.51,0.3579,2025-08
ORD03714,2025-08-19,Customer_0047,Analytics License,Software,South,Aarav,2,22407.4,0.0,44814.8,15685.18,29129.62,0.65,2025-08
ORD01839,2025-08-19,Customer_0264,Cloud Platform,Software,South,Ananya,14,32857.49,0.05,437004.62,138001.46,299003.16,0.6842,2025-08
ORD00350,2025-08-20,Customer_0179,Analytics License,Software,West,Rohan,19,21759.08,0.15,351409.14,144697.88,206711.26,0.5882,2025-08
ORD04645,2025-08-20,Customer_0294,Smart Sensor,IoT Devices,North,Sneha,14,5402.92,0.05,71858.84,46140.94,25717.9,0.3579,2025-08
ORD04030,2025-08-20,Customer_0105,IoT Gateway,IoT Devices,South,Aarav,12,14798.91,0.0,177586.92,106552.15,71034.77,0.4,2025-08
ORD03518,2025-08-20,Customer_0077,Smart Meter,Energy Management,North,Vikram,5,7780.03,0.05,36955.14,26452.1,10503.04,0.2842,2025-08
ORD02559,2025-08-20,Customer_0186,Cloud Platform,Software,East,Sneha,7,33494.78,0.1,211017.11,70339.04,140678.08,0.6667,2025-08
ORD03678,2025-08-20,Customer_0419,Cloud Platform,Software,North,Rohan,14,33779.63,0.05,449269.08,141874.45,307394.63,0.6842,2025-08
ORD03546,2025-08-20,Customer_0177,Smart Sensor,IoT Devices,Central,Aarav,16,5651.48,0.25,67817.76,55158.44,12659.32,0.1867,2025-08
ORD04132,2025-08-20,Customer_0229,Network Controller,Networking,North,Aarav,5,18886.22,0.2,75544.88,54770.04,20774.84,0.275,2025-08
ORD04267,2025-08-20,Customer_0304,Cloud Platform,Software,South,Kavya,3,35365.93,0.0,106097.79,31829.34,74268.45,0.7,2025-08
ORD03826,2025-08-20,Customer_0032,Smart Sensor,IoT Devices,Central,Meera,19,5435.11,0.15,87777.03,62992.92,24784.1,0.2824,2025-08
ORD00529,2025-08-20,Customer_0258,Energy Monitor,Energy Management,East,Aarav,7,7914.47,0.2,44321.03,35456.83,8864.21,0.2,2025-08
ORD01586,2025-08-20,Customer_0036,Analytics License,Software,North,Vikram,7,21977.1,0.2,123071.76,53843.89,69227.87,0.5625,2025-08
ORD04343,2025-08-20,Customer_0087,Smart Sensor,IoT Devices,South,Sneha,20,5583.43,0.15,94918.31,68117.85,26800.46,0.2824,2025-08
ORD01784,2025-08-20,Customer_0270,IoT Gateway,IoT Devices,West,Priya,14,13802.08,0.1,173906.21,115937.47,57968.74,0.3333,2025-08
ORD01690,2025-08-20,Customer_0113,Data Logger,Data Solutions,West,Rahul,5,6501.6,0.1,29257.2,20480.04,8777.16,0.3,2025-08
ORD02462,2025-08-21,Customer_0049,Cloud Platform,Software,West,Meera,3,36553.47,0.15,93211.35,32898.12,60313.23,0.6471,2025-08
ORD01617,2025-08-21,Customer_0126,Analytics License,Software,Central,Arjun,11,23731.15,0.05,247990.52,91364.93,156625.59,0.6316,2025-08
ORD00031,2025-08-21,Customer_0404,Network Controller,Networking,North,Ananya,3,19241.32,0.2,46179.17,33479.9,12699.27,0.275,2025-08
ORD01161,2025-08-21,Customer_0213,Data Logger,Data Solutions,South,Vikram,4,7005.13,0.0,28020.52,17652.93,10367.59,0.37,2025-08
ORD04219,2025-08-21,Customer_0426,Smart Meter,Energy Management,Central,Ananya,18,9158.71,0.15,140128.26,112102.61,28025.65,0.2,2025-08
ORD00512,2025-08-21,Customer_0450,Analytics License,Software,North,Rahul,7,21785.69,0.05,144874.84,53374.94,91499.9,0.6316,2025-08
ORD00426,2025-08-21,Customer_0362,Analytics License,Software,North,Meera,17,20791.68,0.05,335785.63,123710.5,212075.14,0.6316,2025-08
ORD04995,2025-08-21,Customer_0422,Cloud Platform,Software,East,Rahul,12,34819.72,0.2,334269.31,125350.99,208918.32,0.625,2025-08
ORD03498,2025-08-21,Customer_0394,Smart Sensor,IoT Devices,East,Rahul,17,5883.79,0.1,90021.99,61014.9,29007.08,0.3222,2025-08
ORD01637,2025-08-21,Customer_0184,Energy Monitor,Energy Management,North,Meera,14,7218.55,0.15,85900.74,64678.21,21222.54,0.2471,2025-08
ORD02439,2025-08-21,Customer_0255,Cloud Platform,Software,South,Rahul,19,32334.71,0.1,552923.54,184307.85,368615.69,0.6667,2025-08
ORD03437,2025-08-21,Customer_0185,Analytics License,Software,Central,Rahul,6,23592.94,0.1,127401.88,49545.17,77856.7,0.6111,2025-08
ORD04647,2025-08-21,Customer_0091,Data Logger,Data Solutions,West,Sneha,11,7046.16,0.1,69756.98,48829.89,20927.1,0.3,2025-08
ORD04274,2025-08-22,Customer_0333,Smart Sensor,IoT Devices,South,Priya,12,5673.34,0.05,64676.08,41528.85,23147.23,0.3579,2025-08
ORD02232,2025-08-22,Customer_0483,IoT Gateway,IoT Devices,West,Arjun,15,14888.49,0.25,167495.51,133996.41,33499.1,0.2,2025-08
ORD03263,2025-08-22,Customer_0463,Cloud Platform,Software,West,Rohan,17,33917.34,0.1,518935.3,172978.43,345956.87,0.6667,2025-08
ORD01315,2025-08-22,Customer_0136,Network Controller,Networking,North,Priya,12,19199.7,0.1,207356.76,133629.91,73726.85,0.3556,2025-08
ORD02173,2025-08-22,Customer_0095,Communication Module,IoT Devices,South,Rahul,15,4059.03,0.0,60885.45,37748.98,23136.47,0.38,2025-08
ORD00021,2025-08-22,Customer_0160,Communication Module,IoT Devices,North,Sneha,12,3985.07,0.05,45429.8,29648.92,15780.88,0.3474,2025-08
ORD03163,2025-08-22,Customer_0493,Communication Module,IoT Devices,South,Vikram,20,3845.08,0.1,69211.44,47678.99,21532.45,0.3111,2025-08
ORD02008,2025-08-22,Customer_0076,Energy Monitor,Energy Management,North,Meera,8,7761.75,0.1,55884.6,39740.16,16144.44,0.2889,2025-08
ORD01224,2025-08-22,Customer_0491,Advanced Meter,Energy Management,East,Rohan,16,12269.71,0.15,166868.06,127604.98,39263.07,0.2353,2025-08
ORD01275,2025-08-23,Customer_0268,Network Controller,Networking,North,Ananya,19,17478.13,0.05,315480.25,192608.99,122871.25,0.3895,2025-08
ORD01982,2025-08-23,Customer_0058,Data Logger,Data Solutions,North,Aarav,7,6912.5,0.1,43548.75,30484.12,13064.62,0.3,2025-08
ORD01234,2025-08-23,Customer_0351,Cloud Platform,Software,West,Rohan,20,32256.54,0.1,580617.72,193539.24,387078.48,0.6667,2025-08
ORD02520,2025-08-23,Customer_0132,Analytics License,Software,West,Kavya,8,21234.5,0.15,144394.6,59456.6,84938.0,0.5882,2025-08
ORD00289,2025-08-23,Customer_0463,Analytics License,Software,West,Priya,13,20525.19,0.0,266827.47,93389.61,173437.86,0.65,2025-08
ORD03747,2025-08-23,Customer_0276,Cloud Platform,Software,North,Arjun,10,34941.96,0.15,297006.66,104825.88,192180.78,0.6471,2025-08
ORD02334,2025-08-23,Customer_0355,Smart Sensor,IoT Devices,East,Sneha,5,5659.99,0.2,22639.96,17262.97,5376.99,0.2375,2025-08
ORD01510,2025-08-23,Customer_0373,Communication Module,IoT Devices,West,Sneha,1,4459.59,0.15,3790.65,2764.95,1025.71,0.2706,2025-08
ORD01218,2025-08-23,Customer_0226,Smart Meter,Energy Management,South,Kavya,11,8722.76,0.25,71962.77,65246.24,6716.53,0.0933,2025-08
ORD00432,2025-08-23,Customer_0333,Energy Monitor,Energy Management,South,Kavya,12,7694.86,0.25,69253.74,59096.52,10157.22,0.1467,2025-08
ORD03182,2025-08-23,Customer_0124,Communication Module,IoT Devices,West,Sneha,10,4044.2,0.15,34375.7,25074.04,9301.66,0.2706,2025-08
ORD03430,2025-08-24,Customer_0284,Energy Monitor,Energy Management,West,Vikram,11,7762.85,0.0,85391.35,54650.46,30740.89,0.36,2025-08
ORD00164,2025-08-24,Customer_0359,Energy Monitor,Energy Management,West,Arjun,15,7053.53,0.0,105802.95,67713.89,38089.06,0.36,2025-08
ORD01913,2025-08-24,Customer_0158,Cloud Platform,Software,East,Aarav,4,35685.19,0.15,121329.65,42822.23,78507.42,0.6471,2025-08
ORD04347,2025-08-24,Customer_0425,Smart Meter,Energy Management,North,Vikram,2,7751.49,0.05,14727.83,10542.03,4185.8,0.2842,2025-08
ORD03405,2025-08-24,Customer_0255,Energy Monitor,Energy Management,Central,Rahul,9,7488.41,0.2,53916.55,43133.24,10783.31,0.2,2025-08
ORD00789,2025-08-24,Customer_0343,Data Logger,Data Solutions,North,Aarav,18,6214.82,0.2,89493.41,70476.06,19017.35,0.2125,2025-08
ORD01639,2025-08-24,Customer_0296,Network Controller,Networking,East,Kavya,6,19387.25,0.15,98874.98,67467.63,31407.34,0.3176,2025-08
ORD01238,2025-08-24,Customer_0311,Energy Monitor,Energy Management,East,Priya,13,7379.92,0.15,81548.12,61400.93,20147.18,0.2471,2025-08
ORD01354,2025-08-24,Customer_0348,Communication Module,IoT Devices,North,Meera,8,4175.78,0.1,30065.62,20711.87,9353.75,0.3111,2025-08
ORD01718,2025-08-24,Customer_0319,IoT Gateway,IoT Devices,Central,Ananya,6,15223.29,0.15,77638.78,54803.84,22834.94,0.2941,2025-08
ORD01325,2025-08-24,Customer_0099,Data Logger,Data Solutions,West,Arjun,16,6683.0,0.1,96235.2,67364.64,28870.56,0.3,2025-08
ORD00085,2025-08-24,Customer_0401,Analytics License,Software,Central,Arjun,5,20189.0,0.15,85803.25,35330.75,50472.5,0.5882,2025-08
ORD02326,2025-08-24,Customer_0190,Smart Sensor,IoT Devices,Central,Kavya,5,5347.07,0.0,26735.35,16308.56,10426.79,0.39,2025-08
ORD03853,2025-08-25,Customer_0108,Smart Meter,Energy Management,Central,Meera,5,8160.44,0.05,38762.09,27745.5,11016.59,0.2842,2025-08
ORD00885,2025-08-25,Customer_0331,IoT Gateway,IoT Devices,West,Meera,9,13999.51,0.15,107096.25,75597.35,31498.9,0.2941,2025-08
ORD04321,2025-08-25,Customer_0332,Data Logger,Data Solutions,East,Rahul,18,7337.53,0.1,118867.99,83207.59,35660.4,0.3,2025-08
ORD03711,2025-08-25,Customer_0068,Communication Module,IoT Devices,East,Meera,6,4430.56,0.15,22595.86,16481.68,6114.17,0.2706,2025-08
ORD00017,2025-08-25,Customer_0160,Cloud Platform,Software,East,Rahul,15,36788.86,0.05,524241.26,165549.87,358691.38,0.6842,2025-08
ORD03649,2025-08-25,Customer_0010,Data Logger,Data Solutions,South,Rohan,8,7014.38,0.25,42086.28,35352.48,6733.8,0.16,2025-08
ORD02652,2025-08-25,Customer_0062,Analytics License,Software,North,Rahul,2,20091.95,0.0,40183.9,14064.36,26119.54,0.65,2025-08
ORD03979,2025-08-25,Customer_0175,Advanced Meter,Energy Management,East,Rohan,10,12516.41,0.1,112647.69,81356.67,31291.02,0.2778,2025-08
ORD00445,2025-08-25,Customer_0139,Advanced Meter,Energy Management,East,Arjun,9,13626.15,0.1,110371.81,79712.98,30658.84,0.2778,2025-08
ORD01143,2025-08-25,Customer_0458,Network Controller,Networking,West,Sneha,3,18568.42,0.1,50134.73,32309.05,17825.68,0.3556,2025-08
ORD01473,2025-08-25,Customer_0446,Data Logger,Data Solutions,North,Rohan,16,6752.45,0.15,91833.32,68064.7,23768.62,0.2588,2025-08
ORD03401,2025-08-25,Customer_0425,Advanced Meter,Energy Management,Central,Rohan,11,11808.6,0.15,110410.41,84431.49,25978.92,0.2353,2025-08
ORD03205,2025-08-25,Customer_0419,Smart Sensor,IoT Devices,East,Vikram,13,5037.94,0.1,58943.9,39950.86,18993.03,0.3222,2025-08
ORD02762,2025-08-25,Customer_0016,Advanced Meter,Energy Management,West,Ananya,13,13325.81,0.2,138588.42,112603.09,25985.33,0.1875,2025-08
ORD03085,2025-08-26,Customer_0178,Smart Meter,Energy Management,South,Rohan,14,7666.8,0.05,101968.44,72987.94,28980.5,0.2842,2025-08
ORD00828,2025-08-26,Customer_0156,Energy Monitor,Energy Management,Central,Ananya,20,7132.07,0.05,135509.33,91290.5,44218.83,0.3263,2025-08
ORD03984,2025-08-26,Customer_0236,Analytics License,Software,South,Kavya,20,24110.64,0.05,458102.16,168774.48,289327.68,0.6316,2025-08
ORD00947,2025-08-26,Customer_0417,Cloud Platform,Software,Central,Kavya,1,37323.59,0.1,33591.23,11197.08,22394.15,0.6667,2025-08
ORD04838,2025-08-26,Customer_0219,Data Logger,Data Solutions,Central,Vikram,14,6388.39,0.15,76021.84,56345.6,19676.24,0.2588,2025-08
ORD01307,2025-08-26,Customer_0083,Communication Module,IoT Devices,West,Rahul,7,4424.03,0.25,23226.16,19200.29,4025.87,0.1733,2025-08
ORD01041,2025-08-26,Customer_0299,Analytics License,Software,Central,Arjun,1,20826.03,0.2,16660.82,7289.11,9371.71,0.5625,2025-08
ORD04173,2025-08-26,Customer_0468,Cloud Platform,Software,West,Meera,4,31760.88,0.2,101634.82,38113.06,63521.76,0.625,2025-08
ORD01675,2025-08-26,Customer_0360,Smart Sensor,IoT Devices,Central,Arjun,19,5323.0,0.15,85966.45,61693.57,24272.88,0.2824,2025-08
ORD01476,2025-08-26,Customer_0356,Cloud Platform,Software,West,Ananya,7,34528.21,0.1,217527.72,72509.24,145018.48,0.6667,2025-08
ORD02040,2025-08-26,Customer_0201,Communication Module,IoT Devices,West,Meera,1,4268.7,0.1,3841.83,2646.59,1195.24,0.3111,2025-08
ORD00783,2025-08-26,Customer_0145,Cloud Platform,Software,East,Rahul,2,31869.79,0.15,54178.64,19121.87,35056.77,0.6471,2025-08
ORD03617,2025-08-26,Customer_0305,Smart Meter,Energy Management,South,Sneha,18,7967.26,0.1,129069.61,97519.26,31550.35,0.2444,2025-08
ORD01869,2025-08-27,Customer_0499,Energy Monitor,Energy Management,Central,Aarav,10,7732.53,0.1,69592.77,49488.19,20104.58,0.2889,2025-08
ORD02407,2025-08-27,Customer_0337,Energy Monitor,Energy Management,North,Kavya,13,6563.61,0.2,68261.54,54609.24,13652.31,0.2,2025-08
ORD01833,2025-08-27,Customer_0373,Communication Module,IoT Devices,South,Kavya,10,3944.03,0.0,39440.3,24452.99,14987.31,0.38,2025-08
ORD01135,2025-08-27,Customer_0059,Smart Meter,Energy Management,West,Aarav,1,8619.53,0.0,8619.53,5861.28,2758.25,0.32,2025-08
ORD02859,2025-08-27,Customer_0463,Communication Module,IoT Devices,East,Arjun,12,4478.0,0.1,48362.4,33316.32,15046.08,0.3111,2025-08
ORD01669,2025-08-27,Customer_0193,IoT Gateway,IoT Devices,South,Sneha,15,14226.98,0.15,181393.99,128042.82,53351.17,0.2941,2025-08
ORD01749,2025-08-27,Customer_0082,Communication Module,IoT Devices,East,Kavya,5,4224.45,0.2,16897.8,13095.8,3802.0,0.225,2025-08
ORD01740,2025-08-27,Customer_0437,Network Controller,Networking,South,Ananya,14,19328.07,0.2,216474.38,156943.93,59530.46,0.275,2025-08
ORD03136,2025-08-27,Customer_0011,Analytics License,Software,East,Priya,1,24101.79,0.0,24101.79,8435.63,15666.16,0.65,2025-08
ORD02265,2025-08-27,Customer_0411,Analytics License,Software,South,Priya,8,20539.63,0.05,156101.19,57510.96,98590.22,0.6316,2025-08
ORD03724,2025-08-27,Customer_0499,Analytics License,Software,Central,Kavya,1,22234.36,0.05,21122.64,7782.03,13340.62,0.6316,2025-08
ORD02280,2025-08-27,Customer_0175,Smart Meter,Energy Management,South,Sneha,10,9146.63,0.0,91466.3,62197.08,29269.22,0.32,2025-08
ORD02318,2025-08-27,Customer_0324,Analytics License,Software,Central,Meera,5,20089.0,0.05,95422.75,35155.75,60267.0,0.6316,2025-08
ORD03279,2025-08-28,Customer_0114,Smart Meter,Energy Management,Central,Rahul,15,8782.84,0.15,111981.21,89584.97,22396.24,0.2,2025-08
ORD02926,2025-08-28,Customer_0115,Smart Sensor,IoT Devices,West,Rohan,1,5256.42,0.1,4730.78,3206.42,1524.36,0.3222,2025-08
ORD04110,2025-08-28,Customer_0411,Network Controller,Networking,East,Aarav,5,18308.76,0.25,68657.85,53095.4,15562.45,0.2267,2025-08
ORD03765,2025-08-28,Customer_0152,Advanced Meter,Energy Management,North,Ananya,16,13326.96,0.05,202569.79,138600.38,63969.41,0.3158,2025-08
ORD03309,2025-08-28,Customer_0277,Communication Module,IoT Devices,South,Vikram,5,4293.09,0.15,18245.63,13308.58,4937.05,0.2706,2025-08
ORD04237,2025-08-28,Customer_0363,IoT Gateway,IoT Devices,South,Ananya,12,15373.46,0.0,184481.52,110688.91,73792.61,0.4,2025-08
ORD01867,2025-08-28,Customer_0231,Analytics License,Software,South,Kavya,7,19820.44,0.2,110994.46,48560.08,62434.39,0.5625,2025-08
ORD03352,2025-08-28,Customer_0485,Advanced Meter,Energy Management,Central,Aarav,15,13739.94,0.05,195794.14,133964.42,61829.73,0.3158,2025-08
ORD01277,2025-08-29,Customer_0416,Smart Sensor,IoT Devices,East,Kavya,16,5783.51,0.1,83282.54,56447.06,26835.49,0.3222,2025-08
ORD03965,2025-08-29,Customer_0029,Communication Module,IoT Devices,South,Arjun,1,4254.78,0.05,4042.04,2637.96,1404.08,0.3474,2025-08
ORD00429,2025-08-29,Customer_0459,Smart Sensor,IoT Devices,North,Priya,18,4958.63,0.15,75867.04,54445.76,21421.28,0.2824,2025-08
ORD02748,2025-08-29,Customer_0149,Smart Sensor,IoT Devices,East,Rahul,1,5914.75,0.1,5323.28,3608.0,1715.28,0.3222,2025-08
ORD00964,2025-08-29,Customer_0214,Communication Module,IoT Devices,East,Sneha,17,4482.61,0.1,68583.93,47246.71,21337.22,0.3111,2025-08
ORD04456,2025-08-29,Customer_0385,Communication Module,IoT Devices,Central,Rohan,10,4101.53,0.0,41015.3,25429.49,15585.81,0.38,2025-08
ORD02912,2025-08-29,Customer_0425,Advanced Meter,Energy Management,North,Rohan,6,11326.56,0.0,67959.36,44173.58,23785.78,0.35,2025-08
ORD03409,2025-08-29,Customer_0343,IoT Gateway,IoT Devices,North,Aarav,5,14230.45,0.1,64037.02,42691.35,21345.68,0.3333,2025-08
ORD01806,2025-08-29,Customer_0111,Smart Sensor,IoT Devices,North,Priya,15,5233.42,0.2,62801.04,47885.79,14915.25,0.2375,2025-08
ORD03650,2025-08-29,Customer_0372,Energy Monitor,Energy Management,South,Vikram,14,7542.28,0.0,105591.92,67578.83,38013.09,0.36,2025-08
ORD01249,2025-08-29,Customer_0128,IoT Gateway,IoT Devices,South,Kavya,13,14696.46,0.1,171948.58,114632.39,57316.19,0.3333,2025-08
ORD04555,2025-08-29,Customer_0409,Analytics License,Software,North,Priya,13,22886.13,0.2,238015.75,104131.89,133883.86,0.5625,2025-08
ORD00541,2025-08-30,Customer_0434,Analytics License,Software,West,Priya,15,21792.81,0.2,261513.72,114412.25,147101.47,0.5625,2025-08
ORD01006,2025-08-30,Customer_0023,Advanced Meter,Energy Management,North,Rahul,7,11486.7,0.0,80406.9,52264.49,28142.42,0.35,2025-08
ORD01173,2025-08-30,Customer_0127,Advanced Meter,Energy Management,Central,Rahul,9,12851.21,0.05,109877.85,75179.58,34698.27,0.3158,2025-08
ORD00058,2025-08-30,Customer_0093,Communication Module,IoT Devices,South,Meera,3,4062.71,0.15,10359.91,7556.64,2803.27,0.2706,2025-08
ORD01470,2025-08-30,Customer_0168,Smart Sensor,IoT Devices,East,Ananya,14,5300.57,0.1,66787.18,45266.87,21520.31,0.3222,2025-08
ORD00272,2025-08-30,Customer_0173,Data Logger,Data Solutions,West,Aarav,13,7447.19,0.2,77450.78,60992.49,16458.29,0.2125,2025-08
ORD00243,2025-08-30,Customer_0226,Cloud Platform,Software,North,Rohan,5,32676.1,0.15,138873.42,49014.15,89859.28,0.6471,2025-08
ORD01936,2025-08-30,Customer_0388,Energy Monitor,Energy Management,Central,Aarav,6,6861.93,0.0,41171.58,26349.81,14821.77,0.36,2025-08
ORD04887,2025-08-30,Customer_0271,Cloud Platform,Software,South,Vikram,17,37244.4,0.05,601497.06,189946.44,411550.62,0.6842,2025-08
ORD00388,2025-08-30,Customer_0082,Communication Module,IoT Devices,West,Rahul,17,4507.08,0.25,57465.27,47504.62,9960.65,0.1733,2025-08
ORD04271,2025-08-30,Customer_0184,Cloud Platform,Software,Central,Ananya,2,38227.26,0.25,57340.89,22936.36,34404.53,0.6,2025-08
ORD02068,2025-08-30,Customer_0218,Analytics License,Software,South,Vikram,19,20302.69,0.1,347176.0,135012.89,212163.11,0.6111,2025-08
ORD00120,2025-08-31,Customer_0069,Communication Module,IoT Devices,West,Meera,4,4235.89,0.05,16096.38,10505.01,5591.37,0.3474,2025-08
ORD04863,2025-08-31,Customer_0329,Smart Meter,Energy Management,West,Rohan,18,8307.39,0.05,142056.37,101682.45,40373.92,0.2842,2025-08
ORD01096,2025-08-31,Customer_0489,Energy Monitor,Energy Management,Central,Priya,9,6889.38,0.1,55803.98,39682.83,16121.15,0.2889,2025-08
ORD02203,2025-08-31,Customer_0077,Analytics License,Software,North,Arjun,9,23901.98,0.2,172094.26,75291.24,96803.02,0.5625,2025-08
ORD04243,2025-08-31,Customer_0393,Analytics License,Software,East,Meera,14,20323.88,0.15,241854.17,99587.01,142267.16,0.5882,2025-08
ORD03745,2025-08-31,Customer_0187,Analytics License,Software,North,Arjun,3,20056.67,0.05,57161.51,21059.5,36102.01,0.6316,2025-08
ORD03148,2025-08-31,Customer_0028,Energy Monitor,Energy Management,West,Kavya,6,6484.96,0.2,31127.81,24902.25,6225.56,0.2,2025-08
ORD02350,2025-08-31,Customer_0111,Advanced Meter,Energy Management,East,Meera,10,12877.58,0.15,109459.43,83704.27,25755.16,0.2353,2025-08
ORD01349,2025-08-31,Customer_0029,IoT Gateway,IoT Devices,South,Rahul,8,16383.06,0.0,131064.48,78638.69,52425.79,0.4,2025-08
ORD01958,2025-08-31,Customer_0408,Communication Module,IoT Devices,Central,Ananya,5,3955.16,0.15,16809.43,12261.0,4548.43,0.2706,2025-08
ORD02241,2025-08-31,Customer_0015,Analytics License,Software,Central,Meera,10,22250.66,0.0,222506.6,77877.31,144629.29,0.65,2025-08
ORD03091,2025-08-31,Customer_0370,Advanced Meter,Energy Management,East,Priya,15,13313.95,0.05,189723.79,129811.01,59912.77,0.3158,2025-08
ORD01774,2025-09-01,Customer_0381,Cloud Platform,Software,Central,Ananya,15,36631.17,0.05,521994.17,164840.26,357153.91,0.6842,2025-09
ORD03910,2025-09-01,Customer_0181,Communication Module,IoT Devices,Central,Vikram,15,4096.7,0.05,58377.98,38099.31,20278.66,0.3474,2025-09
ORD03097,2025-09-01,Customer_0002,IoT Gateway,IoT Devices,East,Ananya,1,14661.36,0.0,14661.36,8796.82,5864.54,0.4,2025-09
ORD03382,2025-09-01,Customer_0245,Energy Monitor,Energy Management,Central,Kavya,9,7053.78,0.0,63484.02,40629.77,22854.25,0.36,2025-09
ORD03509,2025-09-01,Customer_0367,Network Controller,Networking,South,Ananya,12,18094.77,0.1,195423.52,125939.6,69483.92,0.3556,2025-09
ORD03966,2025-09-01,Customer_0233,Advanced Meter,Energy Management,West,Arjun,9,12312.79,0.2,88652.09,72029.82,16622.27,0.1875,2025-09
ORD01895,2025-09-01,Customer_0056,Data Logger,Data Solutions,North,Meera,6,6612.72,0.1,35708.69,24996.08,10712.61,0.3,2025-09
ORD04881,2025-09-01,Customer_0279,Analytics License,Software,North,Meera,15,22888.9,0.25,257500.12,120166.72,137333.4,0.5333,2025-09
ORD00933,2025-09-01,Customer_0248,Smart Sensor,IoT Devices,Central,Vikram,3,5858.09,0.15,14938.13,10720.3,4217.82,0.2824,2025-09
ORD03075,2025-09-01,Customer_0167,Analytics License,Software,West,Aarav,17,22649.46,0.2,308032.66,134764.29,173268.37,0.5625,2025-09
ORD00483,2025-09-01,Customer_0073,Advanced Meter,Energy Management,East,Meera,15,11896.78,0.1,160606.53,115993.61,44612.93,0.2778,2025-09
ORD02006,2025-09-01,Customer_0436,Advanced Meter,Energy Management,South,Arjun,18,13429.69,0.1,217560.98,157127.37,60433.6,0.2778,2025-09
ORD02777,2025-09-01,Customer_0064,Smart Meter,Energy Management,North,Kavya,7,8437.54,0.0,59062.78,40162.69,18900.09,0.32,2025-09
ORD02798,2025-09-01,Customer_0453,Network Controller,Networking,West,Aarav,6,17279.55,0.0,103677.3,60132.83,43544.47,0.42,2025-09
ORD01084,2025-09-01,Customer_0334,Energy Monitor,Energy Management,East,Arjun,3,7154.12,0.2,17169.89,13735.91,3433.98,0.2,2025-09
ORD00005,2025-09-01,Customer_0329,Cloud Platform,Software,South,Sneha,3,37519.58,0.15,95674.93,33767.62,61907.31,0.6471,2025-09
ORD01359,2025-09-01,Customer_0256,Smart Meter,Energy Management,West,Ananya,11,7949.35,0.15,74326.42,59461.14,14865.28,0.2,2025-09
ORD00808,2025-09-01,Customer_0333,Data Logger,Data Solutions,South,Meera,3,6301.83,0.2,15124.39,11910.46,3213.93,0.2125,2025-09
ORD04689,2025-09-01,Customer_0054,Data Logger,Data Solutions,West,Rahul,8,6959.62,0.1,50109.26,35076.48,15032.78,0.3,2025-09
ORD04898,2025-09-01,Customer_0488,Smart Sensor,IoT Devices,West,Aarav,6,5404.28,0.15,27561.83,19779.66,7782.16,0.2824,2025-09
ORD01163,2025-09-01,Customer_0369,Smart Meter,Energy Management,North,Aarav,19,9343.7,0.2,142024.24,120720.6,21303.64,0.15,2025-09
ORD02974,2025-09-01,Customer_0229,Data Logger,Data Solutions,South,Vikram,11,6822.81,0.1,67545.82,47282.07,20263.75,0.3,2025-09
ORD04189,2025-09-02,Customer_0142,Network Controller,Networking,Central,Kavya,19,18688.7,0.0,355085.3,205949.47,149135.83,0.42,2025-09
ORD02786,2025-09-02,Customer_0149,Data Logger,Data Solutions,West,Ananya,7,6522.25,0.05,43372.96,28763.12,14609.84,0.3368,2025-09
ORD02087,2025-09-02,Customer_0175,Network Controller,Networking,Central,Arjun,5,19902.27,0.15,84584.65,57716.58,26868.06,0.3176,2025-09
ORD03180,2025-09-02,Customer_0049,Data Logger,Data Solutions,South,Arjun,20,7016.65,0.15,119283.05,88409.79,30873.26,0.2588,2025-09
ORD02275,2025-09-02,Customer_0374,Energy Monitor,Energy Management,Central,Arjun,2,7020.57,0.2,11232.91,8986.33,2246.58,0.2,2025-09
ORD01322,2025-09-02,Customer_0277,Smart Meter,Energy Management,North,Rohan,1,9312.59,0.25,6984.44,6332.56,651.88,0.0933,2025-09
ORD00485,2025-09-02,Customer_0063,Cloud Platform,Software,North,Vikram,15,36671.06,0.0,550065.9,165019.77,385046.13,0.7,2025-09
ORD00731,2025-09-02,Customer_0128,Data Logger,Data Solutions,North,Aarav,3,7337.28,0.2,17609.47,13867.46,3742.01,0.2125,2025-09
ORD04255,2025-09-02,Customer_0449,Data Logger,Data Solutions,South,Meera,12,6943.09,0.2,66653.66,52489.76,14163.9,0.2125,2025-09
ORD01681,2025-09-02,Customer_0103,Smart Meter,Energy Management,West,Arjun,10,8229.49,0.1,74065.41,55960.53,18104.88,0.2444,2025-09
ORD00619,2025-09-03,Customer_0079,Cloud Platform,Software,West,Aarav,2,31933.2,0.1,57479.76,19159.92,38319.84,0.6667,2025-09
ORD03594,2025-09-03,Customer_0336,Advanced Meter,Energy Management,West,Vikram,12,12533.48,0.15,127841.5,97761.14,30080.35,0.2353,2025-09
ORD03130,2025-09-03,Customer_0324,Data Logger,Data Solutions,Central,Arjun,1,7351.43,0.1,6616.29,4631.4,1984.89,0.3,2025-09
ORD04419,2025-09-03,Customer_0067,Cloud Platform,Software,East,Vikram,6,36998.58,0.25,166493.61,66597.44,99896.17,0.6,2025-09
ORD00967,2025-09-03,Customer_0363,Analytics License,Software,West,Ananya,1,23850.76,0.0,23850.76,8347.77,15502.99,0.65,2025-09
ORD04320,2025-09-03,Customer_0465,Cloud Platform,Software,North,Vikram,14,35102.25,0.1,442288.35,147429.45,294858.9,0.6667,2025-09
ORD03604,2025-09-03,Customer_0468,Analytics License,Software,West,Arjun,16,21384.48,0.05,325044.1,119753.09,205291.01,0.6316,2025-09
ORD00673,2025-09-03,Customer_0190,Cloud Platform,Software,Central,Priya,12,37200.71,0.05,424088.09,133922.56,290165.54,0.6842,2025-09
ORD00143,2025-09-03,Customer_0029,Network Controller,Networking,Central,Priya,11,18210.3,0.0,200313.3,116181.71,84131.59,0.42,2025-09
ORD00604,2025-09-03,Customer_0201,Communication Module,IoT Devices,Central,Priya,8,4202.04,0.15,28573.87,20842.12,7731.75,0.2706,2025-09
ORD01530,2025-09-03,Customer_0435,Smart Sensor,IoT Devices,South,Meera,16,6043.9,0.25,72526.8,58988.46,13538.34,0.1867,2025-09
ORD02098,2025-09-03,Customer_0434,Communication Module,IoT Devices,North,Arjun,19,4573.43,0.1,78205.65,53875.01,24330.65,0.3111,2025-09
ORD01696,2025-09-03,Customer_0330,Communication Module,IoT Devices,South,Rahul,16,4226.37,0.05,64240.82,41925.59,22315.23,0.3474,2025-09
ORD01988,2025-09-03,Customer_0213,Advanced Meter,Energy Management,South,Kavya,10,13561.08,0.15,115269.18,88147.02,27122.16,0.2353,2025-09
ORD00328,2025-09-03,Customer_0302,IoT Gateway,IoT Devices,North,Rohan,19,16147.25,0.2,245438.2,184078.65,61359.55,0.25,2025-09
ORD03125,2025-09-03,Customer_0233,Advanced Meter,Energy Management,West,Priya,3,12839.74,0.1,34667.3,25037.49,9629.8,0.2778,2025-09
ORD01230,2025-09-04,Customer_0284,Smart Meter,Energy Management,Central,Kavya,3,8400.61,0.1,22681.65,17137.24,5544.4,0.2444,2025-09
ORD04361,2025-09-04,Customer_0272,Data Logger,Data Solutions,West,Aarav,12,6600.02,0.2,63360.19,49896.15,13464.04,0.2125,2025-09
ORD01068,2025-09-04,Customer_0196,Smart Sensor,IoT Devices,South,Rohan,4,5508.26,0.1,19829.74,13440.15,6389.58,0.3222,2025-09
ORD00563,2025-09-04,Customer_0032,Energy Monitor,Energy Management,East,Meera,8,7014.48,0.15,47698.46,35914.14,11784.33,0.2471,2025-09
ORD00504,2025-09-04,Customer_0399,Cloud Platform,Software,West,Ananya,15,34237.23,0.05,487880.53,154067.54,333812.99,0.6842,2025-09
ORD02100,2025-09-04,Customer_0194,Energy Monitor,Energy Management,Central,Priya,9,6716.47,0.0,60448.23,38686.87,21761.36,0.36,2025-09
ORD02432,2025-09-04,Customer_0312,Network Controller,Networking,Central,Aarav,4,19636.59,0.1,70691.72,45556.89,25134.84,0.3556,2025-09
ORD00025,2025-09-04,Customer_0401,Analytics License,Software,Central,Sneha,4,20155.75,0.1,72560.7,28218.05,44342.65,0.6111,2025-09
ORD03655,2025-09-04,Customer_0251,Data Logger,Data Solutions,West,Rohan,8,7302.7,0.1,52579.44,36805.61,15773.83,0.3,2025-09
ORD02871,2025-09-04,Customer_0023,Data Logger,Data Solutions,East,Arjun,8,7304.74,0.05,55516.02,36815.89,18700.13,0.3368,2025-09
ORD04006,2025-09-04,Customer_0244,Smart Meter,Energy Management,East,Priya,3,8087.87,0.05,23050.43,16499.25,6551.17,0.2842,2025-09
ORD04977,2025-09-04,Customer_0289,Network Controller,Networking,West,Rahul,11,19593.25,0.0,215525.75,125004.93,90520.82,0.42,2025-09
ORD02507,2025-09-04,Customer_0269,Advanced Meter,Energy Management,Central,Meera,10,12879.78,0.05,122357.91,83718.57,38639.34,0.3158,2025-09
ORD00579,2025-09-04,Customer_0238,IoT Gateway,IoT Devices,East,Aarav,14,15883.44,0.05,211249.75,133420.9,77828.86,0.3684,2025-09
ORD02632,2025-09-04,Customer_0061,Network Controller,Networking,Central,Rohan,16,19684.24,0.15,267705.66,182669.75,85035.92,0.3176,2025-09
ORD00727,2025-09-04,Customer_0461,IoT Gateway,IoT Devices,North,Priya,8,15585.56,0.15,105981.81,74810.69,31171.12,0.2941,2025-09
ORD00436,2025-09-04,Customer_0352,Advanced Meter,Energy Management,West,Aarav,8,11654.18,0.1,83910.1,60601.74,23308.36,0.2778,2025-09
ORD01787,2025-09-05,Customer_0013,Smart Sensor,IoT Devices,West,Aarav,13,6036.79,0.15,66706.53,47871.74,18834.78,0.2824,2025-09
ORD03036,2025-09-05,Customer_0381,Data Logger,Data Solutions,East,Vikram,12,6411.46,0.05,73090.64,48470.64,24620.01,0.3368,2025-09
ORD01783,2025-09-05,Customer_0330,Network Controller,Networking,North,Arjun,3,18104.95,0.2,43451.88,31502.61,11949.27,0.275,2025-09
ORD00484,2025-09-05,Customer_0434,Communication Module,IoT Devices,West,Ananya,17,4239.38,0.15,61259.04,44683.07,16575.98,0.2706,2025-09
ORD02437,2025-09-05,Customer_0337,Energy Monitor,Energy Management,East,Priya,9,7365.06,0.1,59656.99,42422.75,17234.24,0.2889,2025-09
ORD00255,2025-09-05,Customer_0084,Energy Monitor,Energy Management,South,Ananya,12,6830.87,0.15,69674.87,52461.08,17213.79,0.2471,2025-09
ORD01167,2025-09-05,Customer_0327,Advanced Meter,Energy Management,Central,Rohan,5,13644.58,0.2,54578.32,44344.88,10233.44,0.1875,2025-09
ORD04211,2025-09-05,Customer_0391,Analytics License,Software,North,Aarav,19,19962.35,0.2,303427.72,132749.63,170678.09,0.5625,2025-09
ORD01752,2025-09-05,Customer_0001,Smart Meter,Energy Management,North,Vikram,7,8208.47,0.25,43094.47,39072.32,4022.15,0.0933,2025-09
ORD04330,2025-09-05,Customer_0259,Communication Module,IoT Devices,East,Kavya,6,4166.01,0.2,19996.85,15497.56,4499.29,0.225,2025-09
ORD02383,2025-09-05,Customer_0435,Data Logger,Data Solutions,East,Priya,15,6657.26,0.1,89873.01,62911.11,26961.9,0.3,2025-09
ORD02883,2025-09-05,Customer_0470,Smart Meter,Energy Management,North,Rahul,3,8793.27,0.0,26379.81,17938.27,8441.54,0.32,2025-09
ORD03892,2025-09-05,Customer_0128,Energy Monitor,Energy Management,North,Rahul,11,7850.65,0.0,86357.15,55268.58,31088.57,0.36,2025-09
ORD03147,2025-09-05,Customer_0096,Network Controller,Networking,Central,Rohan,10,20119.63,0.15,171016.86,116693.85,54323.0,0.3176,2025-09
ORD01087,2025-09-06,Customer_0473,Analytics License,Software,West,Kavya,12,21718.61,0.15,221529.82,91218.16,130311.66,0.5882,2025-09
ORD04731,2025-09-06,Customer_0017,IoT Gateway,IoT Devices,West,Aarav,1,14986.07,0.05,14236.77,8991.64,5245.12,0.3684,2025-09
ORD01208,2025-09-06,Customer_0476,Smart Sensor,IoT Devices,North,Meera,12,5706.93,0.0,68483.16,41774.73,26708.43,0.39,2025-09
ORD01526,2025-09-06,Customer_0334,Smart Meter,Energy Management,North,Ananya,5,8355.05,0.2,33420.2,28407.17,5013.03,0.15,2025-09
ORD04489,2025-09-06,Customer_0169,Smart Sensor,IoT Devices,West,Arjun,15,5739.79,0.0,86096.85,52519.08,33577.77,0.39,2025-09
ORD02797,2025-09-06,Customer_0152,Communication Module,IoT Devices,East,Rohan,8,4451.63,0.1,32051.74,22080.08,9971.65,0.3111,2025-09
ORD01582,2025-09-06,Customer_0140,Network Controller,Networking,East,Kavya,3,18698.06,0.15,47680.05,32534.62,15145.43,0.3176,2025-09
ORD00094,2025-09-06,Customer_0350,Smart Sensor,IoT Devices,East,Aarav,15,5640.69,0.0,84610.35,51612.31,32998.04,0.39,2025-09
ORD02897,2025-09-06,Customer_0008,Cloud Platform,Software,South,Rohan,12,36628.8,0.0,439545.6,131863.68,307681.92,0.7,2025-09
ORD02486,2025-09-06,Customer_0323,Communication Module,IoT Devices,West,Priya,5,4411.04,0.25,16541.4,13674.22,2867.18,0.1733,2025-09
ORD02772,2025-09-06,Customer_0112,IoT Gateway,IoT Devices,West,Priya,9,15952.04,0.05,136389.94,86141.02,50248.93,0.3684,2025-09
ORD02423,2025-09-07,Customer_0141,Advanced Meter,Energy Management,South,Ananya,19,13666.54,0.1,233697.83,168781.77,64916.06,0.2778,2025-09
ORD04445,2025-09-07,Customer_0003,Data Logger,Data Solutions,North,Sneha,16,7317.87,0.2,93668.74,73764.13,19904.61,0.2125,2025-09
ORD02940,2025-09-07,Customer_0165,Cloud Platform,Software,East,Meera,1,38499.1,0.15,32724.23,11549.73,21174.5,0.6471,2025-09
ORD01263,2025-09-07,Customer_0324,Smart Sensor,IoT Devices,West,Rohan,12,5377.74,0.0,64532.88,39365.06,25167.82,0.39,2025-09
ORD03425,2025-09-07,Customer_0279,Network Controller,Networking,East,Aarav,18,19599.66,0.1,317514.49,204620.45,112894.04,0.3556,2025-09
ORD00157,2025-09-07,Customer_0137,Analytics License,Software,East,Ananya,7,19949.36,0.15,118698.69,48875.93,69822.76,0.5882,2025-09
ORD03771,2025-09-07,Customer_0269,Analytics License,Software,East,Rohan,18,23896.25,0.15,365612.62,150546.38,215066.25,0.5882,2025-09
ORD04537,2025-09-07,Customer_0398,Energy Monitor,Energy Management,South,Sneha,20,7069.9,0.1,127258.2,90494.72,36763.48,0.2889,2025-09
ORD00150,2025-09-07,Customer_0244,Smart Meter,Energy Management,East,Aarav,4,8567.73,0.05,32557.37,23304.23,9253.15,0.2842,2025-09
ORD00787,2025-09-07,Customer_0469,Energy Monitor,Energy Management,West,Ananya,11,6676.37,0.15,62424.06,47001.64,15422.41,0.2471,2025-09
ORD00079,2025-09-08,Customer_0374,Advanced Meter,Energy Management,North,Priya,13,11662.09,0.1,136446.45,98544.66,37901.79,0.2778,2025-09
ORD04799,2025-09-08,Customer_0229,Network Controller,Networking,North,Arjun,14,19349.76,0.0,270896.64,157120.05,113776.59,0.42,2025-09
ORD00799,2025-09-08,Customer_0309,Cloud Platform,Software,North,Ananya,16,33726.28,0.2,431696.38,161886.14,269810.24,0.625,2025-09
ORD04978,2025-09-08,Customer_0123,Data Logger,Data Solutions,West,Aarav,6,6466.96,0.0,38801.76,24445.11,14356.65,0.37,2025-09
ORD04060,2025-09-08,Customer_0485,Advanced Meter,Energy Management,Central,Vikram,18,12563.53,0.25,169607.66,146993.3,22614.35,0.1333,2025-09
ORD04803,2025-09-08,Customer_0162,IoT Gateway,IoT Devices,North,Priya,4,15579.12,0.05,59200.66,37389.89,21810.77,0.3684,2025-09
ORD02217,2025-09-08,Customer_0145,Cloud Platform,Software,South,Vikram,11,37344.68,0.1,369712.33,123237.44,246474.89,0.6667,2025-09
ORD00735,2025-09-08,Customer_0383,Analytics License,Software,North,Aarav,14,23655.25,0.15,281497.47,115910.72,165586.75,0.5882,2025-09
ORD04936,2025-09-08,Customer_0411,Data Logger,Data Solutions,South,Arjun,17,6459.77,0.2,87852.87,69184.14,18668.74,0.2125,2025-09
ORD01345,2025-09-08,Customer_0457,Smart Sensor,IoT Devices,North,Aarav,13,5409.94,0.1,63296.3,42900.82,20395.47,0.3222,2025-09
ORD04946,2025-09-09,Customer_0398,Data Logger,Data Solutions,West,Sneha,2,6134.17,0.05,11654.92,7729.05,3925.87,0.3368,2025-09
ORD02661,2025-09-09,Customer_0319,Analytics License,Software,Central,Ananya,7,21228.14,0.1,133737.28,52008.94,81728.34,0.6111,2025-09
ORD03964,2025-09-09,Customer_0500,Analytics License,Software,South,Meera,18,21660.13,0.15,331399.99,136458.82,194941.17,0.5882,2025-09
ORD04353,2025-09-09,Customer_0266,Analytics License,Software,Central,Rohan,10,23725.2,0.05,225389.4,83038.2,142351.2,0.6316,2025-09
ORD03328,2025-09-09,Customer_0417,Cloud Platform,Software,East,Sneha,7,35218.08,0.15,209547.58,73957.97,135589.61,0.6471,2025-09
ORD01975,2025-09-09,Customer_0446,Analytics License,Software,Central,Sneha,9,22977.48,0.15,175777.72,72379.06,103398.66,0.5882,2025-09
ORD04046,2025-09-09,Customer_0335,Advanced Meter,Energy Management,East,Priya,10,13137.35,0.15,111667.48,85392.78,26274.7,0.2353,2025-09
ORD03843,2025-09-09,Customer_0323,Smart Sensor,IoT Devices,North,Kavya,8,5806.2,0.2,37159.68,28334.26,8825.42,0.2375,2025-09
ORD03576,2025-09-09,Customer_0367,Data Logger,Data Solutions,West,Meera,4,7217.74,0.05,27427.41,18188.7,9238.71,0.3368,2025-09
ORD01396,2025-09-09,Customer_0363,IoT Gateway,IoT Devices,North,Vikram,13,15431.31,0.05,190576.68,120364.22,70212.46,0.3684,2025-09
ORD03524,2025-09-10,Customer_0357,Smart Sensor,IoT Devices,North,Rohan,17,5711.8,0.05,92245.57,59231.37,33014.2,0.3579,2025-09
ORD01944,2025-09-10,Customer_0190,Smart Sensor,IoT Devices,South,Priya,5,5305.77,0.1,23875.97,16182.6,7693.37,0.3222,2025-09
ORD02781,2025-09-10,Customer_0232,Smart Sensor,IoT Devices,North,Meera,9,4973.09,0.05,42519.92,27302.26,15217.66,0.3579,2025-09
ORD01590,2025-09-10,Customer_0072,Energy Monitor,Energy Management,South,Rohan,20,7885.42,0.05,149822.98,100933.38,48889.6,0.3263,2025-09
ORD04352,2025-09-10,Customer_0096,IoT Gateway,IoT Devices,West,Meera,12,14952.83,0.1,161490.56,107660.38,53830.19,0.3333,2025-09
ORD02962,2025-09-10,Customer_0259,Advanced Meter,Energy Management,South,Rohan,20,12667.47,0.15,215346.99,164677.11,50669.88,0.2353,2025-09
ORD01865,2025-09-10,Customer_0246,Network Controller,Networking,Central,Rohan,8,17032.19,0.1,122631.77,79029.36,43602.41,0.3556,2025-09
ORD01283,2025-09-10,Customer_0227,Network Controller,Networking,North,Priya,5,17026.49,0.0,85132.45,49376.82,35755.63,0.42,2025-09
ORD04878,2025-09-10,Customer_0481,Smart Sensor,IoT Devices,West,Kavya,12,5078.19,0.15,51797.54,37172.35,14625.19,0.2824,2025-09
ORD02138,2025-09-11,Customer_0271,Advanced Meter,Energy Management,Central,Aarav,1,11489.51,0.1,10340.56,7468.18,2872.38,0.2778,2025-09
ORD02101,2025-09-11,Customer_0019,Advanced Meter,Energy Management,East,Sneha,7,12731.65,0.1,80209.4,57929.01,22280.39,0.2778,2025-09
ORD03551,2025-09-11,Customer_0330,Data Logger,Data Solutions,Central,Ananya,17,6758.52,0.1,103405.36,72383.75,31021.61,0.3,2025-09
ORD04397,2025-09-11,Customer_0484,Analytics License,Software,East,Arjun,8,24014.51,0.1,172904.47,67240.63,105663.84,0.6111,2025-09
ORD01873,2025-09-11,Customer_0486,Smart Meter,Energy Management,East,Rahul,1,9278.75,0.05,8814.81,6309.55,2505.26,0.2842,2025-09
ORD03961,2025-09-11,Customer_0302,Smart Sensor,IoT Devices,West,Meera,18,5361.75,0.1,86860.35,58872.01,27988.34,0.3222,2025-09
ORD04813,2025-09-11,Customer_0057,Energy Monitor,Energy Management,South,Kavya,1,6781.81,0.15,5764.54,4340.36,1424.18,0.2471,2025-09
ORD04506,2025-09-11,Customer_0194,Communication Module,IoT Devices,Central,Aarav,18,4169.76,0.15,63797.33,46534.52,17262.81,0.2706,2025-09
ORD01855,2025-09-11,Customer_0388,Advanced Meter,Energy Management,Central,Meera,6,11827.35,0.0,70964.1,46126.67,24837.44,0.35,2025-09
ORD01972,2025-09-11,Customer_0110,IoT Gateway,IoT Devices,Central,Arjun,2,15759.6,0.05,29943.24,18911.52,11031.72,0.3684,2025-09
ORD00776,2025-09-11,Customer_0187,Smart Meter,Energy Management,East,Rohan,16,8586.12,0.05,130509.02,93416.99,37092.04,0.2842,2025-09
ORD01152,2025-09-11,Customer_0126,Smart Meter,Energy Management,West,Arjun,7,8754.77,0.0,61283.39,41672.71,19610.68,0.32,2025-09
ORD04181,2025-09-11,Customer_0199,Smart Sensor,IoT Devices,South,Priya,4,5854.9,0.15,19906.66,14285.96,5620.7,0.2824,2025-09
ORD01154,2025-09-11,Customer_0259,Analytics License,Software,South,Ananya,5,22374.34,0.1,100684.53,39155.09,61529.44,0.6111,2025-09
ORD01773,2025-09-11,Customer_0095,IoT Gateway,IoT Devices,Central,Kavya,2,13532.89,0.05,25712.49,16239.47,9473.02,0.3684,2025-09
ORD03817,2025-09-12,Customer_0060,Smart Sensor,IoT Devices,South,Ananya,12,5352.6,0.15,54596.52,39181.03,15415.49,0.2824,2025-09
ORD00977,2025-09-12,Customer_0339,Communication Module,IoT Devices,East,Arjun,15,4612.23,0.2,55346.76,42893.74,12453.02,0.225,2025-09
ORD01334,2025-09-12,Customer_0198,IoT Gateway,IoT Devices,East,Arjun,2,14342.13,0.25,21513.2,17210.56,4302.64,0.2,2025-09
ORD04234,2025-09-12,Customer_0339,Cloud Platform,Software,Central,Arjun,10,36409.6,0.05,345891.2,109228.8,236662.4,0.6842,2025-09
ORD04692,2025-09-12,Customer_0163,Energy Monitor,Energy Management,West,Ananya,11,7627.77,0.1,75514.92,53699.5,21815.42,0.2889,2025-09
ORD00910,2025-09-12,Customer_0003,Cloud Platform,Software,South,Vikram,6,35575.66,0.05,202781.26,64036.19,138745.07,0.6842,2025-09
ORD03408,2025-09-12,Customer_0440,Data Logger,Data Solutions,South,Vikram,7,6728.36,0.25,35323.89,29672.07,5651.82,0.16,2025-09
ORD04293,2025-09-12,Customer_0412,Network Controller,Networking,East,Rahul,19,20205.24,0.1,345509.6,222661.74,122847.86,0.3556,2025-09
ORD00347,2025-09-12,Customer_0172,Advanced Meter,Energy Management,North,Arjun,5,11880.77,0.05,56433.66,38612.5,17821.16,0.3158,2025-09
ORD03470,2025-09-12,Customer_0127,Communication Module,IoT Devices,East,Meera,6,3857.04,0.15,19670.9,14348.19,5322.72,0.2706,2025-09
ORD04272,2025-09-12,Customer_0098,Energy Monitor,Energy Management,North,Kavya,5,7418.2,0.05,35236.45,23738.24,11498.21,0.3263,2025-09
ORD04532,2025-09-12,Customer_0478,Analytics License,Software,South,Kavya,2,23508.88,0.0,47017.76,16456.22,30561.54,0.65,2025-09
ORD00530,2025-09-13,Customer_0299,Analytics License,Software,Central,Meera,6,20217.64,0.25,90979.38,42457.04,48522.34,0.5333,2025-09
ORD03839,2025-09-13,Customer_0118,Analytics License,Software,North,Arjun,4,23656.36,0.1,85162.9,33118.9,52043.99,0.6111,2025-09
ORD03932,2025-09-13,Customer_0009,IoT Gateway,IoT Devices,West,Sneha,14,13648.06,0.1,171965.56,114643.7,57321.85,0.3333,2025-09
ORD03012,2025-09-13,Customer_0242,Smart Meter,Energy Management,North,Arjun,19,8853.01,0.1,151386.47,114380.89,37005.58,0.2444,2025-09
ORD03294,2025-09-13,Customer_0195,Energy Monitor,Energy Management,North,Sneha,9,7549.9,0.15,57756.73,43487.42,14269.31,0.2471,2025-09
ORD00564,2025-09-13,Customer_0255,Communication Module,IoT Devices,Central,Sneha,12,4247.7,0.2,40777.92,31602.89,9175.03,0.225,2025-09
ORD00942,2025-09-13,Customer_0498,Network Controller,Networking,South,Priya,16,19886.63,0.0,318186.08,184547.93,133638.15,0.42,2025-09
ORD03044,2025-09-13,Customer_0373,Advanced Meter,Energy Management,East,Kavya,9,11814.66,0.15,90382.15,69115.76,21266.39,0.2353,2025-09
ORD02345,2025-09-13,Customer_0026,Cloud Platform,Software,Central,Meera,15,31903.78,0.05,454628.86,143567.01,311061.86,0.6842,2025-09
ORD02659,2025-09-13,Customer_0106,Advanced Meter,Energy Management,South,Rahul,11,12877.42,0.1,127486.46,92073.55,35412.9,0.2778,2025-09
ORD02163,2025-09-13,Customer_0422,Cloud Platform,Software,West,Aarav,20,32259.69,0.1,580674.42,193558.14,387116.28,0.6667,2025-09
ORD04122,2025-09-13,Customer_0375,Network Controller,Networking,West,Aarav,6,20134.47,0.1,108726.14,70067.96,38658.18,0.3556,2025-09
ORD03169,2025-09-13,Customer_0212,Communication Module,IoT Devices,West,Sneha,19,3799.16,0.05,68574.84,44754.1,23820.73,0.3474,2025-09
ORD04954,2025-09-13,Customer_0215,Advanced Meter,Energy Management,South,Kavya,9,12467.54,0.1,100987.07,72935.11,28051.97,0.2778,2025-09
ORD04446,2025-09-14,Customer_0006,Network Controller,Networking,Central,Aarav,16,18930.73,0.0,302891.68,175677.17,127214.51,0.42,2025-09
ORD02017,2025-09-14,Customer_0220,Smart Meter,Energy Management,Central,Kavya,9,9224.56,0.2,66416.83,56454.31,9962.52,0.15,2025-09
ORD04191,2025-09-14,Customer_0221,Data Logger,Data Solutions,North,Priya,11,6578.6,0.1,65128.14,45589.7,19538.44,0.3,2025-09
ORD01058,2025-09-14,Customer_0188,Cloud Platform,Software,Central,Sneha,7,35366.25,0.1,222807.38,74269.12,148538.25,0.6667,2025-09
ORD02604,2025-09-14,Customer_0107,Advanced Meter,Energy Management,East,Vikram,18,12172.0,0.05,208141.2,142412.4,65728.8,0.3158,2025-09
ORD03390,2025-09-14,Customer_0351,Network Controller,Networking,North,Sneha,4,19870.77,0.05,75508.93,46100.19,29408.74,0.3895,2025-09
ORD02700,2025-09-14,Customer_0290,Smart Sensor,IoT Devices,North,Arjun,4,5699.87,0.05,21659.51,13907.68,7751.82,0.3579,2025-09
ORD00979,2025-09-15,Customer_0200,Network Controller,Networking,Central,Kavya,1,19741.5,0.25,14806.12,11450.07,3356.06,0.2267,2025-09
ORD00978,2025-09-15,Customer_0424,Network Controller,Networking,West,Priya,12,20281.26,0.0,243375.12,141157.57,102217.55,0.42,2025-09
ORD00965,2025-09-15,Customer_0135,Advanced Meter,Energy Management,West,Aarav,15,12733.74,0.05,181455.8,124153.97,57301.83,0.3158,2025-09
ORD03240,2025-09-15,Customer_0500,Network Controller,Networking,North,Sneha,16,19469.21,0.25,233630.52,180674.27,52956.25,0.2267,2025-09
ORD02482,2025-09-15,Customer_0404,Smart Meter,Energy Management,South,Kavya,16,8872.09,0.2,113562.75,96528.34,17034.41,0.15,2025-09
ORD04745,2025-09-15,Customer_0334,Analytics License,Software,East,Ananya,3,20457.15,0.1,55234.31,21480.01,33754.3,0.6111,2025-09
ORD02162,2025-09-15,Customer_0190,Communication Module,IoT Devices,East,Kavya,19,4499.15,0.05,81209.66,52999.99,28209.67,0.3474,2025-09
ORD00853,2025-09-15,Customer_0171,Smart Meter,Energy Management,East,Meera,13,8345.61,0.05,103068.28,73775.19,29293.09,0.2842,2025-09
ORD01192,2025-09-15,Customer_0333,Network Controller,Networking,East,Aarav,18,17195.58,0.0,309520.44,179521.86,129998.58,0.42,2025-09
ORD01665,2025-09-15,Customer_0245,Smart Sensor,IoT Devices,Central,Ananya,2,5197.1,0.2,8315.36,6340.46,1974.9,0.2375,2025-09
ORD00003,2025-09-15,Customer_0444,Data Logger,Data Solutions,Central,Aarav,12,7396.43,0.0,88757.16,55917.01,32840.15,0.37,2025-09
ORD03533,2025-09-15,Customer_0346,Smart Sensor,IoT Devices,East,Vikram,16,5400.51,0.15,73446.94,52708.98,20737.96,0.2824,2025-09
ORD04864,2025-09-15,Customer_0184,Cloud Platform,Software,North,Ananya,12,32396.7,0.0,388760.4,116628.12,272132.28,0.7,2025-09
ORD00802,2025-09-15,Customer_0204,Analytics License,Software,West,Vikram,5,21534.0,0.2,86136.0,37684.5,48451.5,0.5625,2025-09
ORD01946,2025-09-15,Customer_0445,Data Logger,Data Solutions,Central,Rahul,16,7456.18,0.15,101404.05,75158.29,26245.75,0.2588,2025-09
ORD02336,2025-09-15,Customer_0387,Communication Module,IoT Devices,East,Arjun,11,4362.55,0.0,47988.05,29752.59,18235.46,0.38,2025-09
ORD03441,2025-09-15,Customer_0328,Smart Meter,Energy Management,North,Aarav,12,9035.43,0.1,97582.64,73729.11,23853.54,0.2444,2025-09
ORD03497,2025-09-16,Customer_0053,Data Logger,Data Solutions,West,Arjun,14,6181.61,0.1,77888.29,54521.8,23366.49,0.3,2025-09
ORD03801,2025-09-16,Customer_0075,Analytics License,Software,South,Aarav,9,22149.4,0.15,169442.91,69770.61,99672.3,0.5882,2025-09
ORD03802,2025-09-16,Customer_0234,Smart Meter,Energy Management,North,Sneha,19,7833.37,0.0,148834.03,101207.14,47626.89,0.32,2025-09
ORD04993,2025-09-16,Customer_0284,Communication Module,IoT Devices,East,Vikram,11,3808.01,0.0,41888.11,25970.63,15917.48,0.38,2025-09
ORD04221,2025-09-16,Customer_0414,Cloud Platform,Software,North,Vikram,12,36584.56,0.15,373162.51,131704.42,241458.1,0.6471,2025-09
ORD05000,2025-09-16,Customer_0100,IoT Gateway,IoT Devices,Central,Vikram,4,15231.0,0.15,51785.4,36554.4,15231.0,0.2941,2025-09
ORD01866,2025-09-16,Customer_0231,Analytics License,Software,Central,Priya,5,21611.87,0.0,108059.35,37820.77,70238.58,0.65,2025-09
ORD03031,2025-09-16,Customer_0250,Smart Sensor,IoT Devices,West,Kavya,7,5132.11,0.1,32332.29,21914.11,10418.18,0.3222,2025-09
ORD02064,2025-09-16,Customer_0140,Analytics License,Software,West,Priya,3,19894.34,0.15,50730.57,20889.06,29841.51,0.5882,2025-09
ORD00874,2025-09-16,Customer_0208,Data Logger,Data Solutions,East,Arjun,20,7093.4,0.25,106401.0,89376.84,17024.16,0.16,2025-09
ORD01323,2025-09-16,Customer_0464,Smart Meter,Energy Management,South,Kavya,12,8592.02,0.15,87638.6,70110.88,17527.72,0.2,2025-09
ORD02610,2025-09-16,Customer_0116,Smart Meter,Energy Management,Central,Meera,19,8588.08,0.2,130538.82,110957.99,19580.82,0.15,2025-09
ORD01500,2025-09-16,Customer_0178,Data Logger,Data Solutions,East,Ananya,6,6145.19,0.1,33184.03,23228.82,9955.21,0.3,2025-09
ORD00020,2025-09-16,Customer_0318,Network Controller,Networking,Central,Aarav,7,17259.23,0.1,108733.15,70072.47,38660.68,0.3556,2025-09
ORD02386,2025-09-16,Customer_0325,Energy Monitor,Energy Management,East,Vikram,14,6861.17,0.15,81647.92,61476.08,20171.84,0.2471,2025-09
ORD01872,2025-09-16,Customer_0459,Analytics License,Software,East,Priya,14,23096.11,0.1,291010.99,113170.94,177840.05,0.6111,2025-09
ORD00075,2025-09-16,Customer_0330,Analytics License,Software,West,Ananya,16,23043.24,0.2,294953.47,129042.14,165911.33,0.5625,2025-09
ORD04923,2025-09-17,Customer_0369,Smart Meter,Energy Management,North,Ananya,8,9266.6,0.1,66719.52,50410.3,16309.22,0.2444,2025-09
ORD00298,2025-09-17,Customer_0004,Analytics License,Software,Central,Rahul,13,20209.16,0.1,236447.17,91951.68,144495.49,0.6111,2025-09
ORD04974,2025-09-17,Customer_0106,Cloud Platform,Software,North,Aarav,8,36389.69,0.0,291117.52,87335.26,203782.26,0.7,2025-09
ORD04414,2025-09-17,Customer_0423,Smart Sensor,IoT Devices,West,Rahul,3,5161.04,0.05,14708.96,9444.7,5264.26,0.3579,2025-09
ORD03283,2025-09-17,Customer_0086,Network Controller,Networking,North,Priya,4,17699.19,0.15,60177.25,41062.12,19115.13,0.3176,2025-09
ORD02418,2025-09-17,Customer_0061,Smart Sensor,IoT Devices,Central,Rahul,3,5304.01,0.05,15116.43,9706.34,5410.09,0.3579,2025-09
ORD01333,2025-09-17,Customer_0220,Data Logger,Data Solutions,North,Kavya,5,6547.83,0.05,31102.19,20625.66,10476.53,0.3368,2025-09
ORD00268,2025-09-17,Customer_0380,IoT Gateway,IoT Devices,West,Sneha,7,14186.68,0.05,94341.42,59584.06,34757.37,0.3684,2025-09
ORD02099,2025-09-17,Customer_0021,Cloud Platform,Software,East,Priya,17,37994.13,0.0,645900.21,193770.06,452130.15,0.7,2025-09
ORD01797,2025-09-17,Customer_0216,Smart Sensor,IoT Devices,South,Vikram,12,5507.01,0.1,59475.71,40311.31,19164.39,0.3222,2025-09
ORD02793,2025-09-17,Customer_0380,IoT Gateway,IoT Devices,Central,Priya,9,15765.71,0.05,134796.82,85134.83,49661.99,0.3684,2025-09
ORD02746,2025-09-17,Customer_0355,Analytics License,Software,North,Aarav,12,19989.56,0.05,227880.98,83956.15,143924.83,0.6316,2025-09
ORD03647,2025-09-17,Customer_0367,Communication Module,IoT Devices,East,Meera,7,4585.18,0.1,28886.63,19899.68,8986.95,0.3111,2025-09
ORD01698,2025-09-17,Customer_0117,IoT Gateway,IoT Devices,Central,Rohan,5,13981.12,0.15,59419.76,41943.36,17476.4,0.2941,2025-09
ORD04198,2025-09-17,Customer_0374,Smart Meter,Energy Management,West,Priya,18,7744.59,0.2,111522.1,94793.78,16728.31,0.15,2025-09
ORD01625,2025-09-17,Customer_0336,Advanced Meter,Energy Management,North,Priya,5,11991.55,0.2,47966.2,38972.54,8993.66,0.1875,2025-09
ORD00435,2025-09-17,Customer_0354,Analytics License,Software,North,Arjun,12,23287.42,0.2,223559.23,97807.16,125752.07,0.5625,2025-09
ORD03920,2025-09-17,Customer_0180,Smart Sensor,IoT Devices,West,Ananya,18,5160.38,0.15,78953.81,56660.97,22292.84,0.2824,2025-09
ORD03658,2025-09-18,Customer_0119,Communication Module,IoT Devices,Central,Sneha,4,3918.47,0.15,13322.8,9717.81,3604.99,0.2706,2025-09
ORD01514,2025-09-18,Customer_0088,Advanced Meter,Energy Management,North,Meera,8,11595.69,0.25,69574.14,60297.59,9276.55,0.1333,2025-09
ORD04063,2025-09-18,Customer_0155,Cloud Platform,Software,Central,Rohan,20,34177.03,0.0,683540.6,205062.18,478478.42,0.7,2025-09
ORD02061,2025-09-18,Customer_0081,Energy Monitor,Energy Management,East,Rohan,7,6963.95,0.05,46310.27,31198.5,15111.77,0.3263,2025-09
ORD01720,2025-09-18,Customer_0382,Smart Meter,Energy Management,West,Aarav,18,7874.64,0.1,127569.17,96385.59,31183.57,0.2444,2025-09
ORD00174,2025-09-18,Customer_0463,Network Controller,Networking,East,Arjun,11,16971.85,0.1,168021.31,108280.4,59740.91,0.3556,2025-09
ORD03971,2025-09-18,Customer_0283,IoT Gateway,IoT Devices,West,Vikram,9,13687.97,0.15,104712.97,73915.04,30797.93,0.2941,2025-09
ORD00645,2025-09-18,Customer_0256,Advanced Meter,Energy Management,East,Aarav,13,13485.66,0.15,149016.54,113953.83,35062.72,0.2353,2025-09
ORD02287,2025-09-18,Customer_0153,Cloud Platform,Software,Central,Ananya,16,33918.75,0.1,488430.0,162810.0,325620.0,0.6667,2025-09
ORD04269,2025-09-18,Customer_0208,Analytics License,Software,South,Meera,18,23206.88,0.15,355065.26,146203.34,208861.92,0.5882,2025-09
ORD02698,2025-09-18,Customer_0405,Smart Meter,Energy Management,South,Aarav,6,8914.79,0.1,48139.87,36372.34,11767.52,0.2444,2025-09
ORD03859,2025-09-18,Customer_0020,Network Controller,Networking,East,Arjun,4,19689.2,0.1,70881.12,45678.94,25202.18,0.3556,2025-09
ORD03488,2025-09-19,Customer_0383,Smart Sensor,IoT Devices,Central,Rahul,7,5583.78,0.1,35177.81,23842.74,11335.07,0.3222,2025-09
ORD04684,2025-09-19,Customer_0018,Advanced Meter,Energy Management,West,Arjun,14,13199.1,0.2,147829.92,120111.81,27718.11,0.1875,2025-09
ORD02844,2025-09-19,Customer_0067,Smart Meter,Energy Management,West,Rahul,14,8458.47,0.2,94734.86,80524.63,14210.23,0.15,2025-09
ORD03255,2025-09-19,Customer_0422,Communication Module,IoT Devices,Central,Aarav,14,4008.29,0.25,42087.04,34791.96,7295.09,0.1733,2025-09
ORD04396,2025-09-19,Customer_0077,IoT Gateway,IoT Devices,West,Aarav,17,14506.33,0.25,184955.71,147964.57,36991.14,0.2,2025-09
ORD01370,2025-09-19,Customer_0456,Energy Monitor,Energy Management,West,Kavya,12,6691.55,0.1,72268.74,51391.1,20877.64,0.2889,2025-09
ORD02263,2025-09-19,Customer_0320,Cloud Platform,Software,South,Priya,10,36810.54,0.15,312889.59,110431.62,202457.97,0.6471,2025-09
ORD02440,2025-09-19,Customer_0392,Energy Monitor,Energy Management,Central,Sneha,19,6637.24,0.1,113496.8,80708.84,32787.97,0.2889,2025-09
ORD02455,2025-09-19,Customer_0268,Analytics License,Software,West,Vikram,11,21713.82,0.0,238852.02,83598.21,155253.81,0.65,2025-09
ORD03743,2025-09-19,Customer_0085,IoT Gateway,IoT Devices,East,Rahul,9,14122.38,0.2,101681.14,76260.85,25420.28,0.25,2025-09
ORD02548,2025-09-19,Customer_0184,Data Logger,Data Solutions,West,Arjun,1,6340.82,0.0,6340.82,3994.72,2346.1,0.37,2025-09
ORD00209,2025-09-19,Customer_0246,IoT Gateway,IoT Devices,Central,Rahul,7,14330.48,0.1,90282.02,60188.02,30094.01,0.3333,2025-09
ORD04425,2025-09-20,Customer_0026,Analytics License,Software,East,Meera,5,20930.47,0.1,94187.12,36628.32,57558.79,0.6111,2025-09
ORD00944,2025-09-20,Customer_0016,Advanced Meter,Energy Management,East,Meera,4,12733.94,0.0,50935.76,33108.24,17827.52,0.35,2025-09
ORD02301,2025-09-20,Customer_0216,Smart Meter,Energy Management,West,Kavya,5,7872.76,0.05,37395.61,26767.38,10628.23,0.2842,2025-09
ORD04918,2025-09-20,Customer_0134,Data Logger,Data Solutions,Central,Arjun,14,6877.91,0.2,77032.59,60663.17,16369.43,0.2125,2025-09
ORD02110,2025-09-20,Customer_0272,Cloud Platform,Software,East,Rohan,20,38078.73,0.1,685417.14,228472.38,456944.76,0.6667,2025-09
ORD02204,2025-09-20,Customer_0377,Energy Monitor,Energy Management,South,Rohan,20,7347.23,0.25,110208.45,94044.54,16163.91,0.1467,2025-09
ORD01711,2025-09-20,Customer_0083,Network Controller,Networking,East,Rahul,8,20078.82,0.15,136535.98,93165.72,43370.25,0.3176,2025-09
ORD01452,2025-09-20,Customer_0111,Communication Module,IoT Devices,North,Vikram,18,4063.68,0.2,58516.99,45350.67,13166.32,0.225,2025-09
ORD03908,2025-09-20,Customer_0325,Advanced Meter,Energy Management,South,Priya,13,11524.47,0.1,134836.3,97381.77,37454.53,0.2778,2025-09
ORD04963,2025-09-20,Customer_0070,Network Controller,Networking,South,Kavya,5,16988.07,0.1,76446.32,49265.4,27180.91,0.3556,2025-09
ORD00974,2025-09-20,Customer_0058,Communication Module,IoT Devices,North,Rahul,7,3859.67,0.1,24315.92,16750.97,7564.95,0.3111,2025-09
ORD00046,2025-09-21,Customer_0262,Smart Meter,Energy Management,Central,Sneha,12,9290.93,0.1,100342.04,75813.99,24528.06,0.2444,2025-09
ORD00007,2025-09-21,Customer_0050,Cloud Platform,Software,West,Priya,15,32713.55,0.1,441632.92,147210.98,294421.95,0.6667,2025-09
ORD00393,2025-09-21,Customer_0067,Advanced Meter,Energy Management,North,Sneha,17,11474.53,0.0,195067.01,126793.56,68273.45,0.35,2025-09
ORD03299,2025-09-21,Customer_0357,Network Controller,Networking,North,Vikram,17,18318.03,0.0,311406.51,180615.78,130790.73,0.42,2025-09
ORD00547,2025-09-21,Customer_0276,Network Controller,Networking,West,Rohan,15,19785.34,0.0,296780.1,172132.46,124647.64,0.42,2025-09
ORD03523,2025-09-21,Customer_0350,Energy Monitor,Energy Management,East,Rohan,20,6992.92,0.1,125872.56,89509.38,36363.18,0.2889,2025-09
ORD02081,2025-09-21,Customer_0198,Smart Meter,Energy Management,Central,Arjun,15,9020.17,0.05,128537.42,92005.73,36531.69,0.2842,2025-09
ORD04380,2025-09-21,Customer_0488,Communication Module,IoT Devices,South,Arjun,8,3995.37,0.25,23972.22,19817.04,4155.18,0.1733,2025-09
ORD04766,2025-09-21,Customer_0495,Communication Module,IoT Devices,North,Kavya,7,3822.15,0.1,24079.54,16588.13,7491.41,0.3111,2025-09
ORD00222,2025-09-21,Customer_0290,Smart Meter,Energy Management,North,Rohan,6,9125.84,0.05,52017.29,37233.43,14783.86,0.2842,2025-09
ORD00415,2025-09-21,Customer_0326,Energy Monitor,Energy Management,West,Arjun,7,6661.04,0.15,39633.19,29841.46,9791.73,0.2471,2025-09
ORD03219,2025-09-21,Customer_0100,Energy Monitor,Energy Management,South,Sneha,7,7175.19,0.1,45203.7,32144.85,13058.85,0.2889,2025-09
ORD00036,2025-09-21,Customer_0367,Analytics License,Software,North,Arjun,2,21340.34,0.15,36278.58,14938.24,21340.34,0.5882,2025-09
ORD01843,2025-09-21,Customer_0335,Network Controller,Networking,North,Ananya,10,18846.51,0.2,150772.08,109309.76,41462.32,0.275,2025-09
ORD00877,2025-09-21,Customer_0496,IoT Gateway,IoT Devices,North,Meera,14,14814.13,0.05,197027.93,124438.69,72589.24,0.3684,2025-09
ORD03347,2025-09-21,Customer_0138,Data Logger,Data Solutions,South,Kavya,18,6904.68,0.0,124284.24,78299.07,45985.17,0.37,2025-09
ORD04581,2025-09-21,Customer_0187,Advanced Meter,Energy Management,East,Rahul,20,13205.91,0.05,250912.29,171676.83,79235.46,0.3158,2025-09
ORD03503,2025-09-22,Customer_0440,Network Controller,Networking,South,Meera,9,17326.36,0.05,148140.38,90443.6,57696.78,0.3895,2025-09
ORD02192,2025-09-22,Customer_0196,Smart Meter,Energy Management,West,Meera,2,8838.94,0.15,15026.2,12020.96,3005.24,0.2,2025-09
ORD01290,2025-09-22,Customer_0114,Smart Meter,Energy Management,East,Meera,7,9135.04,0.05,60748.02,43482.79,17265.23,0.2842,2025-09
ORD01725,2025-09-22,Customer_0488,Energy Monitor,Energy Management,East,Priya,13,7514.56,0.1,87920.35,62521.14,25399.21,0.2889,2025-09
ORD02120,2025-09-22,Customer_0431,Analytics License,Software,West,Sneha,3,19896.6,0.2,47751.84,20891.43,26860.41,0.5625,2025-09
ORD00357,2025-09-22,Customer_0277,Network Controller,Networking,East,Rohan,5,17702.88,0.2,70811.52,51338.35,19473.17,0.275,2025-09
ORD03922,2025-09-22,Customer_0140,Analytics License,Software,North,Rahul,10,21624.61,0.0,216246.1,75686.13,140559.97,0.65,2025-09
ORD00231,2025-09-22,Customer_0450,Smart Sensor,IoT Devices,West,Arjun,3,5546.6,0.25,12479.85,10150.28,2329.57,0.1867,2025-09
ORD04108,2025-09-22,Customer_0387,Analytics License,Software,West,Rohan,15,21674.07,0.2,260088.84,113788.87,146299.97,0.5625,2025-09
ORD00871,2025-09-22,Customer_0415,Data Logger,Data Solutions,South,Priya,2,6750.53,0.15,11475.9,8505.67,2970.23,0.2588,2025-09
ORD04129,2025-09-22,Customer_0462,Smart Meter,Energy Management,Central,Priya,15,8838.83,0.15,112695.08,90156.07,22539.02,0.2,2025-09
ORD02063,2025-09-22,Customer_0226,Analytics License,Software,North,Sneha,8,21623.23,0.05,164336.55,60545.04,103791.5,0.6316,2025-09
ORD02538,2025-09-22,Customer_0484,Data Logger,Data Solutions,West,Arjun,2,6520.37,0.1,11736.67,8215.67,3521.0,0.3,2025-09
ORD02348,2025-09-22,Customer_0058,Data Logger,Data Solutions,North,Sneha,13,6675.44,0.0,86780.72,54671.85,32108.87,0.37,2025-09
ORD03924,2025-09-22,Customer_0485,Communication Module,IoT Devices,Central,Meera,6,4062.28,0.15,20717.63,15111.68,5605.95,0.2706,2025-09
ORD02753,2025-09-23,Customer_0456,IoT Gateway,IoT Devices,East,Ananya,6,15823.68,0.1,85447.87,56965.25,28482.62,0.3333,2025-09
ORD03841,2025-09-23,Customer_0329,Smart Sensor,IoT Devices,South,Priya,13,5468.35,0.25,53316.41,43364.02,9952.4,0.1867,2025-09
ORD03495,2025-09-23,Customer_0119,IoT Gateway,IoT Devices,North,Ananya,11,13771.12,0.0,151482.32,90889.39,60592.93,0.4,2025-09
ORD00444,2025-09-23,Customer_0193,Cloud Platform,Software,North,Kavya,11,36762.41,0.05,384167.18,121315.95,262851.23,0.6842,2025-09
ORD04371,2025-09-23,Customer_0330,Network Controller,Networking,East,Aarav,19,18300.86,0.15,295558.89,201675.48,93883.41,0.3176,2025-09
ORD03642,2025-09-23,Customer_0080,Analytics License,Software,North,Meera,12,20332.21,0.25,182989.89,85395.28,97594.61,0.5333,2025-09
ORD00266,2025-09-23,Customer_0415,Communication Module,IoT Devices,North,Rohan,2,4187.07,0.15,7118.02,5191.97,1926.05,0.2706,2025-09
ORD00683,2025-09-23,Customer_0369,Smart Meter,Energy Management,North,Priya,11,8651.66,0.1,85651.43,64714.42,20937.02,0.2444,2025-09
ORD04782,2025-09-23,Customer_0397,Analytics License,Software,Central,Vikram,8,22258.66,0.1,160262.35,62324.25,97938.1,0.6111,2025-09
ORD02200,2025-09-23,Customer_0234,Cloud Platform,Software,East,Aarav,9,37664.08,0.15,288130.21,101693.02,186437.2,0.6471,2025-09
ORD01350,2025-09-23,Customer_0135,Smart Sensor,IoT Devices,South,Rahul,15,5497.41,0.05,78338.09,50301.3,28036.79,0.3579,2025-09
ORD04433,2025-09-23,Customer_0159,IoT Gateway,IoT Devices,West,Meera,4,13595.58,0.05,51663.2,32629.39,19033.81,0.3684,2025-09
ORD01035,2025-09-23,Customer_0415,Network Controller,Networking,East,Ananya,2,19448.52,0.15,33062.48,22560.28,10502.2,0.3176,2025-09
ORD01765,2025-09-23,Customer_0075,Smart Sensor,IoT Devices,West,Rahul,8,5511.02,0.15,37474.94,26893.78,10581.16,0.2824,2025-09
ORD02213,2025-09-23,Customer_0260,Smart Sensor,IoT Devices,West,Kavya,8,5921.43,0.1,42634.3,28896.58,13737.72,0.3222,2025-09
ORD02980,2025-09-23,Customer_0475,IoT Gateway,IoT Devices,Central,Sneha,14,14282.68,0.15,169963.89,119974.51,49989.38,0.2941,2025-09
ORD02642,2025-09-23,Customer_0441,Network Controller,Networking,North,Rohan,20,19667.25,0.1,354010.5,228140.1,125870.4,0.3556,2025-09
ORD02475,2025-09-23,Customer_0096,Network Controller,Networking,East,Sneha,3,17868.73,0.1,48245.57,31091.59,17153.98,0.3556,2025-09
ORD01442,2025-09-23,Customer_0211,Communication Module,IoT Devices,East,Arjun,15,3930.08,0.15,50108.52,36549.74,13558.78,0.2706,2025-09
ORD00679,2025-09-23,Customer_0294,Communication Module,IoT Devices,Central,Rahul,15,4282.33,0.1,57811.46,39825.67,17985.79,0.3111,2025-09
ORD04965,2025-09-23,Customer_0357,Smart Meter,Energy Management,North,Priya,6,8469.34,0.0,50816.04,34554.91,16261.13,0.32,2025-09
ORD04089,2025-09-23,Customer_0249,Network Controller,Networking,South,Vikram,11,19961.66,0.05,208599.35,127355.39,81243.96,0.3895,2025-09
ORD03534,2025-09-24,Customer_0443,Smart Meter,Energy Management,South,Rohan,5,9344.75,0.15,39715.19,31772.15,7943.04,0.2,2025-09
ORD00196,2025-09-24,Customer_0377,Network Controller,Networking,West,Sneha,19,17038.24,0.05,307540.23,187761.4,119778.83,0.3895,2025-09
ORD03884,2025-09-24,Customer_0048,IoT Gateway,IoT Devices,Central,Aarav,16,16264.13,0.2,208180.86,156135.65,52045.22,0.25,2025-09
ORD00080,2025-09-24,Customer_0099,Smart Meter,Energy Management,North,Arjun,17,9075.16,0.1,138849.95,104908.85,33941.1,0.2444,2025-09
ORD00384,2025-09-24,Customer_0246,Advanced Meter,Energy Management,East,Rohan,13,12396.17,0.0,161150.21,104747.64,56402.57,0.35,2025-09
ORD02973,2025-09-24,Customer_0128,Cloud Platform,Software,Central,Priya,14,33574.11,0.05,446535.66,141011.26,305524.4,0.6842,2025-09
ORD00934,2025-09-24,Customer_0216,Data Logger,Data Solutions,North,Rohan,5,6187.81,0.0,30939.05,19491.6,11447.45,0.37,2025-09
ORD02234,2025-09-24,Customer_0275,Communication Module,IoT Devices,Central,Meera,20,4193.63,0.05,79678.97,52001.01,27677.96,0.3474,2025-09
ORD01603,2025-09-24,Customer_0450,Cloud Platform,Software,Central,Rahul,6,37681.84,0.1,203481.94,67827.31,135654.62,0.6667,2025-09
ORD02225,2025-09-24,Customer_0074,Cloud Platform,Software,Central,Sneha,20,38041.63,0.15,646707.71,228249.78,418457.93,0.6471,2025-09
ORD02513,2025-09-24,Customer_0218,Network Controller,Networking,Central,Arjun,2,17498.49,0.1,31497.28,20298.25,11199.03,0.3556,2025-09
ORD02551,2025-09-24,Customer_0001,Smart Sensor,IoT Devices,East,Sneha,13,5570.32,0.1,65172.74,44172.64,21000.11,0.3222,2025-09
ORD04236,2025-09-24,Customer_0230,Analytics License,Software,North,Aarav,13,23481.2,0.15,259467.26,106839.46,152627.8,0.5882,2025-09
ORD04726,2025-09-24,Customer_0490,IoT Gateway,IoT Devices,North,Kavya,20,15779.77,0.05,299815.63,189357.24,110458.39,0.3684,2025-09
ORD02259,2025-09-24,Customer_0273,Analytics License,Software,North,Aarav,11,22961.85,0.1,227322.31,88403.12,138919.19,0.6111,2025-09
ORD02803,2025-09-24,Customer_0155,Analytics License,Software,East,Meera,12,21140.84,0.0,253690.08,88791.53,164898.55,0.65,2025-09
ORD00326,2025-09-25,Customer_0259,IoT Gateway,IoT Devices,East,Priya,2,14450.29,0.2,23120.46,17340.35,5780.12,0.25,2025-09
ORD02177,2025-09-25,Customer_0378,Energy Monitor,Energy Management,North,Kavya,3,7418.84,0.1,20030.87,14244.17,5786.7,0.2889,2025-09
ORD02601,2025-09-25,Customer_0230,Smart Sensor,IoT Devices,East,Rahul,13,5824.13,0.05,71928.01,46185.35,25742.65,0.3579,2025-09
ORD02218,2025-09-25,Customer_0398,Analytics License,Software,East,Ananya,7,22874.52,0.15,136103.39,56042.57,80060.82,0.5882,2025-09
ORD03680,2025-09-25,Customer_0108,Communication Module,IoT Devices,West,Arjun,9,4590.6,0.1,37183.86,25615.55,11568.31,0.3111,2025-09
ORD04070,2025-09-25,Customer_0106,Analytics License,Software,West,Rahul,7,22099.82,0.1,139228.87,54144.56,85084.31,0.6111,2025-09
ORD01880,2025-09-25,Customer_0329,Cloud Platform,Software,Central,Ananya,20,32825.49,0.1,590858.82,196952.94,393905.88,0.6667,2025-09
ORD02567,2025-09-25,Customer_0014,Cloud Platform,Software,East,Meera,13,35155.61,0.1,411320.64,137106.88,274213.76,0.6667,2025-09
ORD00784,2025-09-25,Customer_0106,Smart Meter,Energy Management,Central,Kavya,7,8670.99,0.05,57662.08,41273.91,16388.17,0.2842,2025-09
ORD04643,2025-09-25,Customer_0279,Energy Monitor,Energy Management,North,Priya,1,7030.51,0.1,6327.46,4499.53,1827.93,0.2889,2025-09
ORD01193,2025-09-25,Customer_0041,Smart Meter,Energy Management,East,Rohan,4,7837.29,0.15,26646.79,21317.43,5329.36,0.2,2025-09
ORD00057,2025-09-25,Customer_0043,Data Logger,Data Solutions,West,Priya,3,7235.78,0.15,18451.24,13675.62,4775.61,0.2588,2025-09
ORD01402,2025-09-26,Customer_0353,Communication Module,IoT Devices,East,Rohan,14,3842.37,0.0,53793.18,33351.77,20441.41,0.38,2025-09
ORD04327,2025-09-26,Customer_0413,Data Logger,Data Solutions,South,Arjun,19,7113.38,0.05,128396.51,85147.16,43249.35,0.3368,2025-09
ORD04821,2025-09-26,Customer_0409,Data Logger,Data Solutions,East,Vikram,7,7389.55,0.15,43967.82,32587.92,11379.91,0.2588,2025-09
ORD01567,2025-09-26,Customer_0147,IoT Gateway,IoT Devices,Central,Arjun,20,15010.73,0.2,240171.68,180128.76,60042.92,0.25,2025-09
ORD02136,2025-09-26,Customer_0166,Data Logger,Data Solutions,West,Ananya,1,7396.2,0.15,6286.77,4659.61,1627.16,0.2588,2025-09
ORD04690,2025-09-26,Customer_0058,Smart Sensor,IoT Devices,East,Priya,5,5697.01,0.0,28485.05,17375.88,11109.17,0.39,2025-09
ORD01672,2025-09-26,Customer_0013,Network Controller,Networking,East,Sneha,11,17186.91,0.1,170150.41,109652.49,60497.92,0.3556,2025-09
ORD03930,2025-09-26,Customer_0153,Analytics License,Software,West,Sneha,10,20866.46,0.1,187798.14,73032.61,114765.53,0.6111,2025-09
ORD02877,2025-09-26,Customer_0439,Advanced Meter,Energy Management,Central,Priya,4,12867.41,0.1,46322.68,33455.27,12867.41,0.2778,2025-09
ORD02429,2025-09-27,Customer_0001,Data Logger,Data Solutions,West,Sneha,4,6981.47,0.05,26529.59,17593.3,8936.28,0.3368,2025-09
ORD01318,2025-09-27,Customer_0115,Cloud Platform,Software,North,Priya,7,33661.93,0.15,200288.48,70690.05,129598.43,0.6471,2025-09
ORD03459,2025-09-27,Customer_0356,Cloud Platform,Software,North,Aarav,5,32536.61,0.15,138280.59,48804.91,89475.68,0.6471,2025-09
ORD00612,2025-09-27,Customer_0329,Cloud Platform,Software,South,Rahul,1,34516.89,0.05,32791.05,10355.07,22435.98,0.6842,2025-09
ORD03416,2025-09-27,Customer_0164,Smart Sensor,IoT Devices,West,Rohan,5,6034.03,0.0,30170.15,18403.79,11766.36,0.39,2025-09
ORD02594,2025-09-27,Customer_0321,Smart Meter,Energy Management,East,Aarav,4,8458.18,0.1,30449.45,23006.25,7443.2,0.2444,2025-09
ORD00009,2025-09-27,Customer_0252,Smart Sensor,IoT Devices,North,Ananya,16,5309.19,0.1,76452.34,51817.69,24634.64,0.3222,2025-09
ORD04346,2025-09-27,Customer_0308,Communication Module,IoT Devices,Central,Ananya,8,4277.43,0.1,30797.5,21216.05,9581.44,0.3111,2025-09
ORD02637,2025-09-27,Customer_0468,Cloud Platform,Software,West,Meera,19,33731.98,0.2,512726.1,192272.29,320453.81,0.625,2025-09
ORD01128,2025-09-27,Customer_0496,Analytics License,Software,West,Priya,15,24059.69,0.15,306761.05,126313.37,180447.68,0.5882,2025-09
ORD00621,2025-09-27,Customer_0381,Cloud Platform,Software,Central,Rahul,10,36139.57,0.2,289116.56,108418.71,180697.85,0.625,2025-09
ORD02811,2025-09-27,Customer_0033,Communication Module,IoT Devices,East,Arjun,9,3833.53,0.2,27601.42,21391.1,6210.32,0.225,2025-09
ORD02878,2025-09-27,Customer_0071,Energy Monitor,Energy Management,East,Sneha,2,7873.43,0.1,14172.17,10077.99,4094.18,0.2889,2025-09
ORD01724,2025-09-27,Customer_0265,Advanced Meter,Energy Management,Central,Rahul,15,12577.77,0.1,169799.9,122633.26,47166.64,0.2778,2025-09
ORD00781,2025-09-28,Customer_0405,Network Controller,Networking,Central,Vikram,3,17377.0,0.05,49524.45,30235.98,19288.47,0.3895,2025-09
ORD03916,2025-09-28,Customer_0495,Network Controller,Networking,North,Priya,13,16950.55,0.1,198321.44,127807.15,70514.29,0.3556,2025-09
ORD02902,2025-09-28,Customer_0463,Communication Module,IoT Devices,East,Rohan,19,4484.91,0.15,72431.3,52832.24,19599.06,0.2706,2025-09
ORD03152,2025-09-28,Customer_0207,IoT Gateway,IoT Devices,Central,Arjun,11,14507.69,0.2,127667.67,95750.75,31916.92,0.25,2025-09
ORD00285,2025-09-28,Customer_0153,Smart Sensor,IoT Devices,East,Meera,17,5970.89,0.05,96429.87,61918.13,34511.74,0.3579,2025-09
ORD02963,2025-09-28,Customer_0350,Analytics License,Software,East,Aarav,16,19932.32,0.25,239187.84,111620.99,127566.85,0.5333,2025-09
ORD02324,2025-09-28,Customer_0453,Energy Monitor,Energy Management,East,Arjun,19,6629.45,0.1,113363.6,80614.11,32749.48,0.2889,2025-09
ORD04273,2025-09-28,Customer_0367,Data Logger,Data Solutions,West,Meera,1,6408.83,0.0,6408.83,4037.56,2371.27,0.37,2025-09
ORD00187,2025-09-28,Customer_0462,Cloud Platform,Software,West,Kavya,11,33045.39,0.0,363499.29,109049.79,254449.5,0.7,2025-09
ORD03290,2025-09-28,Customer_0066,Cloud Platform,Software,West,Priya,15,35587.6,0.1,480432.6,160144.2,320288.4,0.6667,2025-09
ORD01722,2025-09-28,Customer_0053,Analytics License,Software,Central,Rohan,5,22665.25,0.05,107659.94,39664.19,67995.75,0.6316,2025-09
ORD04342,2025-09-28,Customer_0076,IoT Gateway,IoT Devices,Central,Vikram,12,15995.33,0.0,191943.96,115166.38,76777.58,0.4,2025-09
ORD01331,2025-09-28,Customer_0234,Data Logger,Data Solutions,West,Rohan,14,7470.25,0.1,94125.15,65887.6,28237.55,0.3,2025-09
ORD04150,2025-09-28,Customer_0169,Communication Module,IoT Devices,Central,Meera,7,4592.38,0.0,32146.66,19930.93,12215.73,0.38,2025-09
ORD01388,2025-09-29,Customer_0142,Network Controller,Networking,North,Rohan,6,19319.51,0.0,115917.06,67231.89,48685.17,0.42,2025-09
ORD03589,2025-09-29,Customer_0284,Energy Monitor,Energy Management,West,Rahul,11,7296.73,0.05,76250.83,51368.98,24881.85,0.3263,2025-09
ORD04428,2025-09-29,Customer_0412,IoT Gateway,IoT Devices,West,Rohan,9,14974.62,0.15,114555.84,80862.95,33692.9,0.2941,2025-09
ORD03663,2025-09-29,Customer_0082,Energy Monitor,Energy Management,West,Rahul,18,7506.18,0.1,121600.12,86471.19,35128.92,0.2889,2025-09
ORD04614,2025-09-29,Customer_0431,Cloud Platform,Software,South,Sneha,13,38266.74,0.05,472594.24,149240.29,323353.95,0.6842,2025-09
ORD02677,2025-09-29,Customer_0292,Smart Meter,Energy Management,East,Priya,19,7936.55,0.0,150794.45,102540.23,48254.22,0.32,2025-09
ORD04824,2025-09-29,Customer_0208,IoT Gateway,IoT Devices,East,Sneha,12,13783.95,0.15,140596.29,99244.44,41351.85,0.2941,2025-09
ORD00433,2025-09-29,Customer_0320,Network Controller,Networking,East,Meera,4,20170.29,0.25,60510.87,46795.07,13715.8,0.2267,2025-09
ORD02586,2025-09-29,Customer_0077,Data Logger,Data Solutions,East,Arjun,17,6161.46,0.0,104744.82,65989.24,38755.58,0.37,2025-09
ORD00456,2025-09-29,Customer_0255,Smart Meter,Energy Management,North,Aarav,10,8855.85,0.05,84130.58,60219.78,23910.79,0.2842,2025-09
ORD03404,2025-09-30,Customer_0145,IoT Gateway,IoT Devices,East,Aarav,17,14774.36,0.25,188373.09,150698.47,37674.62,0.2,2025-09
ORD01398,2025-09-30,Customer_0132,Data Logger,Data Solutions,West,Arjun,3,6462.97,0.05,18419.46,12215.01,6204.45,0.3368,2025-09
ORD01772,2025-09-30,Customer_0053,Advanced Meter,Energy Management,North,Ananya,10,12762.68,0.15,108482.78,82957.42,25525.36,0.2353,2025-09
ORD04575,2025-09-30,Customer_0424,Energy Monitor,Energy Management,North,Ananya,11,7640.64,0.0,84047.04,53790.11,30256.93,0.36,2025-09
ORD01987,2025-09-30,Customer_0363,Cloud Platform,Software,Central,Priya,3,32749.73,0.1,88424.27,29474.76,58949.51,0.6667,2025-09
ORD01324,2025-09-30,Customer_0440,Analytics License,Software,South,Rohan,17,20616.31,0.15,297905.68,122667.04,175238.64,0.5882,2025-09
ORD04151,2025-09-30,Customer_0490,Communication Module,IoT Devices,West,Vikram,1,4339.21,0.0,4339.21,2690.31,1648.9,0.38,2025-09
ORD02683,2025-09-30,Customer_0104,Cloud Platform,Software,East,Sneha,20,38425.21,0.05,730078.99,230551.26,499527.73,0.6842,2025-09
ORD02372,2025-09-30,Customer_0010,Analytics License,Software,Central,Meera,18,22662.53,0.1,367132.99,142773.94,224359.05,0.6111,2025-09
ORD02644,2025-09-30,Customer_0182,Analytics License,Software,North,Ananya,13,21863.13,0.0,284220.69,99477.24,184743.45,0.65,2025-09
ORD00600,2025-09-30,Customer_0044,IoT Gateway,IoT Devices,East,Rahul,14,16034.59,0.05,213260.05,134690.56,78569.49,0.3684,2025-09
ORD04478,2025-09-30,Customer_0097,Energy Monitor,Energy Management,West,Priya,3,7523.16,0.15,19184.06,14444.47,4739.59,0.2471,2025-09
ORD03615,2025-09-30,Customer_0122,IoT Gateway,IoT Devices,South,Sneha,13,16482.5,0.05,203558.88,128563.5,74995.38,0.3684,2025-09
ORD01118,2025-09-30,Customer_0349,Smart Sensor,IoT Devices,West,Meera,4,5400.52,0.15,18361.77,13177.27,5184.5,0.2824,2025-09
ORD04541,2025-09-30,Customer_0327,Smart Sensor,IoT Devices,West,Arjun,8,5033.34,0.15,34226.71,24562.7,9664.01,0.2824,2025-09
ORD00041,2025-09-30,Customer_0176,Advanced Meter,Energy Management,Central,Meera,8,12992.54,0.15,88349.27,67561.21,20788.06,0.2353,2025-09
ORD00382,2025-09-30,Customer_0249,IoT Gateway,IoT Devices,South,Rahul,3,16140.94,0.15,41159.4,29053.69,12105.7,0.2941,2025-09
ORD03836,2025-09-30,Customer_0112,Network Controller,Networking,Central,Aarav,5,17187.93,0.1,77345.68,49845.0,27500.69,0.3556,2025-09
ORD01543,2025-09-30,Customer_0249,Cloud Platform,Software,South,Priya,16,32178.66,0.15,437629.78,154457.57,283172.21,0.6471,2025-09
ORD00159,2025-09-30,Customer_0188,Cloud Platform,Software,Central,Priya,14,35673.89,0.05,474462.74,149830.34,324632.4,0.6842,2025-09
ORD00098,2025-09-30,Customer_0025,Cloud Platform,Software,North,Sneha,7,32124.43,0.1,202383.91,67461.3,134922.61,0.6667,2025-09
ORD00745,2025-09-30,Customer_0110,Smart Sensor,IoT Devices,East,Ananya,6,5302.44,0.05,30223.91,19406.93,10816.98,0.3579,2025-09
ORD04843,2025-10-01,Customer_0270,Smart Sensor,IoT Devices,South,Meera,9,5023.61,0.05,42951.87,27579.62,15372.25,0.3579,2025-10
ORD02711,2025-10-01,Customer_0082,Energy Monitor,Energy Management,West,Rohan,12,6691.5,0.05,76283.1,51390.72,24892.38,0.3263,2025-10
ORD03193,2025-10-01,Customer_0007,Cloud Platform,Software,West,Sneha,12,35433.68,0.1,382683.74,127561.25,255122.5,0.6667,2025-10
ORD00862,2025-10-01,Customer_0243,Cloud Platform,Software,South,Meera,6,32096.88,0.2,154065.02,57774.38,96290.64,0.625,2025-10
ORD04097,2025-10-01,Customer_0232,Smart Sensor,IoT Devices,West,Arjun,17,5823.16,0.1,89094.35,60386.17,28708.18,0.3222,2025-10
ORD02290,2025-10-01,Customer_0237,Cloud Platform,Software,Central,Meera,6,34000.9,0.2,163204.32,61201.62,102002.7,0.625,2025-10
ORD02168,2025-10-01,Customer_0050,Data Logger,Data Solutions,West,Aarav,14,6151.15,0.25,64587.08,54253.14,10333.93,0.16,2025-10
ORD01832,2025-10-01,Customer_0336,Smart Meter,Energy Management,South,Priya,15,9274.96,0.1,125211.96,94604.59,30607.37,0.2444,2025-10
ORD02391,2025-10-01,Customer_0074,Smart Sensor,IoT Devices,North,Rahul,15,5264.51,0.05,75019.27,48170.27,26849.0,0.3579,2025-10
ORD03167,2025-10-01,Customer_0134,Smart Sensor,IoT Devices,South,Sneha,4,5017.96,0.1,18064.66,12243.82,5820.83,0.3222,2025-10
ORD01493,2025-10-01,Customer_0286,Analytics License,Software,South,Arjun,17,22914.59,0.05,370070.63,136341.81,233728.82,0.6316,2025-10
ORD04709,2025-10-01,Customer_0378,Smart Meter,Energy Management,South,Vikram,17,9348.52,0.2,127139.87,108068.89,19070.98,0.15,2025-10
ORD04788,2025-10-01,Customer_0252,Energy Monitor,Energy Management,North,Kavya,4,7380.24,0.2,23616.77,18893.41,4723.35,0.2,2025-10
ORD01827,2025-10-01,Customer_0413,Data Logger,Data Solutions,North,Ananya,19,7083.67,0.15,114401.27,84791.53,29609.74,0.2588,2025-10
ORD03111,2025-10-02,Customer_0063,Smart Sensor,IoT Devices,North,Rohan,14,5026.73,0.05,66855.51,42928.27,23927.23,0.3579,2025-10
ORD03210,2025-10-02,Customer_0296,Network Controller,Networking,North,Rahul,9,18640.96,0.05,159380.21,97305.81,62074.4,0.3895,2025-10
ORD00342,2025-10-02,Customer_0206,Communication Module,IoT Devices,North,Rohan,9,4485.15,0.25,30274.76,25027.14,5247.63,0.1733,2025-10
ORD01081,2025-10-02,Customer_0028,Smart Sensor,IoT Devices,Central,Priya,19,5440.26,0.0,103364.94,63052.61,40312.33,0.39,2025-10
ORD00343,2025-10-02,Customer_0437,Network Controller,Networking,Central,Sneha,15,18314.42,0.05,260980.48,159335.45,101645.03,0.3895,2025-10
ORD01069,2025-10-02,Customer_0331,Smart Meter,Energy Management,North,Ananya,19,7682.98,0.05,138677.79,99264.1,39413.69,0.2842,2025-10
ORD03115,2025-10-02,Customer_0467,Network Controller,Networking,West,Ananya,9,19657.1,0.1,159222.51,102610.06,56612.45,0.3556,2025-10
ORD03957,2025-10-02,Customer_0082,Network Controller,Networking,Central,Sneha,20,19420.03,0.05,368980.57,225272.35,143708.22,0.3895,2025-10
ORD01020,2025-10-02,Customer_0165,Advanced Meter,Energy Management,Central,Rohan,4,11721.25,0.2,37508.0,30475.25,7032.75,0.1875,2025-10
ORD01181,2025-10-02,Customer_0428,Smart Meter,Energy Management,North,Ananya,9,8799.19,0.15,67313.8,53851.04,13462.76,0.2,2025-10
ORD03669,2025-10-02,Customer_0289,Network Controller,Networking,South,Vikram,12,19080.43,0.1,206068.64,132799.79,73268.85,0.3556,2025-10
ORD03046,2025-10-02,Customer_0361,Energy Monitor,Energy Management,Central,Vikram,14,7288.45,0.1,91834.47,65304.51,26529.96,0.2889,2025-10
ORD01499,2025-10-02,Customer_0045,Energy Monitor,Energy Management,South,Rahul,5,7471.26,0.05,35488.48,23908.03,11580.45,0.3263,2025-10
ORD01853,2025-10-02,Customer_0376,Cloud Platform,Software,West,Arjun,12,36613.49,0.05,417393.79,131808.56,285585.22,0.6842,2025-10
ORD00401,2025-10-02,Customer_0074,Data Logger,Data Solutions,South,Sneha,17,7098.92,0.2,96545.31,76029.43,20515.88,0.2125,2025-10
ORD00622,2025-10-02,Customer_0027,IoT Gateway,IoT Devices,West,Sneha,13,15215.99,0.2,158246.3,118684.72,39561.57,0.25,2025-10
ORD03691,2025-10-02,Customer_0122,Advanced Meter,Energy Management,North,Kavya,19,13192.29,0.15,213055.48,162924.78,50130.7,0.2353,2025-10
ORD01957,2025-10-02,Customer_0476,Energy Monitor,Energy Management,West,Kavya,19,7634.77,0.2,116048.5,92838.8,23209.7,0.2,2025-10
ORD01745,2025-10-03,Customer_0151,Data Logger,Data Solutions,Central,Aarav,18,7019.14,0.0,126344.52,79597.05,46747.47,0.37,2025-10
ORD02113,2025-10-03,Customer_0475,Smart Meter,Energy Management,West,Rahul,2,9189.48,0.05,17460.01,12497.69,4962.32,0.2842,2025-10
ORD00215,2025-10-03,Customer_0064,Data Logger,Data Solutions,West,Vikram,8,6959.32,0.15,47323.38,35074.97,12248.4,0.2588,2025-10
ORD00566,2025-10-03,Customer_0481,Advanced Meter,Energy Management,North,Aarav,20,13125.66,0.05,249387.54,170633.58,78753.96,0.3158,2025-10
ORD04284,2025-10-03,Customer_0493,Communication Module,IoT Devices,South,Rohan,19,4360.08,0.15,70415.29,51361.74,19053.55,0.2706,2025-10
ORD00721,2025-10-03,Customer_0393,Communication Module,IoT Devices,Central,Aarav,16,4042.85,0.2,51748.48,40105.07,11643.41,0.225,2025-10
ORD02365,2025-10-03,Customer_0483,Data Logger,Data Solutions,South,Vikram,19,7477.55,0.25,106555.09,89506.27,17048.81,0.16,2025-10
ORD02401,2025-10-03,Customer_0023,IoT Gateway,IoT Devices,North,Meera,8,15952.43,0.1,114857.5,76571.66,38285.83,0.3333,2025-10
ORD00994,2025-10-03,Customer_0456,Smart Meter,Energy Management,East,Vikram,10,8778.82,0.05,83398.79,59695.98,23702.81,0.2842,2025-10
ORD01989,2025-10-03,Customer_0017,Data Logger,Data Solutions,East,Rahul,4,6144.91,0.1,22121.68,15485.17,6636.5,0.3,2025-10
ORD00092,2025-10-04,Customer_0022,Communication Module,IoT Devices,Central,Kavya,5,4069.87,0.05,19331.88,12616.6,6715.29,0.3474,2025-10
ORD00497,2025-10-04,Customer_0302,Network Controller,Networking,Central,Sneha,20,19878.75,0.2,318060.0,230593.5,87466.5,0.275,2025-10
ORD01067,2025-10-04,Customer_0154,IoT Gateway,IoT Devices,North,Rahul,18,14000.85,0.0,252015.3,151209.18,100806.12,0.4,2025-10
ORD00830,2025-10-04,Customer_0127,Communication Module,IoT Devices,Central,Kavya,3,3849.36,0.05,10970.68,7159.81,3810.87,0.3474,2025-10
ORD00280,2025-10-04,Customer_0139,IoT Gateway,IoT Devices,West,Rahul,8,14559.75,0.05,110654.1,69886.8,40767.3,0.3684,2025-10
ORD01013,2025-10-04,Customer_0391,IoT Gateway,IoT Devices,South,Aarav,5,16173.94,0.1,72782.73,48521.82,24260.91,0.3333,2025-10
ORD00850,2025-10-04,Customer_0259,Communication Module,IoT Devices,West,Vikram,6,4600.22,0.25,20700.99,17112.82,3588.17,0.1733,2025-10
ORD03635,2025-10-04,Customer_0111,Smart Sensor,IoT Devices,West,Vikram,18,5010.46,0.1,81169.45,55014.85,26154.6,0.3222,2025-10
ORD00235,2025-10-04,Customer_0381,IoT Gateway,IoT Devices,West,Arjun,13,14554.87,0.0,189213.31,113527.99,75685.32,0.4,2025-10
ORD03361,2025-10-04,Customer_0433,Cloud Platform,Software,Central,Rahul,7,31560.75,0.15,187786.46,66277.57,121508.89,0.6471,2025-10
ORD04288,2025-10-04,Customer_0347,Data Logger,Data Solutions,South,Meera,12,6825.48,0.15,69619.9,51600.63,18019.27,0.2588,2025-10
ORD02928,2025-10-04,Customer_0173,Network Controller,Networking,South,Ananya,12,19125.75,0.05,218033.55,133115.22,84918.33,0.3895,2025-10
ORD03807,2025-10-04,Customer_0168,Data Logger,Data Solutions,South,Rahul,2,6717.71,0.0,13435.42,8464.31,4971.11,0.37,2025-10
ORD04811,2025-10-04,Customer_0111,Analytics License,Software,North,Kavya,15,22794.71,0.2,273536.52,119672.23,153864.29,0.5625,2025-10
ORD03304,2025-10-05,Customer_0080,IoT Gateway,IoT Devices,South,Rohan,11,13881.53,0.1,137427.15,91618.1,45809.05,0.3333,2025-10
ORD02023,2025-10-05,Customer_0176,Smart Sensor,IoT Devices,North,Arjun,16,5851.47,0.15,79579.99,57110.35,22469.64,0.2824,2025-10
ORD02433,2025-10-05,Customer_0116,Communication Module,IoT Devices,West,Priya,8,4382.54,0.1,31554.29,21737.4,9816.89,0.3111,2025-10
ORD04341,2025-10-05,Customer_0434,Communication Module,IoT Devices,Central,Ananya,18,3835.01,0.15,58675.65,42798.71,15876.94,0.2706,2025-10
ORD04890,2025-10-05,Customer_0192,Analytics License,Software,West,Rahul,16,20954.98,0.15,284987.73,117347.89,167639.84,0.5882,2025-10
ORD02574,2025-10-05,Customer_0496,Energy Monitor,Energy Management,North,Meera,3,7049.64,0.25,15861.69,13535.31,2326.38,0.1467,2025-10
ORD01039,2025-10-05,Customer_0353,IoT Gateway,IoT Devices,West,Arjun,20,13955.94,0.0,279118.8,167471.28,111647.52,0.4,2025-10
ORD04356,2025-10-05,Customer_0160,Smart Sensor,IoT Devices,West,Rahul,20,5954.22,0.1,107175.96,72641.48,34534.48,0.3222,2025-10
ORD03506,2025-10-05,Customer_0256,Smart Meter,Energy Management,East,Meera,20,7825.12,0.1,140852.16,106421.63,34430.53,0.2444,2025-10
ORD02918,2025-10-05,Customer_0345,Advanced Meter,Energy Management,Central,Aarav,3,13460.43,0.15,34324.1,26247.84,8076.26,0.2353,2025-10
ORD00778,2025-10-05,Customer_0222,IoT Gateway,IoT Devices,Central,Rahul,18,14483.53,0.2,208562.83,156422.12,52140.71,0.25,2025-10
ORD03755,2025-10-05,Customer_0068,Communication Module,IoT Devices,Central,Rahul,15,3967.45,0.05,56536.16,36897.28,19638.88,0.3474,2025-10
ORD00526,2025-10-05,Customer_0388,Cloud Platform,Software,West,Meera,10,36133.78,0.2,289070.24,108401.34,180668.9,0.625,2025-10
ORD03921,2025-10-05,Customer_0057,Analytics License,Software,North,Rohan,9,21369.64,0.1,173094.08,67314.37,105779.72,0.6111,2025-10
ORD01449,2025-10-05,Customer_0293,Advanced Meter,Energy Management,East,Aarav,17,12243.11,0.05,197726.23,135286.37,62439.86,0.3158,2025-10
ORD03184,2025-10-06,Customer_0221,Advanced Meter,Energy Management,West,Aarav,14,13056.85,0.25,137096.92,118817.34,18279.59,0.1333,2025-10
ORD03354,2025-10-06,Customer_0222,Energy Monitor,Energy Management,Central,Priya,7,7378.84,0.05,49069.29,33057.2,16012.08,0.3263,2025-10
ORD04249,2025-10-06,Customer_0109,Analytics License,Software,South,Sneha,4,23772.8,0.2,76072.96,33281.92,42791.04,0.5625,2025-10
ORD00324,2025-10-06,Customer_0267,Cloud Platform,Software,West,Meera,18,32153.86,0.1,520892.53,173630.84,347261.69,0.6667,2025-10
ORD00451,2025-10-06,Customer_0318,IoT Gateway,IoT Devices,North,Vikram,13,13612.71,0.0,176965.23,106179.14,70786.09,0.4,2025-10
ORD03560,2025-10-06,Customer_0366,Smart Sensor,IoT Devices,North,Priya,9,5714.84,0.15,43718.53,31374.47,12344.05,0.2824,2025-10
ORD01339,2025-10-06,Customer_0406,Smart Sensor,IoT Devices,East,Vikram,10,5917.34,0.1,53256.06,36095.77,17160.29,0.3222,2025-10
ORD04959,2025-10-06,Customer_0288,Network Controller,Networking,West,Priya,1,19062.54,0.15,16203.16,11056.27,5146.89,0.3176,2025-10
ORD01636,2025-10-06,Customer_0489,Energy Monitor,Energy Management,West,Vikram,17,6789.92,0.0,115428.64,73874.33,41554.31,0.36,2025-10
ORD02602,2025-10-06,Customer_0162,Smart Sensor,IoT Devices,Central,Rahul,15,5119.21,0.05,72948.74,46840.77,26107.97,0.3579,2025-10
ORD00524,2025-10-06,Customer_0062,Smart Sensor,IoT Devices,North,Rahul,18,6004.35,0.1,97270.47,65927.76,31342.71,0.3222,2025-10
ORD01947,2025-10-07,Customer_0181,Smart Sensor,IoT Devices,East,Rohan,19,6038.52,0.05,108995.29,69986.45,39008.84,0.3579,2025-10
ORD02790,2025-10-07,Customer_0451,Network Controller,Networking,North,Meera,15,19277.13,0.15,245783.41,167711.03,78072.38,0.3176,2025-10
ORD03654,2025-10-07,Customer_0047,Communication Module,IoT Devices,North,Aarav,9,4004.75,0.0,36042.75,22346.51,13696.24,0.38,2025-10
ORD04806,2025-10-07,Customer_0231,IoT Gateway,IoT Devices,South,Ananya,10,14911.74,0.1,134205.66,89470.44,44735.22,0.3333,2025-10
ORD00308,2025-10-07,Customer_0316,Smart Meter,Energy Management,West,Vikram,4,8951.37,0.05,34015.21,24347.73,9667.48,0.2842,2025-10
ORD02194,2025-10-07,Customer_0330,IoT Gateway,IoT Devices,Central,Kavya,6,14347.5,0.05,81780.75,51651.0,30129.75,0.3684,2025-10
ORD04845,2025-10-07,Customer_0173,Communication Module,IoT Devices,South,Kavya,8,4427.23,0.1,31876.06,21959.06,9917.0,0.3111,2025-10
ORD01296,2025-10-07,Customer_0373,IoT Gateway,IoT Devices,East,Arjun,8,15130.62,0.15,102888.22,72626.98,30261.24,0.2941,2025-10
ORD03365,2025-10-07,Customer_0154,Data Logger,Data Solutions,North,Rahul,19,6488.34,0.0,123278.46,77665.43,45613.03,0.37,2025-10
ORD00640,2025-10-07,Customer_0216,Cloud Platform,Software,South,Meera,10,35326.87,0.2,282614.96,105980.61,176634.35,0.625,2025-10
ORD04082,2025-10-07,Customer_0008,Advanced Meter,Energy Management,East,Priya,20,13583.92,0.05,258094.48,176590.96,81503.52,0.3158,2025-10
ORD00418,2025-10-07,Customer_0138,Analytics License,Software,East,Vikram,2,19885.04,0.0,39770.08,13919.53,25850.55,0.65,2025-10
ORD04621,2025-10-08,Customer_0299,Energy Monitor,Energy Management,East,Kavya,9,7240.4,0.0,65163.6,41704.7,23458.9,0.36,2025-10
ORD02255,2025-10-08,Customer_0136,Communication Module,IoT Devices,East,Aarav,8,4541.61,0.25,27249.66,22526.39,4723.27,0.1733,2025-10
ORD02788,2025-10-08,Customer_0081,Smart Meter,Energy Management,South,Rohan,17,8098.35,0.05,130788.35,93616.93,37171.43,0.2842,2025-10
ORD00341,2025-10-08,Customer_0215,Smart Meter,Energy Management,North,Rahul,8,8907.84,0.2,57010.18,48458.65,8551.53,0.15,2025-10
ORD01699,2025-10-08,Customer_0010,Energy Monitor,Energy Management,West,Priya,18,7372.75,0.1,119438.55,84934.08,34504.47,0.2889,2025-10
ORD02800,2025-10-08,Customer_0012,IoT Gateway,IoT Devices,Central,Rahul,8,14068.37,0.15,95664.92,67528.18,28136.74,0.2941,2025-10
ORD04707,2025-10-08,Customer_0324,Network Controller,Networking,Central,Meera,2,17021.73,0.05,32341.29,19745.21,12596.08,0.3895,2025-10
ORD01819,2025-10-08,Customer_0103,Data Logger,Data Solutions,West,Meera,6,6199.96,0.15,31619.8,23435.85,8183.95,0.2588,2025-10
ORD00190,2025-10-08,Customer_0027,Smart Meter,Energy Management,West,Vikram,12,8606.68,0.1,92952.14,70230.51,22721.64,0.2444,2025-10
ORD03168,2025-10-08,Customer_0139,IoT Gateway,IoT Devices,North,Arjun,10,14036.64,0.15,119311.44,84219.84,35091.6,0.2941,2025-10
ORD03376,2025-10-08,Customer_0296,IoT Gateway,IoT Devices,West,Ananya,4,15756.77,0.2,50421.66,37816.25,12605.42,0.25,2025-10
ORD04920,2025-10-08,Customer_0037,Network Controller,Networking,West,Vikram,11,18465.46,0.0,203120.06,117809.63,85310.43,0.42,2025-10
ORD03389,2025-10-08,Customer_0497,Analytics License,Software,East,Sneha,5,21654.41,0.05,102858.45,37895.22,64963.23,0.6316,2025-10
ORD01613,2025-10-09,Customer_0478,Analytics License,Software,East,Rohan,8,20241.62,0.15,137643.02,56676.54,80966.48,0.5882,2025-10
ORD01280,2025-10-09,Customer_0405,IoT Gateway,IoT Devices,South,Meera,16,15565.94,0.25,186791.28,149433.02,37358.26,0.2,2025-10
ORD04772,2025-10-09,Customer_0273,Energy Monitor,Energy Management,Central,Kavya,6,6597.63,0.05,37606.49,25334.9,12271.59,0.3263,2025-10
ORD04340,2025-10-09,Customer_0156,Cloud Platform,Software,West,Rohan,8,34037.3,0.05,258683.48,81689.52,176993.96,0.6842,2025-10
ORD03276,2025-10-09,Customer_0096,Data Logger,Data Solutions,West,Kavya,16,7323.9,0.0,117182.4,73824.91,43357.49,0.37,2025-10
ORD01379,2025-10-09,Customer_0459,Smart Sensor,IoT Devices,Central,Ananya,8,5812.31,0.2,37198.78,28364.07,8834.71,0.2375,2025-10
ORD04727,2025-10-09,Customer_0302,Energy Monitor,Energy Management,Central,Rohan,14,6803.27,0.15,80958.91,60957.3,20001.61,0.2471,2025-10
ORD01459,2025-10-09,Customer_0210,Energy Monitor,Energy Management,Central,Sneha,12,7481.26,0.1,80797.61,57456.08,23341.53,0.2889,2025-10
ORD00508,2025-10-09,Customer_0305,Energy Monitor,Energy Management,East,Rohan,17,6777.0,0.1,103688.1,73733.76,29954.34,0.2889,2025-10
ORD03099,2025-10-09,Customer_0337,Advanced Meter,Energy Management,South,Priya,6,11868.01,0.15,60526.85,46285.24,14241.61,0.2353,2025-10
ORD02086,2025-10-09,Customer_0309,Smart Meter,Energy Management,Central,Priya,14,8989.09,0.15,106970.17,85576.14,21394.03,0.2,2025-10
ORD03792,2025-10-09,Customer_0135,Network Controller,Networking,West,Rohan,10,19593.39,0.1,176340.51,113641.66,62698.85,0.3556,2025-10
ORD04879,2025-10-09,Customer_0087,Smart Sensor,IoT Devices,East,Rohan,20,5488.62,0.25,82329.3,66961.16,15368.14,0.1867,2025-10
ORD04771,2025-10-09,Customer_0462,Energy Monitor,Energy Management,Central,Rohan,8,6648.7,0.15,45211.16,34041.34,11169.82,0.2471,2025-10
ORD02369,2025-10-09,Customer_0468,Network Controller,Networking,West,Arjun,3,17124.98,0.1,46237.45,29797.47,16439.98,0.3556,2025-10
ORD03485,2025-10-09,Customer_0070,Smart Meter,Energy Management,East,Vikram,10,9309.66,0.15,79132.11,63305.69,15826.42,0.2,2025-10
ORD01386,2025-10-09,Customer_0270,Network Controller,Networking,South,Ananya,18,19359.48,0.15,296200.04,202112.97,94087.07,0.3176,2025-10
ORD01858,2025-10-09,Customer_0126,Smart Sensor,IoT Devices,West,Sneha,12,5091.83,0.05,58046.86,37272.2,20774.67,0.3579,2025-10
ORD01877,2025-10-09,Customer_0419,IoT Gateway,IoT Devices,South,Rahul,6,15224.73,0.05,86780.96,54809.03,31971.93,0.3684,2025-10
ORD04729,2025-10-10,Customer_0413,Network Controller,Networking,West,Vikram,10,18641.1,0.05,177090.45,108118.38,68972.07,0.3895,2025-10
ORD04045,2025-10-10,Customer_0355,Smart Meter,Energy Management,West,Sneha,5,8429.52,0.15,35825.46,28660.37,7165.09,0.2,2025-10
ORD00421,2025-10-10,Customer_0162,Smart Sensor,IoT Devices,Central,Kavya,10,5797.17,0.2,46377.36,35362.74,11014.62,0.2375,2025-10
ORD02663,2025-10-10,Customer_0326,Analytics License,Software,West,Arjun,6,24017.64,0.1,129695.26,50437.04,79258.21,0.6111,2025-10
ORD02452,2025-10-10,Customer_0336,Smart Sensor,IoT Devices,South,Rahul,15,5743.67,0.05,81847.3,52554.58,29292.72,0.3579,2025-10
ORD02151,2025-10-10,Customer_0460,Smart Sensor,IoT Devices,East,Aarav,19,5193.14,0.0,98669.66,60188.49,38481.17,0.39,2025-10
ORD01761,2025-10-10,Customer_0308,Smart Sensor,IoT Devices,Central,Aarav,8,5872.12,0.15,39930.42,28655.95,11274.47,0.2824,2025-10
ORD00068,2025-10-10,Customer_0339,Smart Sensor,IoT Devices,Central,Aarav,2,5039.48,0.0,10078.96,6148.17,3930.79,0.39,2025-10
ORD01766,2025-10-10,Customer_0445,Smart Meter,Energy Management,Central,Aarav,3,8394.48,0.2,20146.75,17124.74,3022.01,0.15,2025-10
ORD04606,2025-10-10,Customer_0175,IoT Gateway,IoT Devices,Central,Vikram,18,13923.54,0.2,200498.98,150374.23,50124.74,0.25,2025-10
ORD02686,2025-10-10,Customer_0222,Analytics License,Software,South,Meera,20,20821.59,0.15,353967.03,145751.13,208215.9,0.5882,2025-10
ORD00465,2025-10-10,Customer_0320,Smart Meter,Energy Management,East,Rahul,16,9116.49,0.05,138570.65,99187.41,39383.24,0.2842,2025-10
ORD02124,2025-10-10,Customer_0324,Cloud Platform,Software,South,Meera,11,33040.67,0.05,345275.0,109034.21,236240.79,0.6842,2025-10
ORD01893,2025-10-11,Customer_0342,Network Controller,Networking,South,Meera,15,18571.89,0.15,236791.6,161575.44,75216.15,0.3176,2025-10
ORD00277,2025-10-11,Customer_0214,Data Logger,Data Solutions,North,Aarav,11,6793.81,0.1,67258.72,47081.1,20177.62,0.3,2025-10
ORD02605,2025-10-11,Customer_0339,Smart Sensor,IoT Devices,South,Ananya,2,6026.62,0.0,12053.24,7352.48,4700.76,0.39,2025-10
ORD03566,2025-10-11,Customer_0134,Advanced Meter,Energy Management,North,Sneha,4,12925.5,0.2,41361.6,33606.3,7755.3,0.1875,2025-10
ORD04188,2025-10-11,Customer_0241,Communication Module,IoT Devices,Central,Rahul,3,4475.28,0.2,10740.67,8324.02,2416.65,0.225,2025-10
ORD02389,2025-10-11,Customer_0305,Smart Meter,Energy Management,East,Kavya,16,8643.59,0.2,110637.95,94042.26,16595.69,0.15,2025-10
ORD00064,2025-10-11,Customer_0367,Cloud Platform,Software,Central,Arjun,14,36237.39,0.1,456591.11,152197.04,304394.08,0.6667,2025-10
ORD03500,2025-10-11,Customer_0470,Smart Sensor,IoT Devices,Central,Priya,14,5825.93,0.2,65250.42,49753.44,15496.97,0.2375,2025-10
ORD00018,2025-10-11,Customer_0134,Analytics License,Software,West,Sneha,2,22547.16,0.05,42839.6,15783.01,27056.59,0.6316,2025-10
ORD04069,2025-10-11,Customer_0399,Network Controller,Networking,West,Vikram,18,17464.15,0.05,298636.97,182325.73,116311.24,0.3895,2025-10
ORD02341,2025-10-11,Customer_0270,IoT Gateway,IoT Devices,West,Priya,12,13584.02,0.2,130406.59,97804.94,32601.65,0.25,2025-10
ORD03432,2025-10-11,Customer_0391,Cloud Platform,Software,Central,Sneha,2,37942.52,0.1,68296.54,22765.51,45531.02,0.6667,2025-10
ORD01549,2025-10-11,Customer_0410,Advanced Meter,Energy Management,East,Meera,18,12350.37,0.1,200075.99,144499.33,55576.67,0.2778,2025-10
ORD01540,2025-10-11,Customer_0442,Advanced Meter,Energy Management,Central,Vikram,18,13074.02,0.0,235332.36,152966.03,82366.33,0.35,2025-10
ORD04659,2025-10-11,Customer_0343,Smart Meter,Energy Management,East,Ananya,1,8620.93,0.05,8189.88,5862.23,2327.65,0.2842,2025-10
ORD04058,2025-10-12,Customer_0154,Analytics License,Software,South,Vikram,1,19933.77,0.15,16943.7,6976.82,9966.88,0.5882,2025-10
ORD03004,2025-10-12,Customer_0085,Communication Module,IoT Devices,North,Aarav,2,4315.93,0.05,8200.27,5351.75,2848.51,0.3474,2025-10
ORD02289,2025-10-12,Customer_0110,Data Logger,Data Solutions,Central,Ananya,9,7040.36,0.1,57026.92,39918.84,17108.07,0.3,2025-10
ORD01847,2025-10-12,Customer_0144,Cloud Platform,Software,East,Aarav,2,36410.43,0.15,61897.73,21846.26,40051.47,0.6471,2025-10
ORD00878,2025-10-12,Customer_0037,Smart Sensor,IoT Devices,North,Ananya,16,5906.58,0.05,89780.02,57648.22,32131.8,0.3579,2025-10
ORD02469,2025-10-12,Customer_0142,Smart Meter,Energy Management,Central,Arjun,5,7713.5,0.1,34710.75,26225.9,8484.85,0.2444,2025-10
ORD03712,2025-10-12,Customer_0048,Analytics License,Software,North,Rahul,20,20791.48,0.15,353455.16,145540.36,207914.8,0.5882,2025-10
ORD02876,2025-10-12,Customer_0120,Advanced Meter,Energy Management,West,Arjun,18,11999.94,0.0,215998.92,140399.3,75599.62,0.35,2025-10
ORD03499,2025-10-12,Customer_0216,Network Controller,Networking,South,Vikram,5,18390.65,0.0,91953.25,53332.88,38620.37,0.42,2025-10
ORD01815,2025-10-12,Customer_0399,Advanced Meter,Energy Management,West,Arjun,17,13746.88,0.1,210327.26,151903.02,58424.24,0.2778,2025-10
ORD01985,2025-10-12,Customer_0420,Smart Sensor,IoT Devices,East,Arjun,8,5515.45,0.1,39711.24,26915.4,12795.84,0.3222,2025-10
ORD02346,2025-10-12,Customer_0113,Communication Module,IoT Devices,East,Kavya,2,3887.53,0.1,6997.55,4820.54,2177.02,0.3111,2025-10
ORD02896,2025-10-12,Customer_0342,Data Logger,Data Solutions,South,Sneha,16,6247.61,0.2,79969.41,62975.91,16993.5,0.2125,2025-10
ORD00378,2025-10-12,Customer_0401,Smart Meter,Energy Management,Central,Kavya,13,8681.69,0.05,107218.87,76746.14,30472.73,0.2842,2025-10
ORD04483,2025-10-12,Customer_0359,Smart Meter,Energy Management,North,Meera,3,8368.77,0.1,22595.68,17072.29,5523.39,0.2444,2025-10
ORD04487,2025-10-12,Customer_0113,Data Logger,Data Solutions,East,Ananya,13,7162.23,0.1,83798.09,58658.66,25139.43,0.3,2025-10
ORD01245,2025-10-12,Customer_0267,Energy Monitor,Energy Management,South,Priya,9,7469.09,0.2,53777.45,43021.96,10755.49,0.2,2025-10
ORD03985,2025-10-12,Customer_0432,Energy Monitor,Energy Management,Central,Vikram,1,6644.08,0.05,6311.88,4252.21,2059.66,0.3263,2025-10
ORD04334,2025-10-12,Customer_0389,Network Controller,Networking,Central,Ananya,11,19589.78,0.15,183164.44,124982.8,58181.65,0.3176,2025-10
ORD03788,2025-10-12,Customer_0200,Data Logger,Data Solutions,West,Arjun,4,7002.1,0.15,23807.14,17645.29,6161.85,0.2588,2025-10
ORD02570,2025-10-13,Customer_0345,Energy Monitor,Energy Management,Central,Priya,20,7224.01,0.25,108360.15,92467.33,15892.82,0.1467,2025-10
ORD01605,2025-10-13,Customer_0297,Communication Module,IoT Devices,South,Rahul,6,3845.21,0.15,19610.57,14304.18,5306.39,0.2706,2025-10
ORD04351,2025-10-13,Customer_0219,Communication Module,IoT Devices,North,Aarav,1,4611.46,0.1,4150.31,2859.11,1291.21,0.3111,2025-10
ORD03740,2025-10-13,Customer_0144,IoT Gateway,IoT Devices,Central,Kavya,6,14759.48,0.05,84129.04,53134.13,30994.91,0.3684,2025-10
ORD01609,2025-10-13,Customer_0281,Energy Monitor,Energy Management,South,Kavya,2,6534.63,0.0,13069.26,8364.33,4704.93,0.36,2025-10
ORD00569,2025-10-13,Customer_0238,Advanced Meter,Energy Management,South,Arjun,7,13587.93,0.1,85603.96,61825.08,23778.88,0.2778,2025-10
ORD02904,2025-10-13,Customer_0034,Smart Meter,Energy Management,West,Aarav,3,8970.67,0.2,21529.61,18300.17,3229.44,0.15,2025-10
ORD03914,2025-10-13,Customer_0429,Energy Monitor,Energy Management,East,Priya,6,6939.36,0.1,37472.54,26647.14,10825.4,0.2889,2025-10
ORD00087,2025-10-13,Customer_0308,Advanced Meter,Energy Management,North,Kavya,15,12343.69,0.2,148124.28,120350.98,27773.3,0.1875,2025-10
ORD04463,2025-10-13,Customer_0108,Energy Monitor,Energy Management,South,Rohan,12,6730.9,0.1,72693.72,51693.31,21000.41,0.2889,2025-10
ORD04016,2025-10-13,Customer_0492,IoT Gateway,IoT Devices,North,Sneha,20,14531.64,0.15,247037.88,174379.68,72658.2,0.2941,2025-10
ORD03439,2025-10-13,Customer_0357,Network Controller,Networking,Central,Meera,11,19970.97,0.15,186728.57,127414.79,59313.78,0.3176,2025-10
ORD00252,2025-10-13,Customer_0036,Cloud Platform,Software,Central,Vikram,20,31921.0,0.1,574578.0,191526.0,383052.0,0.6667,2025-10
ORD00344,2025-10-13,Customer_0089,Energy Monitor,Energy Management,East,Arjun,9,6497.86,0.1,52632.67,37427.67,15204.99,0.2889,2025-10
ORD02901,2025-10-14,Customer_0077,Cloud Platform,Software,Central,Rahul,1,37421.78,0.05,35550.69,11226.53,24324.16,0.6842,2025-10
ORD02997,2025-10-14,Customer_0049,Advanced Meter,Energy Management,West,Aarav,11,13454.9,0.05,140603.7,96202.54,44401.17,0.3158,2025-10
ORD02978,2025-10-14,Customer_0318,Energy Monitor,Energy Management,East,Rohan,9,7135.73,0.1,57799.41,41101.8,16697.61,0.2889,2025-10
ORD01034,2025-10-14,Customer_0184,IoT Gateway,IoT Devices,North,Rohan,1,16289.38,0.2,13031.5,9773.63,3257.88,0.25,2025-10
ORD02146,2025-10-14,Customer_0166,Smart Sensor,IoT Devices,South,Ananya,14,5282.18,0.1,66555.47,45109.82,21445.65,0.3222,2025-10
ORD02893,2025-10-14,Customer_0434,Communication Module,IoT Devices,East,Rohan,12,3855.27,0.05,43950.08,28683.21,15266.87,0.3474,2025-10
ORD01055,2025-10-14,Customer_0014,Data Logger,Data Solutions,West,Sneha,2,7198.26,0.2,11517.22,9069.81,2447.41,0.2125,2025-10
ORD01112,2025-10-14,Customer_0291,Network Controller,Networking,North,Arjun,7,19374.14,0.15,115276.13,78659.01,36617.12,0.3176,2025-10
ORD01358,2025-10-14,Customer_0012,Energy Monitor,Energy Management,East,Vikram,12,7039.48,0.2,67579.01,54063.21,13515.8,0.2,2025-10
ORD03995,2025-10-14,Customer_0028,IoT Gateway,IoT Devices,Central,Rahul,10,16483.43,0.1,148350.87,98900.58,49450.29,0.3333,2025-10
ORD02048,2025-10-14,Customer_0478,Smart Sensor,IoT Devices,East,Rahul,2,5567.8,0.15,9465.26,6792.72,2672.54,0.2824,2025-10
ORD02034,2025-10-14,Customer_0094,IoT Gateway,IoT Devices,West,Rohan,15,15950.91,0.15,203374.1,143558.19,59815.91,0.2941,2025-10
ORD03664,2025-10-14,Customer_0464,Network Controller,Networking,West,Kavya,5,18639.22,0.15,79216.68,54053.74,25162.95,0.3176,2025-10
ORD03369,2025-10-14,Customer_0473,Smart Meter,Energy Management,East,Meera,4,8925.39,0.1,32131.4,24277.06,7854.34,0.2444,2025-10
ORD04465,2025-10-14,Customer_0058,IoT Gateway,IoT Devices,South,Rahul,6,13877.45,0.1,74938.23,49958.82,24979.41,0.3333,2025-10
ORD03052,2025-10-14,Customer_0427,Data Logger,Data Solutions,East,Arjun,7,6985.02,0.25,36671.35,30803.94,5867.42,0.16,2025-10
ORD00646,2025-10-14,Customer_0438,Data Logger,Data Solutions,Central,Sneha,3,6604.97,0.05,18824.16,12483.39,6340.77,0.3368,2025-10
ORD04961,2025-10-15,Customer_0441,Smart Meter,Energy Management,North,Meera,9,9102.46,0.05,77826.03,55707.06,22118.98,0.2842,2025-10
ORD03999,2025-10-15,Customer_0095,Network Controller,Networking,South,Ananya,16,18364.39,0.15,249755.7,170421.54,79334.16,0.3176,2025-10
ORD03685,2025-10-15,Customer_0337,Communication Module,IoT Devices,North,Aarav,9,3974.42,0.1,32192.8,22177.26,10015.54,0.3111,2025-10
ORD02510,2025-10-15,Customer_0147,Network Controller,Networking,South,Arjun,11,19933.41,0.25,164450.63,127175.16,37275.48,0.2267,2025-10
ORD02952,2025-10-15,Customer_0165,Cloud Platform,Software,South,Arjun,17,32095.2,0.0,545618.4,163685.52,381932.88,0.7,2025-10
ORD01952,2025-10-15,Customer_0349,Data Logger,Data Solutions,Central,Vikram,6,6469.17,0.0,38815.02,24453.46,14361.56,0.37,2025-10
ORD01810,2025-10-15,Customer_0018,Cloud Platform,Software,South,Rohan,1,33900.24,0.1,30510.22,10170.07,20340.14,0.6667,2025-10
ORD00482,2025-10-15,Customer_0370,Smart Sensor,IoT Devices,East,Kavya,6,6024.71,0.0,36148.26,22050.44,14097.82,0.39,2025-10
ORD00256,2025-10-15,Customer_0500,Cloud Platform,Software,South,Sneha,1,35759.4,0.1,32183.46,10727.82,21455.64,0.6667,2025-10
ORD04919,2025-10-15,Customer_0312,Smart Sensor,IoT Devices,South,Arjun,6,5277.07,0.05,30079.3,19314.08,10765.22,0.3579,2025-10
ORD04758,2025-10-15,Customer_0250,Smart Sensor,IoT Devices,West,Aarav,20,5952.82,0.0,119056.4,72624.4,46432.0,0.39,2025-10
ORD00951,2025-10-15,Customer_0153,Smart Meter,Energy Management,South,Vikram,9,8495.78,0.05,72638.92,51994.17,20644.75,0.2842,2025-10
ORD00751,2025-10-15,Customer_0058,Analytics License,Software,East,Priya,9,22640.35,0.05,193574.99,71317.1,122257.89,0.6316,2025-10
ORD00608,2025-10-15,Customer_0096,Analytics License,Software,North,Arjun,10,23514.53,0.1,211630.77,82300.85,129329.92,0.6111,2025-10
ORD04653,2025-10-15,Customer_0059,IoT Gateway,IoT Devices,South,Kavya,17,15552.05,0.2,211507.88,158630.91,52876.97,0.25,2025-10
ORD01571,2025-10-15,Customer_0097,Cloud Platform,Software,South,Aarav,12,37429.08,0.2,359319.17,134744.69,224574.48,0.625,2025-10
ORD04676,2025-10-15,Customer_0386,Cloud Platform,Software,East,Aarav,9,36230.34,0.05,309769.41,97821.92,211947.49,0.6842,2025-10
ORD03000,2025-10-16,Customer_0391,Network Controller,Networking,South,Rohan,14,19470.95,0.15,231704.3,158104.11,73600.19,0.3176,2025-10
ORD04860,2025-10-16,Customer_0318,Advanced Meter,Energy Management,North,Rohan,5,11782.03,0.15,50073.63,38291.6,11782.03,0.2353,2025-10
ORD01278,2025-10-16,Customer_0346,Communication Module,IoT Devices,North,Aarav,18,3873.17,0.1,62745.35,43224.58,19520.78,0.3111,2025-10
ORD03619,2025-10-16,Customer_0126,Network Controller,Networking,North,Rahul,5,20228.65,0.15,85971.76,58663.08,27308.68,0.3176,2025-10
ORD04485,2025-10-16,Customer_0061,IoT Gateway,IoT Devices,East,Priya,2,14847.41,0.05,28210.08,17816.89,10393.19,0.3684,2025-10
ORD04880,2025-10-16,Customer_0387,Smart Meter,Energy Management,West,Rohan,6,8837.55,0.05,50374.04,36057.2,14316.83,0.2842,2025-10
ORD01574,2025-10-16,Customer_0343,Advanced Meter,Energy Management,East,Vikram,14,11907.2,0.0,166700.8,108355.52,58345.28,0.35,2025-10
ORD01894,2025-10-16,Customer_0061,Analytics License,Software,West,Kavya,7,22207.84,0.05,147682.14,54409.21,93272.93,0.6316,2025-10
ORD03822,2025-10-16,Customer_0207,Energy Monitor,Energy Management,East,Rohan,14,7115.05,0.1,89649.63,63750.85,25898.78,0.2889,2025-10
ORD03257,2025-10-16,Customer_0420,Smart Meter,Energy Management,South,Aarav,12,8129.56,0.0,97554.72,66337.21,31217.51,0.32,2025-10
ORD02154,2025-10-16,Customer_0475,Smart Meter,Energy Management,East,Arjun,8,9139.01,0.1,65800.87,49716.21,16084.66,0.2444,2025-10
ORD00981,2025-10-16,Customer_0264,IoT Gateway,IoT Devices,North,Meera,8,13924.85,0.0,111398.8,66839.28,44559.52,0.4,2025-10
ORD01113,2025-10-17,Customer_0365,IoT Gateway,IoT Devices,Central,Aarav,3,15378.29,0.2,36907.9,27680.92,9226.97,0.25,2025-10
ORD02142,2025-10-17,Customer_0182,Smart Meter,Energy Management,South,Priya,3,9342.38,0.0,28027.14,19058.46,8968.68,0.32,2025-10
ORD01038,2025-10-17,Customer_0061,Smart Meter,Energy Management,Central,Ananya,1,9024.21,0.1,8121.79,6136.46,1985.33,0.2444,2025-10
ORD01045,2025-10-17,Customer_0053,Analytics License,Software,East,Sneha,14,23399.04,0.2,262069.25,114655.3,147413.95,0.5625,2025-10
ORD02262,2025-10-17,Customer_0138,Smart Meter,Energy Management,South,Kavya,13,8765.45,0.25,85463.14,77486.58,7976.56,0.0933,2025-10
ORD01631,2025-10-17,Customer_0184,Communication Module,IoT Devices,North,Rahul,14,4260.56,0.2,47718.27,36981.66,10736.61,0.225,2025-10
ORD02261,2025-10-17,Customer_0443,Analytics License,Software,East,Sneha,16,22111.94,0.15,300722.38,123826.86,176895.52,0.5882,2025-10
ORD04733,2025-10-18,Customer_0158,Advanced Meter,Energy Management,Central,Ananya,16,13016.16,0.15,177019.78,135368.06,41651.71,0.2353,2025-10
ORD04807,2025-10-18,Customer_0044,Smart Sensor,IoT Devices,North,Rahul,9,5039.11,0.1,40816.79,27664.71,13152.08,0.3222,2025-10
ORD01285,2025-10-18,Customer_0222,Data Logger,Data Solutions,South,Meera,20,7195.56,0.2,115128.96,90664.06,24464.9,0.2125,2025-10
ORD00939,2025-10-18,Customer_0359,Communication Module,IoT Devices,Central,Vikram,12,4420.53,0.1,47741.72,32888.74,14852.98,0.3111,2025-10
ORD03305,2025-10-18,Customer_0252,Network Controller,Networking,West,Priya,2,19430.58,0.15,33031.99,22539.47,10492.51,0.3176,2025-10
ORD03467,2025-10-18,Customer_0298,Smart Sensor,IoT Devices,Central,Sneha,14,5486.53,0.15,65289.71,46854.97,18434.74,0.2824,2025-10
ORD01435,2025-10-18,Customer_0428,Energy Monitor,Energy Management,South,Rahul,19,6835.63,0.15,110395.42,83121.26,27274.16,0.2471,2025-10
ORD04166,2025-10-18,Customer_0261,Network Controller,Networking,Central,Meera,5,20119.64,0.15,85508.47,58346.96,27161.51,0.3176,2025-10
ORD00260,2025-10-18,Customer_0336,Advanced Meter,Energy Management,West,Vikram,10,13420.14,0.2,107361.12,87230.91,20130.21,0.1875,2025-10
ORD04193,2025-10-19,Customer_0338,Smart Meter,Energy Management,West,Sneha,7,8931.14,0.1,56266.18,42512.23,13753.96,0.2444,2025-10
ORD01906,2025-10-19,Customer_0336,Advanced Meter,Energy Management,North,Vikram,10,13589.93,0.0,135899.3,88334.54,47564.75,0.35,2025-10
ORD02946,2025-10-19,Customer_0138,Cloud Platform,Software,Central,Kavya,11,35567.11,0.1,352114.39,117371.46,234742.93,0.6667,2025-10
ORD00620,2025-10-19,Customer_0284,Smart Meter,Energy Management,Central,Arjun,8,9231.68,0.0,73853.44,50220.34,23633.1,0.32,2025-10
ORD01885,2025-10-19,Customer_0480,Advanced Meter,Energy Management,West,Kavya,1,12344.04,0.25,9258.03,8023.63,1234.4,0.1333,2025-10
ORD01330,2025-10-19,Customer_0407,Cloud Platform,Software,West,Aarav,6,37210.99,0.2,178612.75,66979.78,111632.97,0.625,2025-10
ORD02736,2025-10-19,Customer_0072,Analytics License,Software,North,Priya,6,23534.23,0.05,134145.11,49421.88,84723.23,0.6316,2025-10
ORD02964,2025-10-19,Customer_0136,Advanced Meter,Energy Management,East,Aarav,3,12160.42,0.15,31009.07,23712.82,7296.25,0.2353,2025-10
ORD00514,2025-10-19,Customer_0173,Energy Monitor,Energy Management,South,Priya,15,6575.85,0.15,83842.09,63128.16,20713.93,0.2471,2025-10
ORD00095,2025-10-19,Customer_0180,Smart Sensor,IoT Devices,South,Rohan,1,5042.97,0.1,4538.67,3076.21,1462.46,0.3222,2025-10
ORD00993,2025-10-19,Customer_0093,Cloud Platform,Software,South,Ananya,12,33181.72,0.1,358362.58,119454.19,238908.38,0.6667,2025-10
ORD02970,2025-10-19,Customer_0115,Cloud Platform,Software,South,Arjun,7,34186.01,0.1,215371.86,71790.62,143581.24,0.6667,2025-10
ORD00521,2025-10-19,Customer_0426,Smart Sensor,IoT Devices,West,Meera,10,5586.69,0.15,47486.86,34078.81,13408.06,0.2824,2025-10
ORD02990,2025-10-19,Customer_0247,Advanced Meter,Energy Management,West,Arjun,6,11331.12,0.25,50990.04,44191.37,6798.67,0.1333,2025-10
ORD02357,2025-10-19,Customer_0442,Cloud Platform,Software,North,Aarav,13,33468.07,0.1,391576.42,130525.47,261050.95,0.6667,2025-10
ORD00283,2025-10-19,Customer_0378,Smart Meter,Energy Management,South,Meera,4,8966.88,0.15,30487.39,24389.91,6097.48,0.2,2025-10
ORD00160,2025-10-20,Customer_0364,Communication Module,IoT Devices,North,Sneha,11,4065.49,0.15,38012.33,27726.64,10285.69,0.2706,2025-10
ORD04519,2025-10-20,Customer_0451,Cloud Platform,Software,South,Rahul,11,36294.82,0.2,319394.42,119772.91,199621.51,0.625,2025-10
ORD04516,2025-10-20,Customer_0018,Communication Module,IoT Devices,South,Aarav,1,4265.51,0.1,3838.96,2644.62,1194.34,0.3111,2025-10
ORD00211,2025-10-20,Customer_0316,Cloud Platform,Software,Central,Ananya,5,31983.93,0.1,143927.68,47975.89,95951.79,0.6667,2025-10
ORD02202,2025-10-20,Customer_0204,Network Controller,Networking,West,Rohan,16,17138.76,0.0,274220.16,159047.69,115172.47,0.42,2025-10
ORD03752,2025-10-20,Customer_0327,Network Controller,Networking,Central,Rahul,18,18882.62,0.2,271909.73,197134.55,74775.18,0.275,2025-10
ORD02484,2025-10-20,Customer_0416,Smart Meter,Energy Management,Central,Kavya,17,9276.24,0.15,134041.67,107233.33,26808.33,0.2,2025-10
ORD00207,2025-10-20,Customer_0444,Energy Monitor,Energy Management,South,Aarav,4,7538.9,0.15,25632.26,19299.58,6332.68,0.2471,2025-10
ORD04753,2025-10-20,Customer_0477,Smart Meter,Energy Management,North,Arjun,17,8239.88,0.1,126070.16,95253.01,30817.15,0.2444,2025-10
ORD04280,2025-10-20,Customer_0400,Communication Module,IoT Devices,Central,Rohan,18,3870.91,0.1,62708.74,43199.36,19509.39,0.3111,2025-10
ORD01965,2025-10-20,Customer_0096,Network Controller,Networking,Central,Sneha,6,17711.54,0.05,100955.78,61636.16,39319.62,0.3895,2025-10
ORD00144,2025-10-20,Customer_0042,Cloud Platform,Software,West,Vikram,11,37258.09,0.1,368855.09,122951.7,245903.39,0.6667,2025-10
ORD01897,2025-10-20,Customer_0343,Smart Sensor,IoT Devices,North,Rohan,17,5855.41,0.2,79633.58,60720.6,18912.97,0.2375,2025-10
ORD03798,2025-10-21,Customer_0464,Analytics License,Software,East,Ananya,19,19825.03,0.0,376675.57,131836.45,244839.12,0.65,2025-10
ORD02942,2025-10-21,Customer_0225,Network Controller,Networking,South,Rohan,15,17368.68,0.1,234477.18,151107.52,83369.66,0.3556,2025-10
ORD02935,2025-10-21,Customer_0471,Advanced Meter,Energy Management,Central,Priya,18,11800.72,0.1,191171.66,138068.42,53103.24,0.2778,2025-10
ORD00587,2025-10-21,Customer_0463,IoT Gateway,IoT Devices,North,Arjun,15,16349.7,0.0,245245.5,147147.3,98098.2,0.4,2025-10
ORD03581,2025-10-21,Customer_0492,IoT Gateway,IoT Devices,South,Rahul,16,16145.05,0.15,219572.68,154992.48,64580.2,0.2941,2025-10
ORD03561,2025-10-21,Customer_0206,Advanced Meter,Energy Management,East,Priya,3,11631.07,0.2,27914.57,22680.59,5233.98,0.1875,2025-10
ORD00097,2025-10-21,Customer_0119,Smart Sensor,IoT Devices,Central,Meera,3,5386.88,0.0,16160.64,9857.99,6302.65,0.39,2025-10
ORD01479,2025-10-21,Customer_0102,Data Logger,Data Solutions,East,Arjun,15,6240.39,0.15,79564.97,58971.69,20593.29,0.2588,2025-10
ORD02490,2025-10-21,Customer_0054,Cloud Platform,Software,South,Rohan,11,33274.28,0.2,292813.66,109805.12,183008.54,0.625,2025-10
ORD02743,2025-10-21,Customer_0301,Communication Module,IoT Devices,Central,Priya,5,4219.02,0.05,20040.34,13078.96,6961.38,0.3474,2025-10
ORD03567,2025-10-21,Customer_0119,Data Logger,Data Solutions,East,Meera,4,7104.07,0.2,22733.02,17902.26,4830.77,0.2125,2025-10
ORD00790,2025-10-21,Customer_0446,Smart Sensor,IoT Devices,South,Kavya,12,5297.6,0.2,50856.96,38778.43,12078.53,0.2375,2025-10
ORD01294,2025-10-21,Customer_0195,Analytics License,Software,South,Priya,19,21286.09,0.1,363992.14,141552.5,222439.64,0.6111,2025-10
ORD02898,2025-10-21,Customer_0371,Network Controller,Networking,Central,Rahul,15,18275.47,0.05,260425.45,158996.59,101428.86,0.3895,2025-10
ORD00373,2025-10-21,Customer_0440,Smart Meter,Energy Management,West,Kavya,5,8552.85,0.2,34211.4,29079.69,5131.71,0.15,2025-10
ORD02953,2025-10-21,Customer_0334,Cloud Platform,Software,North,Meera,12,36030.66,0.2,345894.34,129710.38,216183.96,0.625,2025-10
ORD00368,2025-10-21,Customer_0375,Energy Monitor,Energy Management,North,Arjun,11,7099.1,0.15,66376.59,49977.66,16398.92,0.2471,2025-10
ORD04052,2025-10-21,Customer_0140,Energy Monitor,Energy Management,West,Priya,7,6629.81,0.05,44088.24,29701.55,14386.69,0.3263,2025-10
ORD00490,2025-10-22,Customer_0037,Network Controller,Networking,North,Priya,17,19851.22,0.2,269976.59,195733.03,74243.56,0.275,2025-10
ORD03898,2025-10-22,Customer_0008,Analytics License,Software,West,Sneha,4,20040.94,0.1,72147.38,28057.32,44090.07,0.6111,2025-10
ORD01575,2025-10-22,Customer_0416,Advanced Meter,Energy Management,Central,Ananya,17,11506.34,0.15,166266.61,127145.06,39121.56,0.2353,2025-10
ORD03093,2025-10-22,Customer_0309,Network Controller,Networking,West,Rahul,12,17110.64,0.1,184794.91,119090.05,65704.86,0.3556,2025-10
ORD04278,2025-10-22,Customer_0174,Analytics License,Software,West,Sneha,16,20961.57,0.0,335385.12,117384.79,218000.33,0.65,2025-10
ORD02105,2025-10-22,Customer_0277,Data Logger,Data Solutions,South,Meera,5,7296.13,0.1,32832.58,22982.81,9849.78,0.3,2025-10
ORD02281,2025-10-22,Customer_0344,IoT Gateway,IoT Devices,South,Rohan,11,13566.75,0.15,126849.11,89540.55,37308.56,0.2941,2025-10
ORD01775,2025-10-22,Customer_0484,Network Controller,Networking,Central,Meera,8,19910.43,0.1,143355.1,92384.4,50970.7,0.3556,2025-10
ORD00400,2025-10-22,Customer_0269,Data Logger,Data Solutions,Central,Rahul,1,6866.61,0.05,6523.28,4325.96,2197.32,0.3368,2025-10
ORD02827,2025-10-23,Customer_0254,IoT Gateway,IoT Devices,West,Kavya,17,14798.34,0.15,213836.01,150943.07,62892.95,0.2941,2025-10
ORD02236,2025-10-23,Customer_0252,Analytics License,Software,West,Vikram,19,23358.82,0.1,399435.82,155336.15,244099.67,0.6111,2025-10
ORD00603,2025-10-23,Customer_0429,IoT Gateway,IoT Devices,South,Priya,16,15981.91,0.0,255710.56,153426.34,102284.22,0.4,2025-10
ORD02277,2025-10-23,Customer_0468,Cloud Platform,Software,West,Ananya,13,37352.79,0.15,412748.33,145675.88,267072.45,0.6471,2025-10
ORD04768,2025-10-23,Customer_0210,Analytics License,Software,East,Rahul,7,21014.22,0.05,139744.56,51484.84,88259.72,0.6316,2025-10
ORD02936,2025-10-23,Customer_0342,Cloud Platform,Software,South,Kavya,14,33951.13,0.15,404018.45,142594.75,261423.7,0.6471,2025-10
ORD01371,2025-10-23,Customer_0080,Data Logger,Data Solutions,East,Aarav,2,6287.16,0.05,11945.6,7921.82,4023.78,0.3368,2025-10
ORD03336,2025-10-23,Customer_0206,Communication Module,IoT Devices,East,Rahul,17,3884.87,0.15,56136.37,40946.53,15189.84,0.2706,2025-10
ORD03117,2025-10-23,Customer_0007,Analytics License,Software,Central,Rohan,7,23719.49,0.05,157734.61,58112.75,99621.86,0.6316,2025-10
ORD04473,2025-10-23,Customer_0107,IoT Gateway,IoT Devices,North,Rohan,18,13761.02,0.15,210543.61,148619.02,61924.59,0.2941,2025-10
ORD01353,2025-10-23,Customer_0074,Smart Sensor,IoT Devices,North,Meera,1,5240.19,0.0,5240.19,3196.52,2043.67,0.39,2025-10
ORD00633,2025-10-23,Customer_0012,Smart Sensor,IoT Devices,East,Meera,18,5691.22,0.2,81953.57,62489.6,19463.97,0.2375,2025-10
ORD01227,2025-10-23,Customer_0221,Network Controller,Networking,South,Sneha,3,18910.18,0.2,45384.43,32903.71,12480.72,0.275,2025-10
ORD04148,2025-10-23,Customer_0374,Cloud Platform,Software,Central,Sneha,7,36131.95,0.05,240277.47,75877.09,164400.37,0.6842,2025-10
ORD04116,2025-10-23,Customer_0142,Advanced Meter,Energy Management,West,Ananya,5,11895.51,0.05,56503.67,38660.41,17843.26,0.3158,2025-10
ORD04290,2025-10-23,Customer_0320,Communication Module,IoT Devices,North,Meera,12,4523.31,0.15,46137.76,33653.43,12484.34,0.2706,2025-10
ORD03033,2025-10-23,Customer_0263,Advanced Meter,Energy Management,North,Kavya,1,13748.25,0.1,12373.42,8936.36,3437.06,0.2778,2025-10
ORD04785,2025-10-24,Customer_0239,Advanced Meter,Energy Management,South,Priya,2,11487.51,0.0,22975.02,14933.76,8041.26,0.35,2025-10
ORD04495,2025-10-24,Customer_0135,Smart Sensor,IoT Devices,East,Sneha,7,5131.57,0.1,32328.89,21911.8,10417.09,0.3222,2025-10
ORD03580,2025-10-24,Customer_0352,Analytics License,Software,West,Rahul,16,22102.29,0.05,335954.81,123772.82,212181.98,0.6316,2025-10
ORD02170,2025-10-24,Customer_0276,Data Logger,Data Solutions,North,Meera,10,6808.83,0.1,61279.47,42895.63,18383.84,0.3,2025-10
ORD04528,2025-10-24,Customer_0311,Smart Sensor,IoT Devices,West,Sneha,6,6017.45,0.2,28883.76,22023.87,6859.89,0.2375,2025-10
ORD02219,2025-10-24,Customer_0001,Smart Sensor,IoT Devices,North,Ananya,17,5932.53,0.15,85725.06,61520.34,24204.72,0.2824,2025-10
ORD01136,2025-10-24,Customer_0056,Data Logger,Data Solutions,North,Arjun,17,7381.64,0.2,100390.3,79057.36,21332.94,0.2125,2025-10
ORD03001,2025-10-24,Customer_0493,Cloud Platform,Software,East,Vikram,4,37316.32,0.25,111948.96,44779.58,67169.38,0.6,2025-10
ORD01121,2025-10-24,Customer_0114,IoT Gateway,IoT Devices,East,Ananya,5,15798.47,0.2,63193.88,47395.41,15798.47,0.25,2025-10
ORD04247,2025-10-24,Customer_0190,Analytics License,Software,Central,Rohan,19,22237.13,0.2,338004.38,147876.91,190127.46,0.5625,2025-10
ORD04573,2025-10-24,Customer_0397,IoT Gateway,IoT Devices,West,Vikram,9,16082.13,0.15,123028.29,86843.5,36184.79,0.2941,2025-10
ORD03597,2025-10-24,Customer_0493,Smart Meter,Energy Management,Central,Ananya,6,9120.22,0.2,43777.06,37210.5,6566.56,0.15,2025-10
ORD02056,2025-10-24,Customer_0272,IoT Gateway,IoT Devices,West,Arjun,19,16321.94,0.15,263599.33,186070.12,77529.22,0.2941,2025-10
ORD03652,2025-10-24,Customer_0122,Energy Monitor,Energy Management,North,Priya,8,6863.0,0.1,49413.6,35138.56,14275.04,0.2889,2025-10
ORD02179,2025-10-24,Customer_0011,Analytics License,Software,South,Priya,10,20257.68,0.1,182319.12,70901.88,111417.24,0.6111,2025-10
ORD02420,2025-10-24,Customer_0333,Smart Sensor,IoT Devices,West,Aarav,6,5388.34,0.15,27480.53,19721.32,7759.21,0.2824,2025-10
ORD03956,2025-10-24,Customer_0290,Smart Sensor,IoT Devices,South,Meera,15,5293.78,0.05,75436.36,48438.09,26998.28,0.3579,2025-10
ORD02649,2025-10-24,Customer_0361,Advanced Meter,Energy Management,West,Vikram,8,11478.32,0.05,87235.23,59687.26,27547.97,0.3158,2025-10
ORD02943,2025-10-24,Customer_0016,Communication Module,IoT Devices,West,Priya,5,3783.59,0.1,17026.16,11729.13,5297.03,0.3111,2025-10
ORD00325,2025-10-24,Customer_0393,Energy Monitor,Energy Management,South,Meera,4,6878.08,0.05,26136.7,17607.88,8528.82,0.3263,2025-10
ORD02805,2025-10-24,Customer_0022,Energy Monitor,Energy Management,West,Ananya,2,6844.44,0.2,10951.1,8760.88,2190.22,0.2,2025-10
ORD03260,2025-10-25,Customer_0183,Communication Module,IoT Devices,West,Vikram,5,4131.05,0.0,20655.25,12806.25,7849.0,0.38,2025-10
ORD04254,2025-10-25,Customer_0397,Smart Meter,Energy Management,North,Sneha,7,9110.39,0.25,47829.55,43365.46,4464.09,0.0933,2025-10
ORD03262,2025-10-25,Customer_0092,Smart Meter,Energy Management,West,Arjun,14,8750.54,0.1,110256.8,83305.14,26951.66,0.2444,2025-10
ORD02091,2025-10-25,Customer_0032,Advanced Meter,Energy Management,Central,Priya,5,13532.24,0.15,57512.02,43979.78,13532.24,0.2353,2025-10
ORD00998,2025-10-25,Customer_0240,Smart Meter,Energy Management,West,Meera,12,8122.41,0.1,87722.03,66278.87,21443.16,0.2444,2025-10
ORD04640,2025-10-25,Customer_0084,Analytics License,Software,South,Aarav,8,22061.13,0.25,132366.78,61771.16,70595.62,0.5333,2025-10
ORD02684,2025-10-25,Customer_0027,Smart Meter,Energy Management,West,Rohan,2,8071.15,0.1,14528.07,10976.76,3551.31,0.2444,2025-10
ORD00710,2025-10-25,Customer_0037,Communication Module,IoT Devices,South,Ananya,13,3955.94,0.1,46284.5,31884.88,14399.62,0.3111,2025-10
ORD01450,2025-10-25,Customer_0319,Network Controller,Networking,North,Ananya,20,18878.02,0.1,339804.36,218985.03,120819.33,0.3556,2025-10
ORD04013,2025-10-25,Customer_0185,Communication Module,IoT Devices,North,Rohan,4,4092.82,0.15,13915.59,10150.19,3765.39,0.2706,2025-10
ORD02481,2025-10-25,Customer_0357,Advanced Meter,Energy Management,West,Rohan,2,11913.27,0.15,20252.56,15487.25,4765.31,0.2353,2025-10
ORD02685,2025-10-25,Customer_0076,Network Controller,Networking,West,Sneha,9,18054.72,0.1,146243.23,94245.64,51997.59,0.3556,2025-10
ORD04819,2025-10-25,Customer_0475,Analytics License,Software,North,Meera,10,23240.58,0.0,232405.8,81342.03,151063.77,0.65,2025-10
ORD02689,2025-10-25,Customer_0128,Smart Sensor,IoT Devices,South,Kavya,13,5015.64,0.05,61943.15,39774.03,22169.13,0.3579,2025-10
ORD02384,2025-10-25,Customer_0152,Smart Meter,Energy Management,North,Rohan,6,8788.42,0.0,52730.52,35856.75,16873.77,0.32,2025-10
ORD02654,2025-10-25,Customer_0349,Network Controller,Networking,North,Sneha,10,19996.52,0.1,179968.68,115979.82,63988.86,0.3556,2025-10
ORD01736,2025-10-26,Customer_0480,IoT Gateway,IoT Devices,Central,Priya,12,14800.64,0.05,168727.3,106564.61,62162.69,0.3684,2025-10
ORD04177,2025-10-26,Customer_0447,Smart Meter,Energy Management,East,Meera,6,7925.08,0.1,42795.43,32334.33,10461.11,0.2444,2025-10
ORD02933,2025-10-26,Customer_0183,Energy Monitor,Energy Management,South,Aarav,17,6737.52,0.1,103084.06,73304.22,29779.84,0.2889,2025-10
ORD04296,2025-10-26,Customer_0368,IoT Gateway,IoT Devices,South,Vikram,19,15620.41,0.1,267109.01,178072.67,89036.34,0.3333,2025-10
ORD04303,2025-10-26,Customer_0428,IoT Gateway,IoT Devices,West,Rahul,3,14361.98,0.15,36623.05,25851.56,10771.48,0.2941,2025-10
ORD01966,2025-10-26,Customer_0281,IoT Gateway,IoT Devices,Central,Ananya,12,13994.57,0.05,159538.1,100760.9,58777.19,0.3684,2025-10
ORD04841,2025-10-26,Customer_0329,Smart Sensor,IoT Devices,East,Rohan,12,5794.26,0.25,52148.34,42413.98,9734.36,0.1867,2025-10
ORD00486,2025-10-26,Customer_0434,Data Logger,Data Solutions,East,Meera,16,7359.19,0.1,105972.34,74180.64,31791.7,0.3,2025-10
ORD00888,2025-10-26,Customer_0466,IoT Gateway,IoT Devices,South,Rohan,5,14716.42,0.25,55186.58,44149.26,11037.32,0.2,2025-10
ORD02968,2025-10-27,Customer_0276,IoT Gateway,IoT Devices,South,Kavya,19,13824.45,0.15,223264.87,157598.73,65666.14,0.2941,2025-10
ORD01730,2025-10-27,Customer_0400,Network Controller,Networking,Central,Arjun,13,19668.12,0.1,230117.0,148297.62,81819.38,0.3556,2025-10
ORD04521,2025-10-27,Customer_0460,Data Logger,Data Solutions,North,Kavya,2,7144.91,0.1,12860.84,9002.59,3858.25,0.3,2025-10
ORD04552,2025-10-27,Customer_0450,IoT Gateway,IoT Devices,West,Kavya,15,16177.37,0.1,218394.5,145596.33,72798.17,0.3333,2025-10
ORD02916,2025-10-27,Customer_0292,Energy Monitor,Energy Management,North,Kavya,1,7851.27,0.15,6673.58,5024.81,1648.77,0.2471,2025-10
ORD01595,2025-10-27,Customer_0159,Smart Sensor,IoT Devices,North,Sneha,11,5299.99,0.05,55384.9,35562.93,19821.96,0.3579,2025-10
ORD04527,2025-10-27,Customer_0239,Cloud Platform,Software,East,Sneha,16,37636.24,0.2,481743.87,180653.95,301089.92,0.625,2025-10
ORD01649,2025-10-27,Customer_0495,Data Logger,Data Solutions,West,Rahul,17,6556.59,0.05,105888.93,70221.08,35667.85,0.3368,2025-10
ORD01597,2025-10-27,Customer_0247,Data Logger,Data Solutions,East,Rohan,10,7374.51,0.15,62683.34,46459.41,16223.92,0.2588,2025-10
ORD03736,2025-10-27,Customer_0281,Cloud Platform,Software,South,Kavya,14,31918.06,0.0,446852.84,134055.85,312796.99,0.7,2025-10
ORD00895,2025-10-27,Customer_0090,IoT Gateway,IoT Devices,Central,Aarav,7,13553.01,0.0,94871.07,56922.64,37948.43,0.4,2025-10
ORD04718,2025-10-27,Customer_0324,Data Logger,Data Solutions,North,Kavya,7,6349.75,0.05,42225.84,28002.4,14223.44,0.3368,2025-10
ORD00523,2025-10-27,Customer_0002,Smart Sensor,IoT Devices,South,Rahul,11,5156.71,0.0,56723.81,34601.52,22122.29,0.39,2025-10
ORD01372,2025-10-27,Customer_0160,Smart Meter,Energy Management,East,Rohan,20,8646.51,0.1,155637.18,117592.54,38044.64,0.2444,2025-10
ORD00909,2025-10-27,Customer_0473,Smart Sensor,IoT Devices,South,Arjun,10,5755.06,0.05,54673.07,35105.87,19567.2,0.3579,2025-10
ORD03011,2025-10-27,Customer_0067,Network Controller,Networking,West,Sneha,13,19659.15,0.05,242790.5,148229.99,94560.51,0.3895,2025-10
ORD02581,2025-10-27,Customer_0080,Network Controller,Networking,Central,Vikram,4,17601.69,0.1,63366.08,40835.92,22530.16,0.3556,2025-10
ORD04367,2025-10-27,Customer_0299,Analytics License,Software,East,Kavya,1,22391.34,0.15,19032.64,7836.97,11195.67,0.5882,2025-10
ORD01110,2025-10-27,Customer_0016,Energy Monitor,Energy Management,North,Vikram,19,7070.43,0.1,120904.35,85976.43,34927.92,0.2889,2025-10
ORD03900,2025-10-27,Customer_0040,Advanced Meter,Energy Management,Central,Aarav,8,12543.36,0.1,90312.19,65225.47,25086.72,0.2778,2025-10
ORD01594,2025-10-28,Customer_0065,Analytics License,Software,North,Rohan,12,23201.6,0.05,264498.24,97446.72,167051.52,0.6316,2025-10
ORD04005,2025-10-28,Customer_0175,Data Logger,Data Solutions,South,Ananya,3,6366.68,0.05,18145.04,12033.03,6112.01,0.3368,2025-10
ORD04730,2025-10-28,Customer_0369,IoT Gateway,IoT Devices,South,Sneha,2,16102.65,0.1,28984.77,19323.18,9661.59,0.3333,2025-10
ORD03084,2025-10-28,Customer_0335,Advanced Meter,Energy Management,Central,Priya,1,13213.67,0.05,12552.99,8588.89,3964.1,0.3158,2025-10
ORD00303,2025-10-28,Customer_0240,Analytics License,Software,East,Kavya,1,21653.49,0.15,18405.47,7578.72,10826.75,0.5882,2025-10
ORD03465,2025-10-28,Customer_0302,Smart Sensor,IoT Devices,North,Vikram,12,5974.74,0.1,64527.19,43735.1,20792.1,0.3222,2025-10
ORD02880,2025-10-28,Customer_0068,IoT Gateway,IoT Devices,West,Sneha,17,15901.53,0.1,243293.41,162195.61,81097.8,0.3333,2025-10
ORD01816,2025-10-28,Customer_0307,Smart Sensor,IoT Devices,East,Aarav,6,5581.7,0.2,26792.16,20429.02,6363.14,0.2375,2025-10
ORD02250,2025-10-28,Customer_0188,Advanced Meter,Energy Management,Central,Aarav,18,13263.2,0.0,238737.6,155179.44,83558.16,0.35,2025-10
ORD00367,2025-10-28,Customer_0049,Cloud Platform,Software,North,Rohan,15,31806.17,0.0,477092.55,143127.76,333964.79,0.7,2025-10
ORD01477,2025-10-28,Customer_0433,Data Logger,Data Solutions,South,Rohan,6,7251.51,0.1,39158.15,27410.71,11747.45,0.3,2025-10
ORD00953,2025-10-28,Customer_0121,Analytics License,Software,South,Kavya,2,22367.08,0.1,40260.74,15656.96,24603.79,0.6111,2025-10
ORD04215,2025-10-28,Customer_0124,Smart Meter,Energy Management,West,Sneha,17,8695.51,0.0,147823.67,100520.1,47303.57,0.32,2025-10
ORD01319,2025-10-28,Customer_0278,IoT Gateway,IoT Devices,North,Meera,8,15663.77,0.15,106513.64,75186.1,31327.54,0.2941,2025-10
ORD04599,2025-10-28,Customer_0298,Energy Monitor,Energy Management,North,Vikram,14,7661.91,0.1,96540.07,68650.71,27889.35,0.2889,2025-10
ORD02185,2025-10-28,Customer_0133,Energy Monitor,Energy Management,Central,Vikram,1,7327.72,0.05,6961.33,4689.74,2271.59,0.3263,2025-10
ORD01293,2025-10-28,Customer_0342,Network Controller,Networking,Central,Aarav,7,18423.84,0.1,116070.19,74800.79,41269.4,0.3556,2025-10
ORD00427,2025-10-28,Customer_0360,Network Controller,Networking,West,Aarav,19,17193.76,0.2,261345.15,189475.24,71869.92,0.275,2025-10
ORD04265,2025-10-28,Customer_0321,Smart Sensor,IoT Devices,South,Sneha,8,5252.81,0.15,35719.11,25633.71,10085.4,0.2824,2025-10
ORD01559,2025-10-29,Customer_0246,IoT Gateway,IoT Devices,Central,Arjun,2,15009.63,0.0,30019.26,18011.56,12007.7,0.4,2025-10
ORD04971,2025-10-29,Customer_0316,Network Controller,Networking,East,Kavya,16,17640.0,0.2,225792.0,163699.2,62092.8,0.275,2025-10
ORD04480,2025-10-29,Customer_0409,Advanced Meter,Energy Management,North,Arjun,12,13037.84,0.05,148631.38,101695.15,46936.22,0.3158,2025-10
ORD00288,2025-10-29,Customer_0224,Energy Monitor,Energy Management,East,Kavya,8,7283.25,0.05,55352.7,37290.24,18062.46,0.3263,2025-10
ORD02288,2025-10-29,Customer_0370,IoT Gateway,IoT Devices,Central,Priya,10,13824.08,0.1,124416.72,82944.48,41472.24,0.3333,2025-10
ORD00984,2025-10-29,Customer_0348,Smart Meter,Energy Management,South,Aarav,6,8611.53,0.1,46502.26,35135.04,11367.22,0.2444,2025-10
ORD00852,2025-10-29,Customer_0420,IoT Gateway,IoT Devices,North,Rahul,14,13537.79,0.15,161099.7,113717.44,47382.26,0.2941,2025-10
ORD01917,2025-10-29,Customer_0023,Analytics License,Software,Central,Meera,5,21832.8,0.0,109164.0,38207.4,70956.6,0.65,2025-10
ORD04160,2025-10-29,Customer_0148,Advanced Meter,Energy Management,East,Priya,11,12867.62,0.25,106157.86,92003.48,14154.38,0.1333,2025-10
ORD03706,2025-10-29,Customer_0330,Data Logger,Data Solutions,East,Aarav,20,6563.54,0.1,118143.72,82700.6,35443.12,0.3,2025-10
ORD04028,2025-10-29,Customer_0238,Data Logger,Data Solutions,West,Sneha,15,6948.73,0.15,88596.31,65665.5,22930.81,0.2588,2025-10
ORD00163,2025-10-29,Customer_0318,Cloud Platform,Software,Central,Vikram,20,31868.79,0.0,637375.8,191212.74,446163.06,0.7,2025-10
ORD04257,2025-10-29,Customer_0179,Analytics License,Software,South,Ananya,11,21488.3,0.0,236371.3,82729.95,153641.34,0.65,2025-10
ORD00954,2025-10-29,Customer_0420,Cloud Platform,Software,South,Ananya,10,33372.69,0.1,300354.21,100118.07,200236.14,0.6667,2025-10
ORD04903,2025-10-29,Customer_0071,Data Logger,Data Solutions,Central,Aarav,15,6960.78,0.2,83529.36,65779.37,17749.99,0.2125,2025-10
ORD01779,2025-10-29,Customer_0168,Smart Meter,Energy Management,North,Sneha,20,8831.14,0.0,176622.8,120103.5,56519.3,0.32,2025-10
ORD01320,2025-10-30,Customer_0015,Data Logger,Data Solutions,West,Arjun,13,6457.19,0.2,67154.78,52884.39,14270.39,0.2125,2025-10
ORD00139,2025-10-30,Customer_0386,Advanced Meter,Energy Management,East,Rohan,5,12104.54,0.05,57496.56,39339.76,18156.81,0.3158,2025-10
ORD02461,2025-10-30,Customer_0447,Cloud Platform,Software,West,Ananya,19,35535.22,0.2,540135.34,202550.75,337584.59,0.625,2025-10
ORD00599,2025-10-30,Customer_0059,Smart Sensor,IoT Devices,South,Priya,5,5292.98,0.05,25141.65,16143.59,8998.07,0.3579,2025-10
ORD02998,2025-10-30,Customer_0478,Network Controller,Networking,Central,Vikram,20,19634.22,0.2,314147.52,227756.95,86390.57,0.275,2025-10
ORD02784,2025-10-30,Customer_0429,IoT Gateway,IoT Devices,East,Kavya,10,15263.96,0.15,129743.66,91583.76,38159.9,0.2941,2025-10
ORD00337,2025-10-30,Customer_0313,Smart Sensor,IoT Devices,Central,Arjun,6,5346.42,0.0,32078.52,19567.9,12510.62,0.39,2025-10
ORD04322,2025-10-30,Customer_0315,Cloud Platform,Software,West,Kavya,1,32803.32,0.1,29522.99,9841.0,19681.99,0.6667,2025-10
ORD01174,2025-10-30,Customer_0085,Network Controller,Networking,West,Ananya,11,18337.79,0.1,181544.12,116995.1,64549.02,0.3556,2025-10
ORD00636,2025-10-30,Customer_0185,Smart Sensor,IoT Devices,West,Priya,5,5665.47,0.05,26910.98,17279.68,9631.3,0.3579,2025-10
ORD00412,2025-10-30,Customer_0236,Communication Module,IoT Devices,North,Rohan,16,3955.46,0.1,56958.62,39238.16,17720.46,0.3111,2025-10
ORD02441,2025-10-30,Customer_0116,Network Controller,Networking,Central,Aarav,14,18854.77,0.1,237570.1,153100.73,84469.37,0.3556,2025-10
ORD01288,2025-10-31,Customer_0334,Data Logger,Data Solutions,East,Rohan,9,7066.6,0.05,60419.43,40067.62,20351.81,0.3368,2025-10
ORD02613,2025-10-31,Customer_0143,Data Logger,Data Solutions,West,Meera,8,6285.4,0.15,42740.72,31678.42,11062.3,0.2588,2025-10
ORD02810,2025-10-31,Customer_0143,Data Logger,Data Solutions,West,Sneha,4,7345.64,0.2,23506.05,18511.01,4995.04,0.2125,2025-10
ORD02254,2025-10-31,Customer_0184,IoT Gateway,IoT Devices,Central,Aarav,16,14853.62,0.15,202009.23,142594.75,59414.48,0.2941,2025-10
ORD04550,2025-10-31,Customer_0249,Analytics License,Software,South,Arjun,17,21419.25,0.15,309508.16,127444.54,182063.62,0.5882,2025-10
ORD01469,2025-10-31,Customer_0334,Analytics License,Software,West,Vikram,16,20553.21,0.0,328851.36,115097.98,213753.38,0.65,2025-10
ORD01854,2025-10-31,Customer_0048,Data Logger,Data Solutions,West,Rohan,18,7465.29,0.2,107500.18,84656.39,22843.79,0.2125,2025-10
ORD02032,2025-10-31,Customer_0474,Data Logger,Data Solutions,Central,Priya,13,6384.28,0.25,62246.73,52287.25,9959.48,0.16,2025-10
ORD02465,2025-10-31,Customer_0316,Energy Monitor,Energy Management,South,Rohan,17,7291.75,0.0,123959.75,79334.24,44625.51,0.36,2025-10
ORD00775,2025-10-31,Customer_0087,Data Logger,Data Solutions,Central,Rohan,4,6193.14,0.0,24772.56,15606.71,9165.85,0.37,2025-10
ORD01248,2025-10-31,Customer_0411,Energy Monitor,Energy Management,South,Vikram,20,6850.61,0.15,116460.37,87687.81,28772.56,0.2471,2025-10
ORD04786,2025-10-31,Customer_0488,Cloud Platform,Software,East,Rahul,19,34985.82,0.15,565020.99,199419.17,365601.82,0.6471,2025-10
ORD01860,2025-10-31,Customer_0418,Advanced Meter,Energy Management,East,Sneha,11,11373.23,0.15,106339.7,81318.59,25021.11,0.2353,2025-10
ORD02165,2025-10-31,Customer_0014,Smart Sensor,IoT Devices,South,Rohan,5,5018.05,0.15,21326.71,15305.05,6021.66,0.2824,2025-10
ORD03925,2025-10-31,Customer_0093,Cloud Platform,Software,West,Vikram,6,32006.61,0.0,192039.66,57611.9,134427.76,0.7,2025-10
ORD04862,2025-10-31,Customer_0030,Network Controller,Networking,North,Arjun,17,19997.03,0.05,322952.03,197170.72,125781.32,0.3895,2025-10
ORD03015,2025-10-31,Customer_0362,Communication Module,IoT Devices,North,Vikram,7,4442.04,0.0,31094.28,19278.45,11815.83,0.38,2025-10
ORD01735,2025-11-01,Customer_0287,Cloud Platform,Software,North,Arjun,2,32619.74,0.0,65239.48,19571.84,45667.64,0.7,2025-11
ORD04162,2025-11-01,Customer_0234,Data Logger,Data Solutions,Central,Ananya,10,7457.32,0.05,70844.54,46981.12,23863.42,0.3368,2025-11
ORD01767,2025-11-01,Customer_0456,Smart Sensor,IoT Devices,West,Rohan,4,5251.26,0.1,18904.54,12813.07,6091.46,0.3222,2025-11
ORD00509,2025-11-01,Customer_0017,Smart Sensor,IoT Devices,East,Vikram,7,5411.2,0.0,37878.4,23105.82,14772.58,0.39,2025-11
ORD01828,2025-11-01,Customer_0168,Communication Module,IoT Devices,North,Arjun,1,4040.82,0.25,3030.62,2505.31,525.31,0.1733,2025-11
ORD02612,2025-11-01,Customer_0126,Communication Module,IoT Devices,South,Ananya,16,4223.05,0.05,64190.36,41892.66,22297.7,0.3474,2025-11
ORD02991,2025-11-01,Customer_0500,Communication Module,IoT Devices,West,Arjun,7,4492.51,0.25,23585.68,19497.49,4088.18,0.1733,2025-11
ORD04149,2025-11-01,Customer_0221,Advanced Meter,Energy Management,South,Kavya,12,12320.21,0.15,125666.14,96097.64,29568.5,0.2353,2025-11
ORD03815,2025-11-01,Customer_0460,Analytics License,Software,Central,Rahul,9,24064.22,0.15,184091.28,75802.29,108288.99,0.5882,2025-11
ORD00741,2025-11-01,Customer_0474,IoT Gateway,IoT Devices,North,Meera,20,16088.77,0.05,305686.63,193065.24,112621.39,0.3684,2025-11
ORD00970,2025-11-01,Customer_0175,Data Logger,Data Solutions,South,Vikram,2,6328.64,0.1,11391.55,7974.09,3417.47,0.3,2025-11
ORD04535,2025-11-01,Customer_0211,Communication Module,IoT Devices,West,Ananya,16,4546.97,0.05,69113.94,45105.94,24008.0,0.3474,2025-11
ORD03415,2025-11-01,Customer_0106,Analytics License,Software,South,Kavya,8,22411.82,0.05,170329.83,62753.1,107576.74,0.6316,2025-11
ORD03926,2025-11-02,Customer_0105,Cloud Platform,Software,West,Ananya,10,33715.0,0.15,286577.5,101145.0,185432.5,0.6471,2025-11
ORD03241,2025-11-02,Customer_0327,Communication Module,IoT Devices,North,Ananya,13,4618.29,0.1,54033.99,37223.42,16810.58,0.3111,2025-11
ORD01689,2025-11-02,Customer_0050,Cloud Platform,Software,Central,Vikram,18,38064.79,0.0,685166.22,205549.87,479616.35,0.7,2025-11
ORD00665,2025-11-02,Customer_0236,Smart Sensor,IoT Devices,Central,Priya,6,5904.99,0.05,33658.44,21612.26,12046.18,0.3579,2025-11
ORD03516,2025-11-02,Customer_0376,Analytics License,Software,North,Meera,13,20766.91,0.1,242972.85,94489.44,148483.41,0.6111,2025-11
ORD02778,2025-11-02,Customer_0475,IoT Gateway,IoT Devices,Central,Rahul,15,15414.17,0.2,184970.04,138727.53,46242.51,0.25,2025-11
ORD02849,2025-11-02,Customer_0225,Data Logger,Data Solutions,West,Vikram,8,6687.1,0.15,45472.28,33702.98,11769.3,0.2588,2025-11
ORD04582,2025-11-02,Customer_0063,Cloud Platform,Software,South,Rohan,7,35866.75,0.05,238513.89,75320.18,163193.71,0.6842,2025-11
ORD02231,2025-11-02,Customer_0339,Data Logger,Data Solutions,North,Aarav,12,6723.45,0.0,80681.4,50829.28,29852.12,0.37,2025-11
ORD02816,2025-11-02,Customer_0146,Communication Module,IoT Devices,West,Arjun,15,4230.5,0.2,50766.0,39343.65,11422.35,0.225,2025-11
ORD03492,2025-11-02,Customer_0033,Energy Monitor,Energy Management,West,Arjun,20,7095.92,0.1,127726.56,90827.78,36898.78,0.2889,2025-11
ORD04558,2025-11-02,Customer_0353,Analytics License,Software,East,Rohan,9,20974.59,0.05,179332.74,66069.96,113262.79,0.6316,2025-11
ORD03244,2025-11-02,Customer_0037,Data Logger,Data Solutions,South,Sneha,4,6930.34,0.0,27721.36,17464.46,10256.9,0.37,2025-11
ORD04196,2025-11-02,Customer_0361,Network Controller,Networking,North,Rahul,20,18325.2,0.05,348178.8,212572.32,135606.48,0.3895,2025-11
ORD03988,2025-11-02,Customer_0215,Communication Module,IoT Devices,West,Priya,11,3859.46,0.0,42454.06,26321.52,16132.54,0.38,2025-11
ORD01509,2025-11-02,Customer_0040,Communication Module,IoT Devices,West,Sneha,14,4138.6,0.1,52146.36,35923.05,16223.31,0.3111,2025-11
ORD02060,2025-11-02,Customer_0467,IoT Gateway,IoT Devices,North,Priya,12,16386.83,0.05,186809.86,117985.18,68824.69,0.3684,2025-11
ORD01352,2025-11-02,Customer_0101,Analytics License,Software,South,Aarav,19,21188.88,0.0,402588.72,140906.05,261682.67,0.65,2025-11
ORD00220,2025-11-02,Customer_0178,Network Controller,Networking,West,Kavya,7,18332.54,0.1,115495.0,74430.11,41064.89,0.3556,2025-11
ORD01996,2025-11-02,Customer_0151,Analytics License,Software,West,Rahul,20,21452.19,0.0,429043.8,150165.33,278878.47,0.65,2025-11
ORD03357,2025-11-03,Customer_0332,Analytics License,Software,East,Vikram,18,22653.33,0.1,366983.95,142715.98,224267.97,0.6111,2025-11
ORD02338,2025-11-03,Customer_0068,Data Logger,Data Solutions,East,Rahul,14,7130.21,0.05,94831.79,62888.45,31943.34,0.3368,2025-11
ORD04620,2025-11-03,Customer_0171,Network Controller,Networking,Central,Vikram,7,18143.64,0.15,107954.66,73663.18,34291.48,0.3176,2025-11
ORD04222,2025-11-03,Customer_0154,Analytics License,Software,West,Rahul,1,21269.41,0.15,18079.0,7444.29,10634.7,0.5882,2025-11
ORD03774,2025-11-03,Customer_0007,Smart Sensor,IoT Devices,Central,Rahul,12,5044.38,0.1,54479.3,36924.86,17554.44,0.3222,2025-11
ORD04104,2025-11-03,Customer_0222,Data Logger,Data Solutions,South,Kavya,18,6384.56,0.0,114922.08,72400.91,42521.17,0.37,2025-11
ORD00148,2025-11-03,Customer_0267,Smart Meter,Energy Management,East,Sneha,4,8960.68,0.0,35842.72,24373.05,11469.67,0.32,2025-11
ORD03842,2025-11-03,Customer_0079,Energy Monitor,Energy Management,North,Rohan,15,6854.43,0.05,97675.63,65802.53,31873.1,0.3263,2025-11
ORD04900,2025-11-03,Customer_0324,Network Controller,Networking,West,Arjun,14,17718.8,0.05,235660.04,143876.66,91783.38,0.3895,2025-11
ORD02694,2025-11-03,Customer_0405,Data Logger,Data Solutions,East,Kavya,10,6143.86,0.15,52222.81,38706.32,13516.49,0.2588,2025-11
ORD01933,2025-11-03,Customer_0049,Advanced Meter,Energy Management,South,Vikram,16,11530.53,0.1,166039.63,119917.51,46122.12,0.2778,2025-11
ORD02271,2025-11-04,Customer_0397,IoT Gateway,IoT Devices,Central,Rahul,13,13561.71,0.25,132226.67,105781.34,26445.33,0.2,2025-11
ORD04940,2025-11-04,Customer_0184,Network Controller,Networking,North,Rahul,17,18852.06,0.15,272412.27,185881.31,86530.96,0.3176,2025-11
ORD03600,2025-11-04,Customer_0463,IoT Gateway,IoT Devices,North,Arjun,5,16183.43,0.2,64733.72,48550.29,16183.43,0.25,2025-11
ORD03585,2025-11-04,Customer_0182,Smart Sensor,IoT Devices,North,Vikram,18,5249.15,0.0,94484.7,57635.67,36849.03,0.39,2025-11
ORD01251,2025-11-04,Customer_0061,Network Controller,Networking,Central,Ananya,19,18152.5,0.2,275918.0,200040.55,75877.45,0.275,2025-11
ORD01789,2025-11-04,Customer_0309,Advanced Meter,Energy Management,Central,Rohan,10,12683.96,0.2,101471.68,82445.74,19025.94,0.1875,2025-11
ORD02524,2025-11-04,Customer_0074,Network Controller,Networking,South,Vikram,4,18323.56,0.15,62300.1,42510.66,19789.44,0.3176,2025-11
ORD00711,2025-11-04,Customer_0279,Network Controller,Networking,Central,Rohan,7,17806.61,0.1,112181.64,72294.84,39886.81,0.3556,2025-11
ORD03057,2025-11-04,Customer_0076,Smart Sensor,IoT Devices,South,Rahul,6,5642.12,0.1,30467.45,20650.16,9817.29,0.3222,2025-11
ORD04682,2025-11-04,Customer_0111,Smart Sensor,IoT Devices,Central,Kavya,19,5832.14,0.1,99729.59,67594.5,32135.09,0.3222,2025-11
ORD00940,2025-11-05,Customer_0246,Analytics License,Software,North,Ananya,20,22008.23,0.1,396148.14,154057.61,242090.53,0.6111,2025-11
ORD03002,2025-11-05,Customer_0347,Energy Monitor,Energy Management,South,Ananya,14,7265.3,0.05,96628.49,65097.09,31531.4,0.3263,2025-11
ORD01986,2025-11-05,Customer_0129,Data Logger,Data Solutions,North,Priya,20,6862.16,0.15,116656.72,86463.22,30193.5,0.2588,2025-11
ORD01374,2025-11-05,Customer_0318,Energy Monitor,Energy Management,South,Rohan,19,7071.41,0.15,114203.27,85988.35,28214.93,0.2471,2025-11
ORD04597,2025-11-05,Customer_0049,Smart Sensor,IoT Devices,South,Kavya,11,5334.3,0.05,55743.44,35793.15,19950.28,0.3579,2025-11
ORD03066,2025-11-05,Customer_0128,Communication Module,IoT Devices,West,Rohan,20,4590.13,0.05,87212.47,56917.61,30294.86,0.3474,2025-11
ORD02368,2025-11-05,Customer_0354,Communication Module,IoT Devices,South,Priya,13,4416.59,0.15,48803.32,35597.72,13205.6,0.2706,2025-11
ORD01368,2025-11-05,Customer_0273,Communication Module,IoT Devices,South,Sneha,3,4341.27,0.2,10419.05,8074.76,2344.29,0.225,2025-11
ORD04523,2025-11-05,Customer_0218,Smart Meter,Energy Management,North,Rohan,16,7893.97,0.1,113673.17,85886.39,27786.77,0.2444,2025-11
ORD01999,2025-11-05,Customer_0251,Smart Meter,Energy Management,West,Aarav,18,8563.93,0.1,138735.67,104822.5,33913.16,0.2444,2025-11
ORD02139,2025-11-05,Customer_0362,Cloud Platform,Software,Central,Ananya,9,32491.22,0.1,263178.88,87726.29,175452.59,0.6667,2025-11
ORD00126,2025-11-05,Customer_0154,Data Logger,Data Solutions,North,Rahul,9,6399.59,0.15,48956.86,36285.68,12671.19,0.2588,2025-11
ORD01332,2025-11-05,Customer_0120,Network Controller,Networking,West,Rohan,20,19970.45,0.15,339497.65,231657.22,107840.43,0.3176,2025-11
ORD04205,2025-11-05,Customer_0360,Energy Monitor,Energy Management,East,Rohan,16,7057.07,0.05,107267.46,72264.4,35003.07,0.3263,2025-11
ORD02815,2025-11-05,Customer_0029,Data Logger,Data Solutions,East,Ananya,5,6532.63,0.05,31029.99,20577.78,10452.21,0.3368,2025-11
ORD01075,2025-11-06,Customer_0414,Advanced Meter,Energy Management,North,Rahul,8,11259.14,0.05,85569.46,58547.53,27021.94,0.3158,2025-11
ORD02480,2025-11-06,Customer_0220,Advanced Meter,Energy Management,North,Meera,8,12461.06,0.1,89719.63,64797.51,24922.12,0.2778,2025-11
ORD03384,2025-11-06,Customer_0338,Network Controller,Networking,North,Vikram,9,19428.94,0.05,166117.44,101419.07,64698.37,0.3895,2025-11
ORD02834,2025-11-06,Customer_0241,Network Controller,Networking,East,Vikram,7,17017.39,0.15,101253.47,69090.6,32162.87,0.3176,2025-11
ORD01632,2025-11-06,Customer_0432,Communication Module,IoT Devices,West,Vikram,17,4054.46,0.1,62033.24,42734.01,19299.23,0.3111,2025-11
ORD04418,2025-11-06,Customer_0052,IoT Gateway,IoT Devices,Central,Rohan,13,15568.14,0.05,192266.53,121431.49,70835.04,0.3684,2025-11
ORD01414,2025-11-06,Customer_0473,Data Logger,Data Solutions,West,Vikram,10,7074.94,0.1,63674.46,44572.12,19102.34,0.3,2025-11
ORD02768,2025-11-06,Customer_0181,Energy Monitor,Energy Management,East,Priya,19,6516.05,0.1,111424.46,79235.17,32189.29,0.2889,2025-11
ORD04624,2025-11-06,Customer_0185,Network Controller,Networking,Central,Rohan,2,19969.53,0.15,33948.2,23164.65,10783.55,0.3176,2025-11
ORD01568,2025-11-06,Customer_0439,Smart Sensor,IoT Devices,West,Priya,6,5284.09,0.25,23778.4,19339.77,4438.64,0.1867,2025-11
ORD04228,2025-11-06,Customer_0197,Communication Module,IoT Devices,West,Ananya,11,4446.62,0.15,41575.9,30325.95,11249.95,0.2706,2025-11
ORD00416,2025-11-06,Customer_0227,Energy Monitor,Energy Management,Central,Vikram,1,7761.91,0.05,7373.81,4967.62,2406.19,0.3263,2025-11
ORD00414,2025-11-06,Customer_0237,Analytics License,Software,South,Vikram,1,23303.46,0.15,19807.94,8156.21,11651.73,0.5882,2025-11
ORD03116,2025-11-06,Customer_0463,Smart Meter,Energy Management,South,Vikram,2,7819.21,0.1,14074.58,10634.13,3440.45,0.2444,2025-11
ORD03667,2025-11-06,Customer_0251,Energy Monitor,Energy Management,Central,Rahul,9,7847.77,0.1,63566.94,45203.16,18363.78,0.2889,2025-11
ORD02019,2025-11-06,Customer_0407,Cloud Platform,Software,West,Priya,8,37454.33,0.0,299634.64,89890.39,209744.25,0.7,2025-11
ORD02945,2025-11-06,Customer_0243,Network Controller,Networking,North,Sneha,17,20135.94,0.1,308079.88,198540.37,109539.51,0.3556,2025-11
ORD02895,2025-11-07,Customer_0395,Smart Meter,Energy Management,East,Priya,7,8322.52,0.1,52431.88,39615.2,12816.68,0.2444,2025-11
ORD02321,2025-11-07,Customer_0144,Communication Module,IoT Devices,West,Aarav,15,4579.83,0.25,51523.09,42592.42,8930.67,0.1733,2025-11
ORD02450,2025-11-07,Customer_0030,Analytics License,Software,North,Rahul,15,20010.39,0.15,255132.47,105054.55,150077.92,0.5882,2025-11
ORD00047,2025-11-07,Customer_0124,Communication Module,IoT Devices,South,Rahul,8,4389.92,0.25,26339.52,21774.0,4565.52,0.1733,2025-11
ORD03541,2025-11-07,Customer_0032,Communication Module,IoT Devices,South,Ananya,20,4493.82,0.15,76394.94,55723.37,20671.57,0.2706,2025-11
ORD01644,2025-11-07,Customer_0219,Communication Module,IoT Devices,East,Rohan,14,4117.59,0.1,51881.63,35740.68,16140.95,0.3111,2025-11
ORD02891,2025-11-07,Customer_0370,Advanced Meter,Energy Management,West,Ananya,20,13322.67,0.15,226485.39,173194.71,53290.68,0.2353,2025-11
ORD04395,2025-11-07,Customer_0323,Smart Sensor,IoT Devices,West,Rahul,6,5800.38,0.1,31322.05,21229.39,10092.66,0.3222,2025-11
ORD03129,2025-11-07,Customer_0479,Smart Meter,Energy Management,North,Meera,8,8786.22,0.05,66775.27,47797.04,18978.24,0.2842,2025-11
ORD02069,2025-11-07,Customer_0153,Energy Monitor,Energy Management,North,Kavya,16,6930.95,0.1,99805.68,70972.93,28832.75,0.2889,2025-11
ORD04015,2025-11-07,Customer_0199,Smart Meter,Energy Management,Central,Arjun,3,9120.92,0.05,25994.62,18606.68,7387.95,0.2842,2025-11
ORD00511,2025-11-08,Customer_0425,Energy Monitor,Energy Management,East,Rahul,1,7149.68,0.2,5719.74,4575.8,1143.95,0.2,2025-11
ORD03121,2025-11-08,Customer_0094,Analytics License,Software,West,Vikram,5,22846.3,0.0,114231.5,39981.02,74250.48,0.65,2025-11
ORD02186,2025-11-08,Customer_0060,Smart Meter,Energy Management,Central,Rahul,18,9079.57,0.0,163432.26,111133.94,52298.32,0.32,2025-11
ORD03942,2025-11-08,Customer_0137,Analytics License,Software,South,Rohan,10,20106.7,0.05,191013.65,70373.45,120640.2,0.6316,2025-11
ORD00989,2025-11-08,Customer_0253,Cloud Platform,Software,West,Ananya,8,34401.04,0.15,233927.07,82562.5,151364.58,0.6471,2025-11
ORD00722,2025-11-08,Customer_0237,Energy Monitor,Energy Management,East,Aarav,4,7379.97,0.15,25091.9,18892.72,6199.17,0.2471,2025-11
ORD04182,2025-11-08,Customer_0013,IoT Gateway,IoT Devices,North,Vikram,2,14669.0,0.05,27871.1,17602.8,10268.3,0.3684,2025-11
ORD04591,2025-11-08,Customer_0084,Analytics License,Software,East,Kavya,15,23006.79,0.1,310591.67,120785.65,189806.02,0.6111,2025-11
ORD00072,2025-11-08,Customer_0044,Smart Meter,Energy Management,Central,Arjun,1,8030.11,0.25,6022.58,5460.47,562.11,0.0933,2025-11
ORD01627,2025-11-08,Customer_0473,Advanced Meter,Energy Management,North,Vikram,8,11912.89,0.05,90537.96,61947.03,28590.94,0.3158,2025-11
ORD03469,2025-11-08,Customer_0462,Cloud Platform,Software,East,Kavya,18,32748.62,0.25,442106.37,176842.55,265263.82,0.6,2025-11
ORD02660,2025-11-08,Customer_0129,Communication Module,IoT Devices,West,Ananya,8,4223.01,0.05,32094.88,20946.13,11148.75,0.3474,2025-11
ORD01823,2025-11-08,Customer_0145,Advanced Meter,Energy Management,West,Priya,1,12747.53,0.2,10198.02,8285.89,1912.13,0.1875,2025-11
ORD00819,2025-11-08,Customer_0343,Data Logger,Data Solutions,Central,Sneha,4,7313.74,0.05,27792.21,18430.62,9361.59,0.3368,2025-11
ORD03785,2025-11-08,Customer_0343,Smart Sensor,IoT Devices,South,Rahul,20,5240.25,0.2,83844.0,63931.05,19912.95,0.2375,2025-11
ORD03051,2025-11-08,Customer_0363,Analytics License,Software,Central,Meera,11,22055.1,0.15,206215.18,84912.13,121303.05,0.5882,2025-11
ORD03272,2025-11-08,Customer_0022,Data Logger,Data Solutions,East,Vikram,7,7304.34,0.0,51130.38,32212.14,18918.24,0.37,2025-11
ORD03535,2025-11-09,Customer_0472,IoT Gateway,IoT Devices,North,Meera,16,15146.45,0.2,193874.56,145405.92,48468.64,0.25,2025-11
ORD00987,2025-11-09,Customer_0369,IoT Gateway,IoT Devices,North,Rahul,15,13744.42,0.05,195857.98,123699.78,72158.2,0.3684,2025-11
ORD00135,2025-11-09,Customer_0328,Smart Meter,Energy Management,North,Arjun,3,8042.83,0.15,20509.22,16407.37,4101.84,0.2,2025-11
ORD01089,2025-11-09,Customer_0272,Advanced Meter,Energy Management,Central,Sneha,5,12323.62,0.1,55456.29,40051.77,15404.53,0.2778,2025-11
ORD01215,2025-11-09,Customer_0024,Analytics License,Software,Central,Vikram,12,20620.95,0.05,235078.83,86607.99,148470.84,0.6316,2025-11
ORD01697,2025-11-09,Customer_0471,Cloud Platform,Software,West,Sneha,19,35100.68,0.1,600221.63,200073.88,400147.75,0.6667,2025-11
ORD04051,2025-11-09,Customer_0409,Smart Sensor,IoT Devices,Central,Meera,3,5529.74,0.0,16589.22,10119.42,6469.8,0.39,2025-11
ORD03975,2025-11-09,Customer_0242,Smart Sensor,IoT Devices,East,Arjun,11,5642.59,0.05,58965.07,37861.78,21103.29,0.3579,2025-11
ORD02020,2025-11-09,Customer_0014,Network Controller,Networking,East,Kavya,15,17799.47,0.15,226943.24,154855.39,72087.85,0.3176,2025-11
ORD02252,2025-11-09,Customer_0085,Data Logger,Data Solutions,West,Kavya,1,6263.2,0.05,5950.04,3945.82,2004.22,0.3368,2025-11
ORD01088,2025-11-09,Customer_0328,Energy Monitor,Energy Management,North,Vikram,19,6759.55,0.1,115588.3,82196.13,33392.18,0.2889,2025-11
ORD00202,2025-11-10,Customer_0014,IoT Gateway,IoT Devices,East,Priya,3,13622.26,0.05,38823.44,24520.07,14303.37,0.3684,2025-11
ORD02528,2025-11-10,Customer_0104,Cloud Platform,Software,Central,Meera,3,38190.68,0.1,103114.84,34371.61,68743.22,0.6667,2025-11
ORD02910,2025-11-10,Customer_0064,Communication Module,IoT Devices,North,Rahul,2,4592.6,0.2,7348.16,5694.82,1653.34,0.225,2025-11
ORD00519,2025-11-10,Customer_0192,Cloud Platform,Software,West,Rohan,20,32482.27,0.15,552198.59,194893.62,357304.97,0.6471,2025-11
ORD03106,2025-11-10,Customer_0500,Smart Meter,Energy Management,South,Vikram,9,8444.82,0.2,60802.7,51682.3,9120.41,0.15,2025-11
ORD03760,2025-11-10,Customer_0055,Network Controller,Networking,West,Vikram,19,17127.5,0.0,325422.5,188745.05,136677.45,0.42,2025-11
ORD03050,2025-11-10,Customer_0148,Advanced Meter,Energy Management,North,Ananya,12,12297.64,0.05,140193.1,95921.59,44271.5,0.3158,2025-11
ORD03732,2025-11-10,Customer_0050,Data Logger,Data Solutions,South,Ananya,20,7039.0,0.05,133741.0,88691.4,45049.6,0.3368,2025-11
ORD03757,2025-11-10,Customer_0154,Data Logger,Data Solutions,South,Kavya,13,7299.43,0.0,94892.59,59782.33,35110.26,0.37,2025-11
ORD02720,2025-11-10,Customer_0442,Smart Meter,Energy Management,West,Ananya,14,7960.61,0.1,100303.69,75785.01,24518.68,0.2444,2025-11
ORD02919,2025-11-11,Customer_0421,Smart Meter,Energy Management,West,Ananya,1,8661.21,0.15,7362.03,5889.62,1472.41,0.2,2025-11
ORD03648,2025-11-11,Customer_0009,Smart Meter,Energy Management,East,Meera,10,9018.31,0.2,72146.48,61324.51,10821.97,0.15,2025-11
ORD02752,2025-11-11,Customer_0012,Analytics License,Software,South,Vikram,17,22623.68,0.2,307682.05,134610.9,173071.15,0.5625,2025-11
ORD03677,2025-11-11,Customer_0063,Network Controller,Networking,East,Rahul,5,18962.55,0.15,80590.84,54991.39,25599.44,0.3176,2025-11
ORD04471,2025-11-11,Customer_0475,Advanced Meter,Energy Management,West,Rohan,15,13200.1,0.0,198001.5,128700.98,69300.52,0.35,2025-11
ORD02869,2025-11-11,Customer_0300,Advanced Meter,Energy Management,North,Sneha,8,11634.66,0.25,69807.96,60500.23,9307.73,0.1333,2025-11
ORD01072,2025-11-11,Customer_0438,Analytics License,Software,South,Arjun,9,21904.45,0.05,187283.05,68999.02,118284.03,0.6316,2025-11
ORD00158,2025-11-11,Customer_0483,Advanced Meter,Energy Management,South,Meera,18,13112.66,0.0,236027.88,153418.12,82609.76,0.35,2025-11
ORD02589,2025-11-11,Customer_0118,Advanced Meter,Energy Management,West,Aarav,2,13502.09,0.15,22953.55,17552.72,5400.84,0.2353,2025-11
ORD03574,2025-11-11,Customer_0134,Network Controller,Networking,Central,Arjun,16,16817.9,0.0,269086.4,156070.11,113016.29,0.42,2025-11
ORD02088,2025-11-11,Customer_0266,Advanced Meter,Energy Management,Central,Priya,4,13036.69,0.1,46932.08,33895.39,13036.69,0.2778,2025-11
ORD00376,2025-11-11,Customer_0122,Analytics License,Software,Central,Arjun,15,21946.55,0.0,329198.25,115219.39,213978.86,0.65,2025-11
ORD01401,2025-11-11,Customer_0206,Network Controller,Networking,North,Vikram,5,18794.28,0.05,89272.83,54503.41,34769.42,0.3895,2025-11
ORD03238,2025-11-11,Customer_0034,Smart Meter,Energy Management,North,Priya,10,8218.64,0.05,78077.08,55886.75,22190.33,0.2842,2025-11
ORD02580,2025-11-11,Customer_0202,Smart Sensor,IoT Devices,North,Aarav,17,5182.38,0.05,83695.44,53741.28,29954.16,0.3579,2025-11
ORD03703,2025-11-11,Customer_0300,Analytics License,Software,North,Priya,19,22254.08,0.15,359403.39,147989.63,211413.76,0.5882,2025-11
ORD00864,2025-11-11,Customer_0301,Network Controller,Networking,West,Ananya,5,19053.36,0.2,76213.44,55254.74,20958.7,0.275,2025-11
ORD01505,2025-11-12,Customer_0333,Smart Meter,Energy Management,East,Meera,19,8424.04,0.15,136048.25,108838.6,27209.65,0.2,2025-11
ORD02969,2025-11-12,Customer_0034,Network Controller,Networking,Central,Kavya,20,18350.56,0.05,348660.64,212866.5,135794.14,0.3895,2025-11
ORD01138,2025-11-12,Customer_0440,Communication Module,IoT Devices,North,Sneha,11,4085.86,0.15,38202.79,27865.57,10337.23,0.2706,2025-11
ORD01467,2025-11-12,Customer_0210,Network Controller,Networking,West,Rohan,16,18249.87,0.2,233598.34,169358.79,64239.54,0.275,2025-11
ORD03520,2025-11-12,Customer_0248,Smart Meter,Energy Management,West,Sneha,3,9130.18,0.1,24651.49,18625.57,6025.92,0.2444,2025-11
ORD00409,2025-11-12,Customer_0235,Smart Sensor,IoT Devices,Central,Arjun,10,5103.03,0.05,48478.78,31128.48,17350.3,0.3579,2025-11
ORD01343,2025-11-12,Customer_0234,Network Controller,Networking,Central,Aarav,7,18242.83,0.1,114929.83,74065.89,40863.94,0.3556,2025-11
ORD03868,2025-11-12,Customer_0014,Data Logger,Data Solutions,Central,Sneha,16,6502.51,0.2,83232.13,65545.3,17686.83,0.2125,2025-11
ORD02830,2025-11-12,Customer_0395,Data Logger,Data Solutions,Central,Vikram,1,7113.7,0.25,5335.28,4481.63,853.64,0.16,2025-11
ORD04910,2025-11-12,Customer_0138,Smart Meter,Energy Management,Central,Vikram,13,8548.04,0.25,83343.39,75564.67,7778.72,0.0933,2025-11
ORD01202,2025-11-12,Customer_0165,Cloud Platform,Software,East,Kavya,14,34630.91,0.0,484832.74,145449.82,339382.92,0.7,2025-11
ORD00006,2025-11-12,Customer_0053,Network Controller,Networking,South,Sneha,14,19641.07,0.05,261226.23,159485.49,101740.74,0.3895,2025-11
ORD00192,2025-11-12,Customer_0222,Energy Monitor,Energy Management,North,Sneha,3,6747.06,0.1,18217.06,12954.36,5262.71,0.2889,2025-11
ORD04663,2025-11-13,Customer_0339,Analytics License,Software,Central,Ananya,15,20438.95,0.0,306584.25,107304.49,199279.76,0.65,2025-11
ORD04650,2025-11-13,Customer_0254,Data Logger,Data Solutions,West,Kavya,14,6436.48,0.25,67583.04,56769.75,10813.29,0.16,2025-11
ORD01973,2025-11-13,Customer_0493,Smart Sensor,IoT Devices,North,Sneha,3,5772.55,0.1,15585.89,10563.77,5022.12,0.3222,2025-11
ORD04001,2025-11-13,Customer_0411,Communication Module,IoT Devices,East,Rahul,6,4086.72,0.1,22068.29,15202.6,6865.69,0.3111,2025-11
ORD02272,2025-11-13,Customer_0377,Communication Module,IoT Devices,East,Ananya,2,4213.54,0.05,8005.73,5224.79,2780.94,0.3474,2025-11
ORD03777,2025-11-13,Customer_0001,Data Logger,Data Solutions,South,Rohan,12,7341.58,0.15,74884.12,55502.34,19381.77,0.2588,2025-11
ORD01764,2025-11-13,Customer_0136,IoT Gateway,IoT Devices,South,Priya,1,13994.01,0.1,12594.61,8396.41,4198.2,0.3333,2025-11
ORD04289,2025-11-13,Customer_0209,Energy Monitor,Energy Management,North,Vikram,13,7372.42,0.2,76673.17,61338.53,15334.63,0.2,2025-11
ORD00952,2025-11-13,Customer_0481,Data Logger,Data Solutions,North,Arjun,6,6689.75,0.15,34117.72,25287.26,8830.47,0.2588,2025-11
ORD02650,2025-11-13,Customer_0231,Advanced Meter,Energy Management,Central,Ananya,1,11306.12,0.25,8479.59,7348.98,1130.61,0.1333,2025-11
ORD03458,2025-11-13,Customer_0344,Analytics License,Software,East,Rohan,12,21405.21,0.1,231176.27,89901.88,141274.39,0.6111,2025-11
ORD02887,2025-11-14,Customer_0460,Communication Module,IoT Devices,Central,Rahul,2,4583.93,0.05,8709.47,5684.07,3025.39,0.3474,2025-11
ORD00022,2025-11-14,Customer_0295,Smart Meter,Energy Management,South,Rahul,17,8081.66,0.05,130518.81,93423.99,37094.82,0.2842,2025-11
ORD04360,2025-11-14,Customer_0371,Smart Meter,Energy Management,West,Sneha,3,9315.94,0.05,26550.43,19004.52,7545.91,0.2842,2025-11
ORD02374,2025-11-14,Customer_0438,Data Logger,Data Solutions,West,Aarav,9,6588.34,0.15,50400.8,37355.89,13044.91,0.2588,2025-11
ORD01888,2025-11-14,Customer_0056,IoT Gateway,IoT Devices,South,Kavya,11,16467.22,0.15,153968.51,108683.65,45284.86,0.2941,2025-11
ORD03159,2025-11-14,Customer_0379,Cloud Platform,Software,West,Vikram,6,34770.76,0.05,198193.33,62587.37,135605.96,0.6842,2025-11
ORD02330,2025-11-14,Customer_0347,IoT Gateway,IoT Devices,East,Kavya,11,15728.37,0.1,155710.86,103807.24,51903.62,0.3333,2025-11
ORD04286,2025-11-14,Customer_0169,Network Controller,Networking,South,Kavya,1,19499.69,0.0,19499.69,11309.82,8189.87,0.42,2025-11
ORD00131,2025-11-14,Customer_0424,Communication Module,IoT Devices,East,Priya,17,3810.7,0.1,58303.71,40164.78,18138.93,0.3111,2025-11
ORD04893,2025-11-14,Customer_0188,Cloud Platform,Software,North,Ananya,1,31579.14,0.15,26842.27,9473.74,17368.53,0.6471,2025-11
ORD04310,2025-11-14,Customer_0230,Communication Module,IoT Devices,North,Priya,15,4472.8,0.0,67092.0,41597.04,25494.96,0.38,2025-11
ORD03773,2025-11-14,Customer_0453,Network Controller,Networking,Central,Kavya,20,17367.91,0.1,312622.38,201467.76,111154.62,0.3556,2025-11
ORD01392,2025-11-14,Customer_0068,IoT Gateway,IoT Devices,South,Meera,2,15194.46,0.05,28869.47,18233.35,10636.12,0.3684,2025-11
ORD03526,2025-11-14,Customer_0200,Cloud Platform,Software,West,Rahul,1,34805.29,0.1,31324.76,10441.59,20883.17,0.6667,2025-11
ORD01834,2025-11-14,Customer_0092,Cloud Platform,Software,West,Vikram,13,35431.31,0.15,391515.98,138182.11,253333.87,0.6471,2025-11
ORD04875,2025-11-14,Customer_0348,Smart Sensor,IoT Devices,East,Vikram,13,5492.28,0.2,57119.71,43553.78,13565.93,0.2375,2025-11
ORD02182,2025-11-14,Customer_0325,Smart Sensor,IoT Devices,East,Meera,16,5411.28,0.1,77922.43,52814.09,25108.34,0.3222,2025-11
ORD04508,2025-11-15,Customer_0258,IoT Gateway,IoT Devices,Central,Ananya,6,16438.45,0.05,93699.16,59178.42,34520.75,0.3684,2025-11
ORD04873,2025-11-15,Customer_0354,Analytics License,Software,East,Rohan,17,20245.34,0.1,309753.7,120459.77,189293.93,0.6111,2025-11
ORD03285,2025-11-15,Customer_0182,Data Logger,Data Solutions,West,Rohan,6,6482.07,0.05,36947.8,24502.22,12445.57,0.3368,2025-11
ORD03281,2025-11-15,Customer_0042,Data Logger,Data Solutions,West,Arjun,14,6689.3,0.1,84285.18,58999.63,25285.55,0.3,2025-11
ORD04869,2025-11-15,Customer_0265,Energy Monitor,Energy Management,West,Rohan,1,7269.34,0.05,6905.87,4652.38,2253.5,0.3263,2025-11
ORD02619,2025-11-15,Customer_0055,Energy Monitor,Energy Management,Central,Rahul,17,7213.9,0.15,104240.85,78487.23,25753.62,0.2471,2025-11
ORD02695,2025-11-15,Customer_0073,Data Logger,Data Solutions,West,Sneha,17,7054.83,0.1,107938.9,75557.23,32381.67,0.3,2025-11
ORD03297,2025-11-15,Customer_0239,IoT Gateway,IoT Devices,East,Sneha,18,14556.22,0.1,235810.76,157207.18,78603.59,0.3333,2025-11
ORD00133,2025-11-15,Customer_0359,Analytics License,Software,East,Meera,4,20600.48,0.2,65921.54,28840.67,37080.86,0.5625,2025-11
ORD00943,2025-11-15,Customer_0280,IoT Gateway,IoT Devices,South,Aarav,5,14207.05,0.15,60379.96,42621.15,17758.81,0.2941,2025-11
ORD04897,2025-11-15,Customer_0270,Smart Sensor,IoT Devices,Central,Rohan,10,5767.31,0.05,54789.44,35180.59,19608.85,0.3579,2025-11
ORD03103,2025-11-15,Customer_0419,Smart Sensor,IoT Devices,South,Rohan,6,5258.9,0.25,23665.05,19247.57,4417.48,0.1867,2025-11
ORD03489,2025-11-15,Customer_0051,Network Controller,Networking,South,Vikram,4,17047.85,0.1,61372.26,39551.01,21821.25,0.3556,2025-11
ORD03491,2025-11-16,Customer_0447,Smart Sensor,IoT Devices,North,Aarav,10,4971.36,0.05,47227.92,30325.3,16902.62,0.3579,2025-11
ORD00664,2025-11-16,Customer_0497,Analytics License,Software,North,Meera,10,23014.17,0.0,230141.7,80549.59,149592.1,0.65,2025-11
ORD01159,2025-11-16,Customer_0467,Communication Module,IoT Devices,Central,Vikram,12,4488.08,0.1,48471.26,33391.32,15079.95,0.3111,2025-11
ORD04268,2025-11-16,Customer_0155,IoT Gateway,IoT Devices,West,Aarav,3,14391.78,0.15,36699.04,25905.2,10793.84,0.2941,2025-11
ORD04994,2025-11-16,Customer_0168,Analytics License,Software,North,Sneha,11,23786.77,0.1,235489.02,91579.06,143909.96,0.6111,2025-11
ORD01968,2025-11-16,Customer_0119,Data Logger,Data Solutions,Central,Aarav,8,6912.82,0.0,55302.56,34840.61,20461.95,0.37,2025-11
ORD01654,2025-11-16,Customer_0167,IoT Gateway,IoT Devices,South,Ananya,18,14018.37,0.1,227097.59,151398.4,75699.2,0.3333,2025-11
ORD02083,2025-11-16,Customer_0358,IoT Gateway,IoT Devices,North,Rahul,2,13691.48,0.05,26013.81,16429.78,9584.04,0.3684,2025-11
ORD03186,2025-11-16,Customer_0026,Smart Meter,Energy Management,Central,Kavya,16,8861.33,0.15,120514.09,96411.27,24102.82,0.2,2025-11
ORD01443,2025-11-16,Customer_0391,Data Logger,Data Solutions,Central,Ananya,14,6418.68,0.15,76382.29,56612.76,19769.53,0.2588,2025-11
ORD02445,2025-11-16,Customer_0330,Advanced Meter,Energy Management,West,Ananya,2,12320.37,0.1,22176.67,16016.48,6160.18,0.2778,2025-11
ORD02487,2025-11-16,Customer_0202,Data Logger,Data Solutions,West,Aarav,2,6230.27,0.15,10591.46,7850.14,2741.32,0.2588,2025-11
ORD03548,2025-11-16,Customer_0316,Data Logger,Data Solutions,Central,Vikram,11,7177.18,0.1,71054.08,49737.86,21316.22,0.3,2025-11
ORD02308,2025-11-16,Customer_0371,Communication Module,IoT Devices,Central,Aarav,18,4078.17,0.2,58725.65,45512.38,13213.27,0.225,2025-11
ORD04888,2025-11-16,Customer_0314,IoT Gateway,IoT Devices,East,Ananya,1,15909.96,0.1,14318.96,9545.98,4772.99,0.3333,2025-11
ORD02460,2025-11-17,Customer_0415,Smart Sensor,IoT Devices,East,Aarav,8,5707.6,0.2,36528.64,27853.09,8675.55,0.2375,2025-11
ORD03656,2025-11-17,Customer_0150,Data Logger,Data Solutions,North,Rahul,13,7299.14,0.05,90144.38,59779.96,30364.42,0.3368,2025-11
ORD03094,2025-11-17,Customer_0036,Analytics License,Software,South,Priya,3,20437.35,0.15,52115.24,21459.22,30656.02,0.5882,2025-11
ORD02085,2025-11-17,Customer_0039,IoT Gateway,IoT Devices,West,Rahul,12,14534.62,0.15,148253.12,104649.26,43603.86,0.2941,2025-11
ORD04942,2025-11-17,Customer_0365,Energy Monitor,Energy Management,Central,Arjun,18,6727.28,0.25,90818.28,77498.27,13320.01,0.1467,2025-11
ORD01908,2025-11-17,Customer_0289,Smart Meter,Energy Management,West,Rohan,7,8287.08,0.0,58009.56,39446.5,18563.06,0.32,2025-11
ORD01910,2025-11-17,Customer_0456,Smart Meter,Energy Management,South,Meera,10,8267.52,0.15,70273.92,56219.14,14054.78,0.2,2025-11
ORD04795,2025-11-17,Customer_0294,IoT Gateway,IoT Devices,North,Meera,3,14219.25,0.05,40524.86,25594.65,14930.21,0.3684,2025-11
ORD00747,2025-11-17,Customer_0016,Analytics License,Software,West,Kavya,19,21896.72,0.15,353632.03,145613.19,208018.84,0.5882,2025-11
ORD01031,2025-11-17,Customer_0153,Analytics License,Software,Central,Meera,6,22133.87,0.15,112882.74,46481.13,66401.61,0.5882,2025-11
ORD04560,2025-11-17,Customer_0486,Data Logger,Data Solutions,North,Priya,15,7226.91,0.25,81302.74,68294.3,13008.44,0.16,2025-11
ORD02027,2025-11-17,Customer_0231,Cloud Platform,Software,North,Vikram,10,33321.98,0.1,299897.82,99965.94,199931.88,0.6667,2025-11
ORD01052,2025-11-17,Customer_0271,Smart Sensor,IoT Devices,East,Vikram,10,5697.09,0.0,56970.9,34752.25,22218.65,0.39,2025-11
ORD03857,2025-11-18,Customer_0440,Energy Monitor,Energy Management,West,Meera,17,6697.05,0.0,113849.85,72863.9,40985.95,0.36,2025-11
ORD03289,2025-11-18,Customer_0438,Communication Module,IoT Devices,North,Meera,2,4368.11,0.25,6552.16,5416.46,1135.71,0.1733,2025-11
ORD03768,2025-11-18,Customer_0051,Smart Meter,Energy Management,Central,Priya,10,7742.94,0.25,58072.05,52651.99,5420.06,0.0933,2025-11
ORD04345,2025-11-18,Customer_0054,Smart Meter,Energy Management,North,Arjun,18,8345.75,0.25,112667.62,102151.98,10515.64,0.0933,2025-11
ORD02166,2025-11-18,Customer_0040,Network Controller,Networking,East,Vikram,6,17796.18,0.2,85421.66,61930.71,23490.96,0.275,2025-11
ORD01762,2025-11-18,Customer_0357,Energy Monitor,Energy Management,North,Vikram,17,7313.86,0.05,118118.84,79574.8,38544.04,0.3263,2025-11
ORD00477,2025-11-18,Customer_0283,IoT Gateway,IoT Devices,South,Vikram,2,15611.38,0.1,28100.48,18733.66,9366.83,0.3333,2025-11
ORD04250,2025-11-18,Customer_0102,Data Logger,Data Solutions,North,Aarav,17,6299.86,0.0,107097.62,67471.5,39626.12,0.37,2025-11
ORD00777,2025-11-18,Customer_0044,Energy Monitor,Energy Management,Central,Kavya,4,7082.34,0.05,26912.89,18130.79,8782.1,0.3263,2025-11
ORD02756,2025-11-18,Customer_0167,Smart Sensor,IoT Devices,Central,Rohan,16,5287.79,0.05,80374.41,51608.83,28765.58,0.3579,2025-11
ORD00473,2025-11-18,Customer_0169,Smart Meter,Energy Management,Central,Priya,6,8581.23,0.25,38615.53,35011.42,3604.12,0.0933,2025-11
ORD03505,2025-11-18,Customer_0087,Cloud Platform,Software,North,Rahul,19,32252.5,0.05,582157.62,183839.25,398318.38,0.6842,2025-11
ORD04469,2025-11-18,Customer_0434,Advanced Meter,Energy Management,South,Meera,9,13680.27,0.0,123122.43,80029.58,43092.85,0.35,2025-11
ORD01195,2025-11-18,Customer_0077,Data Logger,Data Solutions,Central,Ananya,10,7304.52,0.05,69392.94,46018.48,23374.46,0.3368,2025-11
ORD01028,2025-11-19,Customer_0483,Energy Monitor,Energy Management,West,Aarav,15,7367.39,0.1,99459.77,70726.94,28732.82,0.2889,2025-11
ORD01683,2025-11-19,Customer_0281,Analytics License,Software,East,Rahul,2,23217.0,0.05,44112.3,16251.9,27860.4,0.6316,2025-11
ORD00040,2025-11-19,Customer_0431,Smart Sensor,IoT Devices,South,Meera,8,5027.46,0.05,38208.7,24534.0,13674.69,0.3579,2025-11
ORD00687,2025-11-19,Customer_0487,Network Controller,Networking,Central,Arjun,8,18684.5,0.25,112107.0,86696.08,25410.92,0.2267,2025-11
ORD04449,2025-11-19,Customer_0027,Advanced Meter,Energy Management,South,Kavya,20,12820.9,0.0,256418.0,166671.7,89746.3,0.35,2025-11
ORD00740,2025-11-19,Customer_0296,IoT Gateway,IoT Devices,South,Aarav,7,14949.7,0.25,78485.92,62788.74,15697.18,0.2,2025-11
ORD03529,2025-11-19,Customer_0209,Energy Monitor,Energy Management,Central,Kavya,3,6487.64,0.15,16543.48,12456.27,4087.21,0.2471,2025-11
ORD03419,2025-11-19,Customer_0167,Network Controller,Networking,West,Aarav,8,17150.37,0.05,130342.81,79577.72,50765.1,0.3895,2025-11
ORD00983,2025-11-19,Customer_0139,Network Controller,Networking,East,Rahul,14,19330.86,0.05,257100.44,156966.58,100133.85,0.3895,2025-11
ORD01119,2025-11-19,Customer_0198,Network Controller,Networking,South,Ananya,15,17300.4,0.0,259506.0,150513.48,108992.52,0.42,2025-11
ORD00443,2025-11-20,Customer_0365,Advanced Meter,Energy Management,West,Sneha,1,11851.0,0.05,11258.45,7703.15,3555.3,0.3158,2025-11
ORD00381,2025-11-20,Customer_0125,Cloud Platform,Software,East,Priya,19,32656.69,0.1,558429.4,186143.13,372286.27,0.6667,2025-11
ORD00763,2025-11-20,Customer_0094,Network Controller,Networking,South,Arjun,17,17062.5,0.1,261056.25,168236.25,92820.0,0.3556,2025-11
ORD02343,2025-11-20,Customer_0367,Advanced Meter,Energy Management,South,Ananya,16,11564.6,0.1,166530.24,120271.84,46258.4,0.2778,2025-11
ORD00809,2025-11-20,Customer_0101,Smart Sensor,IoT Devices,East,Meera,1,5186.67,0.15,4408.67,3163.87,1244.8,0.2824,2025-11
ORD01205,2025-11-20,Customer_0336,Analytics License,Software,Central,Arjun,11,19803.47,0.2,174270.54,76243.36,98027.18,0.5625,2025-11
ORD01517,2025-11-20,Customer_0336,Analytics License,Software,South,Kavya,12,23548.31,0.15,240192.76,98902.9,141289.86,0.5882,2025-11
ORD04184,2025-11-20,Customer_0066,Data Logger,Data Solutions,West,Sneha,13,6168.29,0.2,64150.22,50518.3,13631.92,0.2125,2025-11
ORD00816,2025-11-20,Customer_0232,Network Controller,Networking,East,Priya,7,17598.73,0.2,98552.89,71450.84,27102.04,0.275,2025-11
ORD04941,2025-11-20,Customer_0460,Network Controller,Networking,East,Arjun,13,17148.12,0.15,189486.73,129296.82,60189.9,0.3176,2025-11
ORD04017,2025-11-20,Customer_0256,Cloud Platform,Software,South,Priya,3,37666.46,0.05,107349.41,33899.81,73449.6,0.6842,2025-11
ORD03618,2025-11-20,Customer_0332,Advanced Meter,Energy Management,West,Meera,3,12680.08,0.1,34236.22,24726.16,9510.06,0.2778,2025-11
ORD02356,2025-11-20,Customer_0247,IoT Gateway,IoT Devices,South,Arjun,7,14415.47,0.25,75681.22,60544.97,15136.24,0.2,2025-11
ORD03887,2025-11-20,Customer_0460,Communication Module,IoT Devices,East,Arjun,10,3924.28,0.0,39242.8,24330.54,14912.26,0.38,2025-11
ORD04683,2025-11-20,Customer_0371,Communication Module,IoT Devices,North,Sneha,3,4312.03,0.25,9702.07,8020.38,1681.69,0.1733,2025-11
ORD04053,2025-11-20,Customer_0096,Smart Meter,Energy Management,West,Kavya,17,8306.08,0.15,120022.86,96018.28,24004.57,0.2,2025-11
ORD00348,2025-11-20,Customer_0065,Network Controller,Networking,Central,Rohan,3,19718.36,0.2,47324.06,34309.95,13014.12,0.275,2025-11
ORD01241,2025-11-20,Customer_0158,IoT Gateway,IoT Devices,Central,Meera,12,13592.91,0.05,154959.17,97868.95,57090.22,0.3684,2025-11
ORD00055,2025-11-21,Customer_0247,Smart Meter,Energy Management,South,Aarav,13,7926.99,0.0,103050.87,70074.59,32976.28,0.32,2025-11
ORD01362,2025-11-21,Customer_0172,IoT Gateway,IoT Devices,Central,Kavya,3,16294.69,0.15,41551.46,29330.44,12221.02,0.2941,2025-11
ORD01157,2025-11-21,Customer_0051,Energy Monitor,Energy Management,Central,Sneha,4,7042.14,0.1,25351.7,18027.88,7323.83,0.2889,2025-11
ORD03151,2025-11-21,Customer_0077,Communication Module,IoT Devices,South,Meera,4,4423.63,0.15,15040.34,10970.6,4069.74,0.2706,2025-11
ORD03335,2025-11-21,Customer_0466,Smart Meter,Energy Management,North,Priya,14,8043.21,0.1,101344.45,76571.36,24773.09,0.2444,2025-11
ORD01184,2025-11-21,Customer_0095,Smart Sensor,IoT Devices,North,Priya,8,5143.64,0.15,34976.75,25100.96,9875.79,0.2824,2025-11
ORD03708,2025-11-21,Customer_0343,Network Controller,Networking,West,Meera,3,16904.98,0.1,45643.45,29414.67,16228.78,0.3556,2025-11
ORD04962,2025-11-21,Customer_0249,IoT Gateway,IoT Devices,Central,Ananya,8,16447.27,0.0,131578.16,78946.9,52631.26,0.4,2025-11
ORD00406,2025-11-21,Customer_0139,Network Controller,Networking,North,Aarav,12,19391.35,0.05,221061.39,134963.8,86097.59,0.3895,2025-11
ORD00054,2025-11-21,Customer_0250,Analytics License,Software,East,Meera,4,19999.34,0.1,71997.62,27999.08,43998.55,0.6111,2025-11
ORD01921,2025-11-21,Customer_0114,Energy Monitor,Energy Management,North,Arjun,19,7841.33,0.2,119188.22,95350.57,23837.64,0.2,2025-11
ORD02140,2025-11-21,Customer_0004,Energy Monitor,Energy Management,South,Meera,12,6754.63,0.1,72950.0,51875.56,21074.45,0.2889,2025-11
ORD00834,2025-11-21,Customer_0455,Smart Meter,Energy Management,North,Rohan,7,9124.2,0.25,47902.05,43431.19,4470.86,0.0933,2025-11
ORD00733,2025-11-21,Customer_0105,Network Controller,Networking,Central,Ananya,5,20056.56,0.05,95268.66,58164.02,37104.64,0.3895,2025-11
ORD03170,2025-11-21,Customer_0017,Communication Module,IoT Devices,South,Sneha,12,4398.88,0.05,50147.23,32727.67,17419.56,0.3474,2025-11
ORD04199,2025-11-21,Customer_0056,Data Logger,Data Solutions,North,Arjun,9,7080.08,0.15,54162.61,40144.05,14018.56,0.2588,2025-11
ORD04607,2025-11-22,Customer_0376,IoT Gateway,IoT Devices,North,Sneha,4,15413.1,0.15,52404.54,36991.44,15413.1,0.2941,2025-11
ORD01677,2025-11-22,Customer_0374,Network Controller,Networking,Central,Arjun,2,18860.19,0.1,33948.34,21877.82,12070.52,0.3556,2025-11
ORD04939,2025-11-22,Customer_0090,Cloud Platform,Software,North,Aarav,2,33877.24,0.05,64366.76,20326.34,44040.41,0.6842,2025-11
ORD00623,2025-11-22,Customer_0146,Network Controller,Networking,Central,Kavya,4,18158.55,0.0,72634.2,42127.84,30506.36,0.42,2025-11
ORD04126,2025-11-22,Customer_0337,Analytics License,Software,East,Aarav,20,19912.95,0.05,378346.05,139390.65,238955.4,0.6316,2025-11
ORD03185,2025-11-22,Customer_0481,Network Controller,Networking,South,Rahul,12,19223.01,0.25,173007.09,133792.15,39214.94,0.2267,2025-11
ORD02749,2025-11-22,Customer_0075,Advanced Meter,Energy Management,Central,Arjun,11,11951.88,0.1,118323.61,85455.94,32867.67,0.2778,2025-11
ORD00251,2025-11-22,Customer_0209,Analytics License,Software,East,Priya,2,24174.21,0.15,41096.16,16921.95,24174.21,0.5882,2025-11
ORD01252,2025-11-22,Customer_0490,Cloud Platform,Software,North,Vikram,11,33974.34,0.15,317660.08,112115.32,205544.76,0.6471,2025-11
ORD04759,2025-11-22,Customer_0366,Analytics License,Software,South,Meera,18,23089.17,0.0,415605.06,145461.77,270143.29,0.65,2025-11
ORD00233,2025-11-22,Customer_0493,Cloud Platform,Software,Central,Rohan,14,36526.86,0.25,383532.03,153412.81,230119.22,0.6,2025-11
ORD01410,2025-11-22,Customer_0265,Energy Monitor,Energy Management,South,Aarav,2,6877.61,0.2,11004.18,8803.34,2200.84,0.2,2025-11
ORD00883,2025-11-22,Customer_0002,Smart Sensor,IoT Devices,West,Kavya,2,5027.87,0.15,8547.38,6134.0,2413.38,0.2824,2025-11
ORD01256,2025-11-22,Customer_0476,Communication Module,IoT Devices,West,Sneha,8,3976.97,0.1,28634.18,19725.77,8908.41,0.3111,2025-11
ORD01798,2025-11-23,Customer_0372,IoT Gateway,IoT Devices,South,Vikram,10,13719.18,0.1,123472.62,82315.08,41157.54,0.3333,2025-11
ORD02472,2025-11-23,Customer_0119,Advanced Meter,Energy Management,West,Arjun,1,11859.13,0.25,8894.35,7708.43,1185.91,0.1333,2025-11
ORD02702,2025-11-23,Customer_0263,Advanced Meter,Energy Management,North,Rahul,17,11795.44,0.15,170444.11,130339.61,40104.5,0.2353,2025-11
ORD04431,2025-11-23,Customer_0332,Smart Meter,Energy Management,North,Ananya,16,9302.27,0.2,119069.06,101208.7,17860.36,0.15,2025-11
ORD04497,2025-11-23,Customer_0053,Data Logger,Data Solutions,North,Aarav,6,6124.23,0.1,33070.84,23149.59,9921.25,0.3,2025-11
ORD00682,2025-11-23,Customer_0278,Network Controller,Networking,North,Arjun,15,19527.9,0.2,234334.8,169892.73,64442.07,0.275,2025-11
ORD03252,2025-11-23,Customer_0120,IoT Gateway,IoT Devices,Central,Vikram,1,13614.92,0.0,13614.92,8168.95,5445.97,0.4,2025-11
ORD02119,2025-11-23,Customer_0280,Analytics License,Software,West,Ananya,7,21594.92,0.1,136048.0,52907.55,83140.44,0.6111,2025-11
ORD00316,2025-11-23,Customer_0354,Smart Sensor,IoT Devices,West,Meera,1,5525.73,0.0,5525.73,3370.7,2155.03,0.39,2025-11
ORD02153,2025-11-23,Customer_0213,Network Controller,Networking,East,Vikram,5,18808.64,0.25,70532.4,54545.06,15987.34,0.2267,2025-11
ORD02542,2025-11-23,Customer_0455,IoT Gateway,IoT Devices,West,Aarav,10,14547.98,0.2,116383.84,87287.88,29095.96,0.25,2025-11
ORD02671,2025-11-23,Customer_0390,IoT Gateway,IoT Devices,South,Sneha,5,13945.87,0.1,62756.42,41837.61,20918.81,0.3333,2025-11
ORD00782,2025-11-24,Customer_0014,Analytics License,Software,South,Kavya,10,22734.48,0.1,204610.32,79570.68,125039.64,0.6111,2025-11
ORD04531,2025-11-24,Customer_0138,Analytics License,Software,South,Sneha,1,21089.55,0.0,21089.55,7381.34,13708.21,0.65,2025-11
ORD01805,2025-11-24,Customer_0004,Analytics License,Software,East,Priya,15,21095.02,0.2,253140.24,110748.85,142391.38,0.5625,2025-11
ORD02062,2025-11-24,Customer_0076,IoT Gateway,IoT Devices,West,Rohan,11,14380.44,0.05,150275.6,94910.9,55364.69,0.3684,2025-11
ORD00468,2025-11-24,Customer_0331,Advanced Meter,Energy Management,Central,Aarav,1,12622.15,0.05,11991.04,8204.4,3786.64,0.3158,2025-11
ORD03607,2025-11-24,Customer_0191,Cloud Platform,Software,East,Meera,11,33017.4,0.05,345031.83,108957.42,236074.41,0.6842,2025-11
ORD01630,2025-11-24,Customer_0111,Network Controller,Networking,North,Rohan,7,18574.79,0.15,110520.0,75413.65,35106.35,0.3176,2025-11
ORD04804,2025-11-24,Customer_0459,Energy Monitor,Energy Management,East,Rohan,10,6682.43,0.15,56800.66,42767.55,14033.1,0.2471,2025-11
ORD03673,2025-11-24,Customer_0381,Smart Meter,Energy Management,West,Priya,15,9339.29,0.15,119075.95,95260.76,23815.19,0.2,2025-11
ORD03904,2025-11-24,Customer_0419,Cloud Platform,Software,East,Arjun,10,35587.04,0.2,284696.32,106761.12,177935.2,0.625,2025-11
ORD02776,2025-11-24,Customer_0088,Energy Monitor,Energy Management,North,Ananya,11,7159.01,0.1,70874.2,50399.43,20474.77,0.2889,2025-11
ORD00467,2025-11-24,Customer_0114,Data Logger,Data Solutions,East,Rahul,7,6545.49,0.2,36654.74,28865.61,7789.13,0.2125,2025-11
ORD01301,2025-11-25,Customer_0326,IoT Gateway,IoT Devices,East,Vikram,10,15145.2,0.05,143879.4,90871.2,53008.2,0.3684,2025-11
ORD03767,2025-11-25,Customer_0215,Analytics License,Software,Central,Priya,10,21689.11,0.0,216891.1,75911.88,140979.22,0.65,2025-11
ORD04232,2025-11-25,Customer_0442,Communication Module,IoT Devices,East,Ananya,6,4534.71,0.05,25847.85,16869.12,8978.73,0.3474,2025-11
ORD02828,2025-11-25,Customer_0225,Smart Sensor,IoT Devices,South,Kavya,16,5755.14,0.0,92082.24,56170.17,35912.07,0.39,2025-11
ORD00833,2025-11-25,Customer_0062,IoT Gateway,IoT Devices,West,Rahul,17,13572.12,0.1,207653.44,138435.62,69217.81,0.3333,2025-11
ORD03433,2025-11-25,Customer_0273,Communication Module,IoT Devices,East,Priya,12,4502.7,0.05,51330.78,33500.09,17830.69,0.3474,2025-11
ORD01456,2025-11-25,Customer_0298,Data Logger,Data Solutions,East,Rohan,12,6364.27,0.15,64915.55,48113.88,16801.67,0.2588,2025-11
ORD03222,2025-11-25,Customer_0214,Analytics License,Software,Central,Kavya,13,21082.64,0.05,260370.6,95926.01,164444.59,0.6316,2025-11
ORD03793,2025-11-25,Customer_0198,Smart Sensor,IoT Devices,East,Kavya,12,4985.32,0.1,53841.46,36492.54,17348.91,0.3222,2025-11
ORD04679,2025-11-26,Customer_0024,IoT Gateway,IoT Devices,Central,Rahul,9,15036.5,0.05,128562.08,81197.1,47364.98,0.3684,2025-11
ORD04093,2025-11-26,Customer_0151,IoT Gateway,IoT Devices,West,Vikram,1,14080.1,0.05,13376.1,8448.06,4928.04,0.3684,2025-11
ORD03479,2025-11-26,Customer_0273,Communication Module,IoT Devices,North,Kavya,1,4167.65,0.25,3125.74,2583.94,541.79,0.1733,2025-11
ORD01066,2025-11-26,Customer_0166,Energy Monitor,Energy Management,East,Arjun,14,7003.18,0.1,88240.07,62748.49,25491.58,0.2889,2025-11
ORD01842,2025-11-26,Customer_0197,Smart Sensor,IoT Devices,North,Priya,7,5763.67,0.2,32276.55,24610.87,7665.68,0.2375,2025-11
ORD00089,2025-11-26,Customer_0034,Smart Meter,Energy Management,Central,Priya,17,8089.02,0.1,123762.01,93509.07,30252.93,0.2444,2025-11
ORD04390,2025-11-26,Customer_0125,Network Controller,Networking,West,Sneha,6,18340.49,0.15,93536.5,63824.91,29711.59,0.3176,2025-11
ORD01340,2025-11-26,Customer_0437,Energy Monitor,Energy Management,North,Priya,20,7012.29,0.05,133233.51,89757.31,43476.2,0.3263,2025-11
ORD02084,2025-11-26,Customer_0394,Network Controller,Networking,West,Sneha,17,18429.95,0.0,313309.15,181719.31,131589.84,0.42,2025-11
ORD03591,2025-11-26,Customer_0201,Communication Module,IoT Devices,East,Rohan,12,4108.61,0.1,44372.99,30568.06,13804.93,0.3111,2025-11
ORD02678,2025-11-26,Customer_0494,Advanced Meter,Energy Management,South,Rahul,17,11882.17,0.05,191897.05,131297.98,60599.07,0.3158,2025-11
ORD00991,2025-11-27,Customer_0103,Analytics License,Software,West,Rohan,1,20980.3,0.25,15735.22,7343.1,8392.12,0.5333,2025-11
ORD00258,2025-11-27,Customer_0196,Network Controller,Networking,South,Rohan,3,18118.83,0.1,48920.84,31526.76,17394.08,0.3556,2025-11
ORD03726,2025-11-27,Customer_0026,Advanced Meter,Energy Management,Central,Aarav,1,11499.42,0.2,9199.54,7474.62,1724.91,0.1875,2025-11
ORD00364,2025-11-27,Customer_0118,Communication Module,IoT Devices,North,Vikram,13,3788.51,0.15,41863.04,30535.39,11327.64,0.2706,2025-11
ORD04525,2025-11-27,Customer_0001,Analytics License,Software,East,Arjun,2,21756.36,0.15,36985.81,15229.45,21756.36,0.5882,2025-11
ORD03271,2025-11-27,Customer_0294,Network Controller,Networking,South,Ananya,1,20261.13,0.1,18235.02,11751.46,6483.56,0.3556,2025-11
ORD03090,2025-11-27,Customer_0207,Analytics License,Software,North,Kavya,9,20253.87,0.05,173170.59,63799.69,109370.9,0.6316,2025-11
ORD00700,2025-11-27,Customer_0322,Analytics License,Software,East,Rohan,6,20201.76,0.05,115150.03,42423.7,72726.34,0.6316,2025-11
ORD01016,2025-11-27,Customer_0313,Cloud Platform,Software,East,Priya,13,36730.65,0.05,453623.53,143249.54,310373.99,0.6842,2025-11
ORD02029,2025-11-27,Customer_0232,Cloud Platform,Software,Central,Aarav,20,38330.96,0.1,689957.28,229985.76,459971.52,0.6667,2025-11
ORD01381,2025-11-27,Customer_0095,Cloud Platform,Software,Central,Aarav,11,32164.19,0.05,336115.79,106141.83,229973.96,0.6842,2025-11
ORD04514,2025-11-27,Customer_0001,Smart Meter,Energy Management,West,Ananya,6,7673.58,0.15,39135.26,31308.21,7827.05,0.2,2025-11
ORD01811,2025-11-27,Customer_0460,Energy Monitor,Energy Management,North,Kavya,6,6940.29,0.1,37477.57,26650.71,10826.85,0.2889,2025-11
ORD03473,2025-11-27,Customer_0172,Cloud Platform,Software,East,Meera,18,34793.25,0.25,469708.88,187883.55,281825.32,0.6,2025-11
ORD02809,2025-11-27,Customer_0040,Cloud Platform,Software,West,Arjun,4,37744.18,0.2,120781.38,45293.02,75488.36,0.625,2025-11
ORD01198,2025-11-27,Customer_0449,Advanced Meter,Energy Management,Central,Meera,11,12029.26,0.05,125705.77,86009.21,39696.56,0.3158,2025-11
ORD01621,2025-11-27,Customer_0466,Advanced Meter,Energy Management,North,Rohan,18,11923.18,0.1,193155.52,139501.21,53654.31,0.2778,2025-11
ORD01262,2025-11-27,Customer_0254,Analytics License,Software,North,Sneha,3,20165.37,0.05,57471.3,21173.64,36297.67,0.6316,2025-11
ORD00487,2025-11-27,Customer_0138,Smart Meter,Energy Management,South,Kavya,16,7787.95,0.25,93455.4,84732.9,8722.5,0.0933,2025-11
ORD00002,2025-11-27,Customer_0152,Cloud Platform,Software,East,Kavya,11,37563.23,0.15,351216.2,123958.66,227257.54,0.6471,2025-11
ORD03206,2025-11-27,Customer_0441,Data Logger,Data Solutions,West,Vikram,9,6936.74,0.0,62430.66,39331.32,23099.34,0.37,2025-11
ORD01704,2025-11-27,Customer_0419,Cloud Platform,Software,South,Vikram,17,38144.19,0.2,518760.98,194535.37,324225.62,0.625,2025-11
ORD00349,2025-11-28,Customer_0147,Energy Monitor,Energy Management,South,Sneha,12,7148.78,0.0,85785.36,54902.63,30882.73,0.36,2025-11
ORD02274,2025-11-28,Customer_0107,Analytics License,Software,West,Aarav,13,21002.1,0.1,245724.57,95559.55,150165.02,0.6111,2025-11
ORD01941,2025-11-28,Customer_0061,Cloud Platform,Software,Central,Priya,20,34677.53,0.05,658873.07,208065.18,450807.89,0.6842,2025-11
ORD02921,2025-11-28,Customer_0460,Energy Monitor,Energy Management,East,Ananya,3,6698.43,0.1,18085.76,12860.99,5224.78,0.2889,2025-11
ORD00848,2025-11-28,Customer_0322,Communication Module,IoT Devices,West,Meera,16,3964.88,0.05,60266.18,39331.61,20934.57,0.3474,2025-11
ORD02884,2025-11-28,Customer_0142,Data Logger,Data Solutions,South,Rohan,19,7336.47,0.05,132423.28,87817.55,44605.74,0.3368,2025-11
ORD04934,2025-11-28,Customer_0072,Advanced Meter,Energy Management,West,Meera,8,13268.38,0.2,84917.63,68995.58,15922.06,0.1875,2025-11
ORD02850,2025-11-28,Customer_0365,Data Logger,Data Solutions,Central,Aarav,6,6580.94,0.05,37511.36,24875.95,12635.4,0.3368,2025-11
ORD01326,2025-11-28,Customer_0496,Communication Module,IoT Devices,North,Sneha,5,4138.18,0.1,18621.81,12828.36,5793.45,0.3111,2025-11
ORD00434,2025-11-28,Customer_0471,Network Controller,Networking,South,Meera,11,18348.16,0.2,161463.81,117061.26,44402.55,0.275,2025-11
ORD02653,2025-11-28,Customer_0293,IoT Gateway,IoT Devices,West,Aarav,5,15963.76,0.1,71836.92,47891.28,23945.64,0.3333,2025-11
ORD01629,2025-11-29,Customer_0461,Advanced Meter,Energy Management,Central,Arjun,6,11300.59,0.1,61023.19,44072.3,16950.89,0.2778,2025-11
ORD04842,2025-11-29,Customer_0210,Smart Meter,Energy Management,South,Meera,17,9000.11,0.15,130051.59,104041.27,26010.32,0.2,2025-11
ORD00990,2025-11-29,Customer_0196,Communication Module,IoT Devices,West,Rohan,20,4326.82,0.2,69229.12,53652.57,15576.55,0.225,2025-11
ORD01216,2025-11-29,Customer_0348,Smart Sensor,IoT Devices,West,Priya,15,5076.83,0.0,76152.45,46452.99,29699.46,0.39,2025-11
ORD04094,2025-11-29,Customer_0240,Data Logger,Data Solutions,West,Rohan,18,6379.24,0.1,103343.69,72340.58,31003.11,0.3,2025-11
ORD00558,2025-11-29,Customer_0038,Advanced Meter,Energy Management,East,Rohan,16,12890.14,0.1,185618.02,134057.46,51560.56,0.2778,2025-11
ORD01022,2025-11-29,Customer_0466,Smart Meter,Energy Management,North,Aarav,5,8645.61,0.0,43228.05,29395.07,13832.98,0.32,2025-11
ORD02479,2025-11-29,Customer_0412,Cloud Platform,Software,North,Rahul,15,32476.5,0.05,462790.12,146144.25,316645.88,0.6842,2025-11
ORD01375,2025-11-29,Customer_0116,Cloud Platform,Software,Central,Priya,8,37941.38,0.0,303531.04,91059.31,212471.73,0.7,2025-11
ORD03201,2025-11-30,Customer_0137,IoT Gateway,IoT Devices,South,Rahul,17,14446.8,0.25,184196.7,147357.36,36839.34,0.2,2025-11
ORD04223,2025-11-30,Customer_0166,Analytics License,Software,North,Vikram,18,22710.57,0.15,347471.72,143076.59,204395.13,0.5882,2025-11
ORD02228,2025-11-30,Customer_0218,Analytics License,Software,West,Rohan,6,24145.42,0.1,130385.27,50705.38,79679.89,0.6111,2025-11
ORD04075,2025-11-30,Customer_0221,IoT Gateway,IoT Devices,West,Rohan,5,15328.35,0.2,61313.4,45985.05,15328.35,0.25,2025-11
ORD03355,2025-11-30,Customer_0295,Analytics License,Software,Central,Sneha,18,20035.39,0.25,270477.76,126222.96,144254.81,0.5333,2025-11
ORD04820,2025-11-30,Customer_0008,Advanced Meter,Energy Management,West,Sneha,7,12501.07,0.1,78756.74,56879.87,21876.87,0.2778,2025-11
ORD04364,2025-11-30,Customer_0488,Energy Monitor,Energy Management,South,Ananya,16,7774.48,0.1,111952.51,79610.68,32341.84,0.2889,2025-11
ORD01005,2025-11-30,Customer_0374,Communication Module,IoT Devices,North,Kavya,7,3900.96,0.25,20480.04,16930.17,3549.87,0.1733,2025-11
ORD01759,2025-11-30,Customer_0192,IoT Gateway,IoT Devices,West,Vikram,4,15145.45,0.0,60581.8,36349.08,24232.72,0.4,2025-11
ORD00345,2025-11-30,Customer_0264,Communication Module,IoT Devices,South,Vikram,9,3820.44,0.2,27507.17,21318.06,6189.11,0.225,2025-11
ORD01856,2025-11-30,Customer_0035,Smart Meter,Energy Management,North,Aarav,15,8441.98,0.05,120298.22,86108.2,34190.02,0.2842,2025-11
ORD04990,2025-11-30,Customer_0364,Smart Meter,Energy Management,South,Ananya,11,8368.62,0.25,69041.12,62597.28,6443.84,0.0933,2025-11
ORD02010,2025-11-30,Customer_0046,Data Logger,Data Solutions,East,Ananya,2,6457.98,0.15,10978.57,8137.05,2841.51,0.2588,2025-11
ORD01363,2025-11-30,Customer_0191,Smart Meter,Energy Management,North,Kavya,10,8012.72,0.1,72114.48,54486.5,17627.98,0.2444,2025-11
ORD02771,2025-11-30,Customer_0493,Energy Monitor,Energy Management,North,Aarav,5,7067.88,0.05,33572.43,22617.22,10955.21,0.3263,2025-11
ORD02961,2025-11-30,Customer_0063,Data Logger,Data Solutions,Central,Priya,5,6551.88,0.0,32759.4,20638.42,12120.98,0.37,2025-11
ORD04335,2025-11-30,Customer_0080,Advanced Meter,Energy Management,Central,Kavya,7,13645.22,0.2,76413.23,62085.75,14327.48,0.1875,2025-11
ORD02353,2025-12-01,Customer_0460,Network Controller,Networking,North,Aarav,10,20181.2,0.05,191721.4,117050.96,74670.44,0.3895,2025-12
ORD01769,2025-12-01,Customer_0432,Communication Module,IoT Devices,North,Arjun,3,4392.37,0.1,11859.4,8169.81,3689.59,0.3111,2025-12
ORD03821,2025-12-01,Customer_0121,Cloud Platform,Software,Central,Vikram,17,32700.65,0.15,472524.39,166773.32,305751.08,0.6471,2025-12
ORD00515,2025-12-01,Customer_0221,Analytics License,Software,East,Rahul,20,24187.6,0.1,435376.8,169313.2,266063.6,0.6111,2025-12
ORD00104,2025-12-01,Customer_0486,IoT Gateway,IoT Devices,East,Vikram,6,16425.2,0.1,88696.08,59130.72,29565.36,0.3333,2025-12
ORD00088,2025-12-01,Customer_0388,Smart Meter,Energy Management,South,Ananya,10,9116.02,0.2,72928.16,61988.94,10939.22,0.15,2025-12
ORD03049,2025-12-01,Customer_0386,IoT Gateway,IoT Devices,North,Arjun,3,13658.94,0.0,40976.82,24586.09,16390.73,0.4,2025-12
ORD00403,2025-12-01,Customer_0466,Data Logger,Data Solutions,West,Rohan,4,6314.31,0.15,21468.65,15912.06,5556.59,0.2588,2025-12
ORD01056,2025-12-01,Customer_0028,Data Logger,Data Solutions,West,Kavya,8,6566.43,0.0,52531.44,33094.81,19436.63,0.37,2025-12
ORD01714,2025-12-01,Customer_0500,Advanced Meter,Energy Management,Central,Meera,7,13437.44,0.2,75249.66,61140.35,14109.31,0.1875,2025-12
ORD04622,2025-12-01,Customer_0075,Analytics License,Software,Central,Vikram,6,22631.75,0.2,108632.4,47526.67,61105.73,0.5625,2025-12
ORD01781,2025-12-01,Customer_0064,Analytics License,Software,East,Kavya,2,21262.03,0.2,34019.25,14883.42,19135.83,0.5625,2025-12
ORD01447,2025-12-01,Customer_0304,Data Logger,Data Solutions,West,Sneha,5,7310.98,0.2,29243.92,23029.59,6214.33,0.2125,2025-12
ORD04175,2025-12-01,Customer_0178,Cloud Platform,Software,East,Ananya,3,33106.76,0.0,99320.28,29796.08,69524.2,0.7,2025-12
ORD00105,2025-12-01,Customer_0300,Advanced Meter,Energy Management,Central,Kavya,11,12679.03,0.05,132495.86,90655.06,41840.8,0.3158,2025-12
ORD03998,2025-12-02,Customer_0037,Communication Module,IoT Devices,East,Arjun,15,4464.89,0.05,63624.68,41523.48,22101.21,0.3474,2025-12
ORD00637,2025-12-02,Customer_0012,Network Controller,Networking,North,Meera,2,17328.77,0.1,31191.79,20101.37,11090.41,0.3556,2025-12
ORD02279,2025-12-02,Customer_0274,Smart Meter,Energy Management,South,Sneha,4,8752.83,0.1,31510.19,23807.7,7702.49,0.2444,2025-12
ORD04285,2025-12-02,Customer_0155,Network Controller,Networking,Central,Kavya,1,20057.89,0.1,18052.1,11633.58,6418.52,0.3556,2025-12
ORD04049,2025-12-02,Customer_0183,Analytics License,Software,South,Rohan,18,23432.03,0.2,337421.23,147621.79,189799.44,0.5625,2025-12
ORD04636,2025-12-02,Customer_0072,Cloud Platform,Software,South,Priya,4,32267.67,0.0,129070.68,38721.2,90349.48,0.7,2025-12
ORD03962,2025-12-02,Customer_0292,Communication Module,IoT Devices,West,Meera,16,4255.49,0.1,61279.06,42214.46,19064.6,0.3111,2025-12
ORD03250,2025-12-02,Customer_0276,Cloud Platform,Software,South,Arjun,8,33825.67,0.1,243544.82,81181.61,162363.22,0.6667,2025-12
ORD03174,2025-12-02,Customer_0309,Analytics License,Software,Central,Meera,18,19832.65,0.2,285590.16,124945.69,160644.47,0.5625,2025-12
ORD00807,2025-12-02,Customer_0357,Energy Monitor,Energy Management,North,Vikram,10,6529.58,0.1,58766.22,41789.31,16976.91,0.2889,2025-12
ORD01146,2025-12-02,Customer_0147,IoT Gateway,IoT Devices,South,Aarav,16,16454.74,0.0,263275.84,157965.5,105310.34,0.4,2025-12
ORD03728,2025-12-02,Customer_0224,Smart Meter,Energy Management,Central,Rahul,1,7725.44,0.15,6566.62,5253.3,1313.32,0.2,2025-12
ORD03955,2025-12-02,Customer_0480,IoT Gateway,IoT Devices,West,Meera,6,13674.09,0.15,69737.86,49226.72,20511.14,0.2941,2025-12
ORD00814,2025-12-02,Customer_0001,Smart Sensor,IoT Devices,South,Aarav,12,5203.43,0.05,59319.1,38089.11,21229.99,0.3579,2025-12
ORD01461,2025-12-02,Customer_0213,Energy Monitor,Energy Management,Central,Arjun,3,7437.31,0.05,21196.33,14279.64,6916.7,0.3263,2025-12
ORD00234,2025-12-02,Customer_0292,Cloud Platform,Software,East,Rahul,15,31998.96,0.25,359988.3,143995.32,215992.98,0.6,2025-12
ORD04792,2025-12-02,Customer_0176,Advanced Meter,Energy Management,South,Ananya,1,11815.7,0.1,10634.13,7680.21,2953.92,0.2778,2025-12
ORD02751,2025-12-02,Customer_0212,Smart Sensor,IoT Devices,South,Rohan,10,5946.62,0.1,53519.58,36274.38,17245.2,0.3222,2025-12
ORD04354,2025-12-02,Customer_0479,Smart Meter,Energy Management,South,Arjun,14,9268.63,0.15,110296.7,88237.36,22059.34,0.2,2025-12
ORD01948,2025-12-02,Customer_0481,Data Logger,Data Solutions,Central,Rahul,18,7306.48,0.15,111789.14,82855.48,28933.66,0.2588,2025-12
ORD02370,2025-12-02,Customer_0171,Smart Sensor,IoT Devices,West,Rahul,12,5121.06,0.0,61452.72,37486.16,23966.56,0.39,2025-12
ORD02298,2025-12-03,Customer_0333,Smart Sensor,IoT Devices,West,Sneha,11,5968.69,0.1,59090.03,40049.91,19040.12,0.3222,2025-12
ORD00899,2025-12-03,Customer_0069,Data Logger,Data Solutions,Central,Meera,10,6731.01,0.2,53848.08,42405.36,11442.72,0.2125,2025-12
ORD03348,2025-12-03,Customer_0186,Communication Module,IoT Devices,Central,Ananya,10,4111.36,0.05,39057.92,25490.43,13567.49,0.3474,2025-12
ORD01497,2025-12-03,Customer_0121,Advanced Meter,Energy Management,West,Arjun,5,12969.75,0.2,51879.0,42151.69,9727.31,0.1875,2025-12
ORD00610,2025-12-03,Customer_0454,IoT Gateway,IoT Devices,East,Kavya,9,14132.66,0.2,101755.15,76316.36,25438.79,0.25,2025-12
ORD04021,2025-12-03,Customer_0061,Smart Sensor,IoT Devices,Central,Sneha,19,5304.41,0.2,80627.03,61478.11,19148.92,0.2375,2025-12
ORD01812,2025-12-03,Customer_0184,Smart Sensor,IoT Devices,East,Ananya,1,6034.8,0.2,4827.84,3681.23,1146.61,0.2375,2025-12
ORD01875,2025-12-03,Customer_0319,IoT Gateway,IoT Devices,South,Rahul,16,15536.35,0.05,236152.52,149148.96,87003.56,0.3684,2025-12
ORD02078,2025-12-03,Customer_0135,IoT Gateway,IoT Devices,South,Ananya,15,15673.89,0.0,235108.35,141065.01,94043.34,0.4,2025-12
ORD02760,2025-12-03,Customer_0156,Analytics License,Software,North,Ananya,9,20002.55,0.25,135017.21,63008.03,72009.18,0.5333,2025-12
ORD00650,2025-12-03,Customer_0029,Smart Meter,Energy Management,East,Aarav,2,8793.26,0.15,14948.54,11958.83,2989.71,0.2,2025-12
ORD03813,2025-12-03,Customer_0401,Communication Module,IoT Devices,South,Kavya,20,4574.25,0.0,91485.0,56720.7,34764.3,0.38,2025-12
ORD00719,2025-12-03,Customer_0115,Cloud Platform,Software,South,Rahul,14,36020.08,0.1,453853.01,151284.34,302568.67,0.6667,2025-12
ORD01153,2025-12-03,Customer_0337,Communication Module,IoT Devices,West,Rohan,6,4359.3,0.05,24848.01,16216.6,8631.41,0.3474,2025-12
ORD00462,2025-12-03,Customer_0352,Smart Meter,Energy Management,West,Priya,3,8470.25,0.1,22869.68,17279.31,5590.36,0.2444,2025-12
ORD04437,2025-12-03,Customer_0442,IoT Gateway,IoT Devices,East,Rohan,20,14331.72,0.2,229307.52,171980.64,57326.88,0.25,2025-12
ORD00188,2025-12-03,Customer_0303,Communication Module,IoT Devices,Central,Sneha,12,3806.29,0.15,38824.16,28318.8,10505.36,0.2706,2025-12
ORD03781,2025-12-03,Customer_0064,Advanced Meter,Energy Management,South,Priya,1,13156.38,0.05,12498.56,8551.65,3946.91,0.3158,2025-12
ORD02543,2025-12-04,Customer_0203,Smart Meter,Energy Management,South,Kavya,14,9258.85,0.1,116661.51,88144.25,28517.26,0.2444,2025-12
ORD04817,2025-12-04,Customer_0323,IoT Gateway,IoT Devices,North,Ananya,9,14871.53,0.25,100382.83,80306.26,20076.57,0.2,2025-12
ORD01183,2025-12-04,Customer_0387,Smart Meter,Energy Management,South,Vikram,1,9333.38,0.05,8866.71,6346.7,2520.01,0.2842,2025-12
ORD02873,2025-12-04,Customer_0073,Data Logger,Data Solutions,North,Priya,9,6267.76,0.1,50768.86,35538.2,15230.66,0.3,2025-12
ORD02209,2025-12-04,Customer_0147,Cloud Platform,Software,East,Kavya,11,31823.96,0.2,280050.85,105019.07,175031.78,0.625,2025-12
ORD04119,2025-12-04,Customer_0104,IoT Gateway,IoT Devices,North,Priya,12,15571.24,0.0,186854.88,112112.93,74741.95,0.4,2025-12
ORD02494,2025-12-04,Customer_0210,IoT Gateway,IoT Devices,North,Ananya,14,15891.25,0.05,211353.62,133486.5,77867.12,0.3684,2025-12
ORD03058,2025-12-04,Customer_0358,Analytics License,Software,North,Arjun,4,22722.56,0.1,81801.22,31811.58,49989.63,0.6111,2025-12
ORD03629,2025-12-04,Customer_0259,Advanced Meter,Energy Management,North,Rahul,19,13387.04,0.2,203483.01,165329.94,38153.06,0.1875,2025-12
ORD01879,2025-12-04,Customer_0435,Analytics License,Software,North,Rahul,13,21626.34,0.0,281142.42,98399.85,182742.57,0.65,2025-12
ORD04779,2025-12-04,Customer_0004,Data Logger,Data Solutions,East,Ananya,16,7160.39,0.2,91652.99,72176.73,19476.26,0.2125,2025-12
ORD04944,2025-12-04,Customer_0426,IoT Gateway,IoT Devices,Central,Rohan,3,14949.74,0.2,35879.38,26909.53,8969.84,0.25,2025-12
ORD00404,2025-12-04,Customer_0049,Advanced Meter,Energy Management,North,Aarav,2,13054.3,0.05,24803.17,16970.59,7832.58,0.3158,2025-12
ORD03797,2025-12-04,Customer_0409,IoT Gateway,IoT Devices,South,Meera,17,14522.64,0.0,246884.88,148130.93,98753.95,0.4,2025-12
ORD00228,2025-12-05,Customer_0310,Cloud Platform,Software,North,Arjun,13,37224.84,0.0,483922.92,145176.88,338746.04,0.7,2025-12
ORD03794,2025-12-05,Customer_0434,Data Logger,Data Solutions,North,Vikram,7,7262.95,0.1,45756.58,32029.61,13726.98,0.3,2025-12
ORD01201,2025-12-05,Customer_0095,Energy Monitor,Energy Management,North,Arjun,15,6489.4,0.1,87606.9,62298.24,25308.66,0.2889,2025-12
ORD03616,2025-12-05,Customer_0463,Communication Module,IoT Devices,South,Vikram,16,4565.71,0.1,65746.22,45291.84,20454.38,0.3111,2025-12
ORD03145,2025-12-05,Customer_0223,Analytics License,Software,North,Rohan,9,24157.43,0.15,184804.34,76095.9,108708.44,0.5882,2025-12
ORD01101,2025-12-05,Customer_0355,Cloud Platform,Software,North,Ananya,8,34982.96,0.05,265870.5,83959.1,181911.39,0.6842,2025-12
ORD00540,2025-12-05,Customer_0143,Smart Sensor,IoT Devices,West,Kavya,1,5649.53,0.1,5084.58,3446.21,1638.36,0.3222,2025-12
ORD04180,2025-12-05,Customer_0035,Smart Meter,Energy Management,South,Vikram,6,8204.67,0.15,41843.82,33475.05,8368.76,0.2,2025-12
ORD00463,2025-12-05,Customer_0314,Smart Meter,Energy Management,North,Priya,11,9076.3,0.0,99839.3,67890.72,31948.58,0.32,2025-12
ORD02983,2025-12-05,Customer_0406,Cloud Platform,Software,Central,Rohan,14,35289.11,0.05,469345.16,148214.26,321130.9,0.6842,2025-12
ORD01799,2025-12-05,Customer_0120,Data Logger,Data Solutions,North,Sneha,4,6865.56,0.25,20596.68,17301.21,3295.47,0.16,2025-12
ORD01814,2025-12-05,Customer_0093,Smart Sensor,IoT Devices,West,Arjun,14,5501.03,0.25,57760.82,46978.8,10782.02,0.1867,2025-12
ORD04201,2025-12-05,Customer_0360,Smart Sensor,IoT Devices,East,Arjun,11,5893.71,0.15,55106.19,39546.79,15559.39,0.2824,2025-12
ORD03155,2025-12-06,Customer_0271,Advanced Meter,Energy Management,West,Arjun,5,13532.59,0.1,60896.66,43980.92,16915.74,0.2778,2025-12
ORD03156,2025-12-06,Customer_0111,Network Controller,Networking,South,Rohan,8,19970.66,0.15,135800.49,92663.86,43136.63,0.3176,2025-12
ORD03438,2025-12-06,Customer_0491,Smart Sensor,IoT Devices,East,Rohan,4,4987.23,0.2,15959.14,12168.84,3790.29,0.2375,2025-12
ORD01026,2025-12-06,Customer_0353,Energy Monitor,Energy Management,South,Kavya,8,7299.25,0.2,46715.2,37372.16,9343.04,0.2,2025-12
ORD02621,2025-12-06,Customer_0140,Communication Module,IoT Devices,East,Sneha,15,3970.93,0.05,56585.75,36929.65,19656.1,0.3474,2025-12
ORD03763,2025-12-06,Customer_0492,Smart Meter,Energy Management,North,Vikram,8,7971.87,0.15,54208.72,43366.97,10841.74,0.2,2025-12
ORD00527,2025-12-06,Customer_0165,Data Logger,Data Solutions,Central,Arjun,12,6324.83,0.05,72103.06,47815.71,24287.35,0.3368,2025-12
ORD01525,2025-12-06,Customer_0265,Network Controller,Networking,West,Kavya,13,18812.93,0.0,244568.09,141849.49,102718.6,0.42,2025-12
ORD03606,2025-12-06,Customer_0046,Analytics License,Software,West,Vikram,11,22542.83,0.2,198376.9,86789.9,111587.01,0.5625,2025-12
ORD00461,2025-12-06,Customer_0049,Analytics License,Software,West,Rohan,20,20492.24,0.0,409844.8,143445.68,266399.12,0.65,2025-12
ORD01008,2025-12-06,Customer_0318,Communication Module,IoT Devices,East,Aarav,18,4495.65,0.1,72829.53,50171.45,22658.08,0.3111,2025-12
ORD03251,2025-12-06,Customer_0427,Analytics License,Software,West,Priya,14,20842.1,0.05,277199.93,102126.29,175073.64,0.6316,2025-12
ORD00792,2025-12-07,Customer_0440,Analytics License,Software,West,Vikram,7,21927.39,0.1,138142.56,53722.11,84420.45,0.6111,2025-12
ORD01513,2025-12-07,Customer_0395,Analytics License,Software,West,Meera,19,20996.19,0.05,378981.23,139624.66,239356.57,0.6316,2025-12
ORD00383,2025-12-07,Customer_0164,Data Logger,Data Solutions,East,Arjun,8,6173.66,0.1,44450.35,31115.25,13335.11,0.3,2025-12
ORD02562,2025-12-07,Customer_0095,Cloud Platform,Software,North,Aarav,8,32659.64,0.1,235149.41,78383.14,156766.27,0.6667,2025-12
ORD04576,2025-12-07,Customer_0302,Data Logger,Data Solutions,South,Rohan,3,7226.82,0.1,19512.41,13658.69,5853.72,0.3,2025-12
ORD00318,2025-12-07,Customer_0066,Smart Sensor,IoT Devices,South,Priya,5,5990.27,0.2,23961.08,18270.32,5690.76,0.2375,2025-12
ORD03478,2025-12-07,Customer_0406,Smart Sensor,IoT Devices,South,Arjun,17,5630.48,0.0,95718.16,58388.08,37330.08,0.39,2025-12
ORD00631,2025-12-07,Customer_0396,Smart Meter,Energy Management,North,Aarav,4,8675.43,0.1,31231.55,23597.17,7634.38,0.2444,2025-12
ORD01926,2025-12-07,Customer_0479,Communication Module,IoT Devices,South,Sneha,4,4019.23,0.2,12861.54,9967.69,2893.85,0.225,2025-12
ORD01641,2025-12-07,Customer_0285,Analytics License,Software,West,Arjun,6,23555.31,0.1,127198.67,49466.15,77732.52,0.6111,2025-12
ORD00629,2025-12-07,Customer_0187,Communication Module,IoT Devices,West,Meera,19,4607.55,0.15,74411.93,54276.94,20134.99,0.2706,2025-12
ORD03379,2025-12-07,Customer_0421,Energy Monitor,Energy Management,Central,Vikram,13,7459.54,0.15,82427.92,62063.37,20364.54,0.2471,2025-12
ORD04260,2025-12-07,Customer_0161,Network Controller,Networking,East,Arjun,8,18535.26,0.05,140867.98,86003.61,54864.37,0.3895,2025-12
ORD03811,2025-12-07,Customer_0499,Network Controller,Networking,Central,Meera,18,18021.6,0.2,259511.04,188145.5,71365.54,0.275,2025-12
ORD04213,2025-12-07,Customer_0414,IoT Gateway,IoT Devices,East,Arjun,19,14607.81,0.1,249793.55,166529.03,83264.52,0.3333,2025-12
ORD03490,2025-12-07,Customer_0082,Energy Monitor,Energy Management,East,Meera,14,6510.17,0.0,91142.38,58331.12,32811.26,0.36,2025-12
ORD03316,2025-12-07,Customer_0008,Cloud Platform,Software,West,Sneha,9,36461.64,0.25,246116.07,98446.43,147669.64,0.6,2025-12
ORD00141,2025-12-08,Customer_0120,Communication Module,IoT Devices,East,Rohan,12,3897.7,0.2,37417.92,28998.89,8419.03,0.225,2025-12
ORD03484,2025-12-08,Customer_0339,Data Logger,Data Solutions,North,Arjun,16,6342.18,0.1,91327.39,63929.17,27398.22,0.3,2025-12
ORD02223,2025-12-08,Customer_0429,Network Controller,Networking,East,Ananya,18,17320.91,0.1,280598.74,180830.3,99768.44,0.3556,2025-12
ORD01940,2025-12-08,Customer_0374,Energy Monitor,Energy Management,North,Rahul,3,6906.15,0.05,19682.53,13259.81,6422.72,0.3263,2025-12
ORD02074,2025-12-08,Customer_0488,Energy Monitor,Energy Management,South,Aarav,8,6743.08,0.05,51247.41,34524.57,16722.84,0.3263,2025-12
ORD04078,2025-12-08,Customer_0138,Smart Sensor,IoT Devices,South,Meera,18,5763.09,0.05,98548.84,63278.73,35270.11,0.3579,2025-12
ORD01411,2025-12-08,Customer_0432,Data Logger,Data Solutions,West,Rohan,19,6623.2,0.15,106964.68,79279.7,27684.98,0.2588,2025-12
ORD01268,2025-12-08,Customer_0093,IoT Gateway,IoT Devices,East,Meera,5,14431.73,0.15,61334.85,43295.19,18039.66,0.2941,2025-12
ORD01151,2025-12-08,Customer_0242,Energy Monitor,Energy Management,East,Aarav,18,7691.53,0.1,124602.79,88606.43,35996.36,0.2889,2025-12
ORD02630,2025-12-08,Customer_0378,IoT Gateway,IoT Devices,East,Priya,2,14625.12,0.1,26325.22,17550.14,8775.07,0.3333,2025-12
ORD03838,2025-12-08,Customer_0265,Smart Meter,Energy Management,Central,Rohan,14,8608.13,0.05,114488.13,81949.4,32538.73,0.2842,2025-12
ORD03109,2025-12-08,Customer_0160,IoT Gateway,IoT Devices,East,Kavya,2,14053.54,0.05,26701.73,16864.25,9837.48,0.3684,2025-12
ORD01024,2025-12-08,Customer_0149,Advanced Meter,Energy Management,Central,Kavya,5,11724.83,0.2,46899.32,38105.7,8793.62,0.1875,2025-12
ORD03203,2025-12-08,Customer_0065,Advanced Meter,Energy Management,North,Sneha,18,13356.23,0.2,192329.71,156267.89,36061.82,0.1875,2025-12
ORD04588,2025-12-08,Customer_0419,Analytics License,Software,East,Sneha,4,21195.13,0.15,72063.44,29673.18,42390.26,0.5882,2025-12
ORD04600,2025-12-08,Customer_0135,Cloud Platform,Software,South,Priya,15,32532.06,0.2,390384.72,146394.27,243990.45,0.625,2025-12
ORD01757,2025-12-08,Customer_0232,IoT Gateway,IoT Devices,Central,Priya,19,15263.01,0.05,275497.33,173998.31,101499.02,0.3684,2025-12
ORD01306,2025-12-09,Customer_0022,Energy Monitor,Energy Management,West,Vikram,12,7674.72,0.1,82886.98,58941.85,23945.13,0.2889,2025-12
ORD03502,2025-12-09,Customer_0320,Cloud Platform,Software,Central,Rahul,1,33232.81,0.2,26586.25,9969.84,16616.4,0.625,2025-12
ORD03750,2025-12-09,Customer_0488,IoT Gateway,IoT Devices,Central,Kavya,17,15272.75,0.2,207709.4,155782.05,51927.35,0.25,2025-12
ORD01059,2025-12-09,Customer_0033,Smart Sensor,IoT Devices,South,Rohan,9,5985.34,0.2,43094.45,32859.52,10234.93,0.2375,2025-12
ORD04442,2025-12-09,Customer_0078,IoT Gateway,IoT Devices,West,Sneha,7,15553.91,0.1,97989.63,65326.42,32663.21,0.3333,2025-12
ORD02521,2025-12-09,Customer_0209,Network Controller,Networking,North,Ananya,5,19832.06,0.1,89244.27,57512.97,31731.3,0.3556,2025-12
ORD02977,2025-12-09,Customer_0059,Smart Meter,Energy Management,Central,Priya,11,9070.92,0.05,94791.11,67850.48,26940.63,0.2842,2025-12
ORD02302,2025-12-09,Customer_0300,Communication Module,IoT Devices,West,Ananya,2,4616.71,0.1,8310.08,5724.72,2585.36,0.3111,2025-12
ORD02193,2025-12-09,Customer_0147,Communication Module,IoT Devices,Central,Arjun,5,4023.08,0.15,17098.09,12471.55,4626.54,0.2706,2025-12
ORD03686,2025-12-09,Customer_0304,IoT Gateway,IoT Devices,Central,Kavya,15,15760.16,0.25,177301.8,141841.44,35460.36,0.2,2025-12
ORD03513,2025-12-09,Customer_0226,Communication Module,IoT Devices,Central,Rahul,5,4014.21,0.05,19067.5,12444.05,6623.45,0.3474,2025-12
ORD03983,2025-12-09,Customer_0005,Data Logger,Data Solutions,North,Priya,2,7460.35,0.2,11936.56,9400.04,2536.52,0.2125,2025-12
ORD04717,2025-12-09,Customer_0215,Energy Monitor,Energy Management,North,Arjun,16,7352.88,0.05,111763.78,75293.49,36470.28,0.3263,2025-12
ORD03929,2025-12-09,Customer_0350,Analytics License,Software,South,Meera,10,23033.36,0.0,230333.6,80616.76,149716.84,0.65,2025-12
ORD01610,2025-12-09,Customer_0057,IoT Gateway,IoT Devices,South,Sneha,6,15718.51,0.25,70733.3,56586.64,14146.66,0.2,2025-12
ORD00797,2025-12-09,Customer_0218,Smart Sensor,IoT Devices,West,Aarav,20,6042.59,0.2,96681.44,73719.6,22961.84,0.2375,2025-12
ORD00454,2025-12-09,Customer_0112,Data Logger,Data Solutions,East,Rahul,18,7338.62,0.2,105676.13,83219.95,22456.18,0.2125,2025-12
ORD00795,2025-12-09,Customer_0018,Energy Monitor,Energy Management,North,Arjun,7,7110.58,0.2,39819.25,31855.4,7963.85,0.2,2025-12
ORD03312,2025-12-09,Customer_0049,Communication Module,IoT Devices,West,Sneha,18,4021.52,0.0,72387.36,44880.16,27507.2,0.38,2025-12
ORD02600,2025-12-09,Customer_0246,Advanced Meter,Energy Management,North,Priya,11,11743.35,0.0,129176.85,83964.95,45211.9,0.35,2025-12
ORD04833,2025-12-09,Customer_0013,IoT Gateway,IoT Devices,South,Vikram,18,13850.36,0.1,224375.83,149583.89,74791.94,0.3333,2025-12
ORD00278,2025-12-10,Customer_0449,Cloud Platform,Software,Central,Ananya,13,32551.18,0.15,359690.54,126949.6,232740.94,0.6471,2025-12
ORD03851,2025-12-10,Customer_0448,Advanced Meter,Energy Management,West,Aarav,6,12599.8,0.1,68038.92,49139.22,18899.7,0.2778,2025-12
ORD02458,2025-12-10,Customer_0236,Advanced Meter,Energy Management,East,Sneha,6,13404.19,0.0,80425.14,52276.34,28148.8,0.35,2025-12
ORD04529,2025-12-10,Customer_0029,Communication Module,IoT Devices,North,Vikram,18,4474.61,0.2,64434.38,49936.65,14497.74,0.225,2025-12
ORD03446,2025-12-10,Customer_0225,IoT Gateway,IoT Devices,West,Arjun,13,15649.65,0.25,152584.09,122067.27,30516.82,0.2,2025-12
ORD00194,2025-12-10,Customer_0072,Advanced Meter,Energy Management,Central,Priya,8,12025.9,0.1,86586.48,62534.68,24051.8,0.2778,2025-12
ORD02340,2025-12-10,Customer_0417,Advanced Meter,Energy Management,North,Rohan,13,12989.66,0.1,151979.02,109762.63,42216.4,0.2778,2025-12
ORD03713,2025-12-10,Customer_0021,Communication Module,IoT Devices,North,Arjun,20,3943.67,0.15,67042.39,48901.51,18140.88,0.2706,2025-12
ORD03519,2025-12-10,Customer_0370,Smart Sensor,IoT Devices,South,Arjun,4,5233.59,0.1,18840.92,12769.96,6070.96,0.3222,2025-12
ORD01538,2025-12-10,Customer_0102,Smart Meter,Energy Management,Central,Ananya,2,8626.78,0.2,13802.85,11732.42,2070.43,0.15,2025-12
ORD03521,2025-12-10,Customer_0191,Communication Module,IoT Devices,East,Ananya,8,3859.07,0.2,24698.05,19140.99,5557.06,0.225,2025-12
ORD00966,2025-12-10,Customer_0376,Analytics License,Software,South,Ananya,6,20930.05,0.0,125580.3,43953.1,81627.19,0.65,2025-12
ORD02361,2025-12-11,Customer_0395,Network Controller,Networking,North,Meera,12,20010.17,0.1,216109.84,139270.78,76839.05,0.3556,2025-12
ORD01382,2025-12-11,Customer_0044,Smart Sensor,IoT Devices,South,Ananya,1,5955.57,0.1,5360.01,3632.9,1727.12,0.3222,2025-12
ORD04457,2025-12-11,Customer_0424,Data Logger,Data Solutions,Central,Aarav,20,6639.98,0.2,106239.68,83663.75,22575.93,0.2125,2025-12
ORD01566,2025-12-11,Customer_0072,Smart Meter,Energy Management,East,Kavya,18,7714.17,0.1,124969.55,94421.44,30548.11,0.2444,2025-12
ORD04202,2025-12-11,Customer_0248,Communication Module,IoT Devices,Central,Rahul,3,4224.43,0.1,11405.96,7857.44,3548.52,0.3111,2025-12
ORD00594,2025-12-11,Customer_0101,IoT Gateway,IoT Devices,North,Aarav,12,15070.76,0.05,171806.66,108509.47,63297.19,0.3684,2025-12
ORD01209,2025-12-11,Customer_0015,Analytics License,Software,Central,Rohan,18,23724.01,0.05,405680.57,149461.26,256219.31,0.6316,2025-12
ORD03552,2025-12-11,Customer_0353,Network Controller,Networking,North,Vikram,1,20133.94,0.15,17113.85,11677.69,5436.16,0.3176,2025-12
ORD00315,2025-12-11,Customer_0178,Communication Module,IoT Devices,Central,Sneha,12,4073.59,0.0,48883.08,30307.51,18575.57,0.38,2025-12
ORD01904,2025-12-11,Customer_0100,Smart Meter,Energy Management,Central,Kavya,9,8695.39,0.25,58693.88,53215.79,5478.1,0.0933,2025-12
ORD03445,2025-12-11,Customer_0133,Communication Module,IoT Devices,South,Sneha,7,4371.31,0.0,30599.17,18971.49,11627.68,0.38,2025-12
ORD00011,2025-12-11,Customer_0136,Smart Meter,Energy Management,East,Rahul,7,8369.78,0.1,52729.61,39840.15,12889.46,0.2444,2025-12
ORD04950,2025-12-11,Customer_0465,Data Logger,Data Solutions,West,Aarav,4,6374.36,0.15,21672.82,16063.39,5609.44,0.2588,2025-12
ORD03200,2025-12-11,Customer_0089,IoT Gateway,IoT Devices,Central,Kavya,5,14906.81,0.15,63353.94,44720.43,18633.51,0.2941,2025-12
ORD04512,2025-12-12,Customer_0446,Smart Sensor,IoT Devices,West,Arjun,4,5503.74,0.2,17611.97,13429.13,4182.84,0.2375,2025-12
ORD02276,2025-12-12,Customer_0416,Cloud Platform,Software,North,Kavya,13,37256.54,0.1,435901.52,145300.51,290601.01,0.6667,2025-12
ORD02208,2025-12-12,Customer_0366,Cloud Platform,Software,East,Vikram,14,35999.02,0.1,453587.65,151195.88,302391.77,0.6667,2025-12
ORD04835,2025-12-12,Customer_0197,Smart Meter,Energy Management,North,Rohan,3,8590.99,0.05,24484.32,17525.62,6958.7,0.2842,2025-12
ORD04861,2025-12-12,Customer_0142,Communication Module,IoT Devices,West,Meera,16,4243.99,0.15,57718.26,42100.38,15617.88,0.2706,2025-12
ORD00931,2025-12-12,Customer_0249,Communication Module,IoT Devices,North,Arjun,18,4089.73,0.15,62572.87,45641.39,16931.48,0.2706,2025-12
ORD00671,2025-12-12,Customer_0152,Smart Sensor,IoT Devices,East,Arjun,13,5383.55,0.15,59488.23,42691.55,16796.68,0.2824,2025-12
ORD01103,2025-12-12,Customer_0372,Smart Meter,Energy Management,Central,Priya,17,7665.3,0.05,123794.6,88610.87,35183.73,0.2842,2025-12
ORD00125,2025-12-12,Customer_0001,Data Logger,Data Solutions,East,Ananya,14,6373.4,0.2,71382.08,56213.39,15168.69,0.2125,2025-12
ORD00654,2025-12-12,Customer_0077,Smart Sensor,IoT Devices,West,Vikram,16,5260.49,0.05,79959.45,51342.38,28617.07,0.3579,2025-12
ORD02476,2025-12-12,Customer_0082,Smart Sensor,IoT Devices,North,Arjun,3,5098.33,0.05,14530.24,9329.94,5200.3,0.3579,2025-12
ORD04696,2025-12-12,Customer_0480,Cloud Platform,Software,West,Kavya,1,37012.55,0.2,29610.04,11103.77,18506.28,0.625,2025-12
ORD03300,2025-12-12,Customer_0231,Smart Sensor,IoT Devices,West,Meera,16,5053.93,0.15,68733.45,49326.36,19407.09,0.2824,2025-12
ORD02955,2025-12-13,Customer_0388,Cloud Platform,Software,Central,Priya,5,32721.57,0.15,139066.67,49082.36,89984.32,0.6471,2025-12
ORD02132,2025-12-13,Customer_0245,Advanced Meter,Energy Management,Central,Kavya,18,11505.53,0.0,207099.54,134614.7,72484.84,0.35,2025-12
ORD00730,2025-12-13,Customer_0056,Energy Monitor,Energy Management,Central,Sneha,2,6585.64,0.15,11195.59,8429.62,2765.97,0.2471,2025-12
ORD04101,2025-12-13,Customer_0101,IoT Gateway,IoT Devices,North,Rohan,5,15607.96,0.1,70235.82,46823.88,23411.94,0.3333,2025-12
ORD02865,2025-12-13,Customer_0033,IoT Gateway,IoT Devices,Central,Kavya,4,14832.35,0.15,50429.99,35597.64,14832.35,0.2941,2025-12
ORD00696,2025-12-13,Customer_0303,Cloud Platform,Software,East,Meera,13,33072.22,0.0,429938.86,128981.66,300957.2,0.7,2025-12
ORD00955,2025-12-13,Customer_0282,Analytics License,Software,North,Rahul,20,22197.23,0.05,421747.37,155380.61,266366.76,0.6316,2025-12
ORD02517,2025-12-13,Customer_0481,Data Logger,Data Solutions,Central,Aarav,9,7040.27,0.2,50689.94,39918.33,10771.61,0.2125,2025-12
ORD03848,2025-12-13,Customer_0037,Data Logger,Data Solutions,East,Kavya,20,6211.71,0.25,93175.65,78267.55,14908.1,0.16,2025-12
ORD02774,2025-12-13,Customer_0395,Energy Monitor,Energy Management,North,Kavya,8,6521.2,0.2,41735.68,33388.54,8347.14,0.2,2025-12
ORD04423,2025-12-13,Customer_0469,Data Logger,Data Solutions,West,Arjun,18,6908.93,0.2,99488.59,78347.27,21141.33,0.2125,2025-12
ORD04553,2025-12-14,Customer_0234,Network Controller,Networking,South,Kavya,14,18989.24,0.1,239264.42,154192.63,85071.8,0.3556,2025-12
ORD03931,2025-12-14,Customer_0071,Analytics License,Software,North,Rahul,5,23667.04,0.05,112418.44,41417.32,71001.12,0.6316,2025-12
ORD01920,2025-12-14,Customer_0423,Communication Module,IoT Devices,East,Vikram,1,3938.21,0.1,3544.39,2441.69,1102.7,0.3111,2025-12
ORD04164,2025-12-14,Customer_0119,Cloud Platform,Software,Central,Rohan,19,31674.41,0.05,571723.1,180544.14,391178.96,0.6842,2025-12
ORD04618,2025-12-14,Customer_0307,Smart Sensor,IoT Devices,South,Vikram,15,5829.32,0.1,78695.82,53338.28,25357.54,0.3222,2025-12
ORD00019,2025-12-14,Customer_0283,Smart Sensor,IoT Devices,North,Sneha,7,5947.51,0.05,39550.94,25395.87,14155.07,0.3579,2025-12
ORD03958,2025-12-14,Customer_0377,Communication Module,IoT Devices,North,Meera,6,4352.07,0.15,22195.56,16189.7,6005.86,0.2706,2025-12
ORD03466,2025-12-14,Customer_0419,IoT Gateway,IoT Devices,East,Aarav,12,14725.31,0.1,159033.35,106022.23,53011.12,0.3333,2025-12
ORD03911,2025-12-14,Customer_0114,Communication Module,IoT Devices,South,Sneha,6,4553.52,0.1,24589.01,16939.09,7649.91,0.3111,2025-12
ORD04832,2025-12-14,Customer_0145,Analytics License,Software,South,Ananya,4,21255.58,0.15,72268.97,29757.81,42511.16,0.5882,2025-12
ORD02404,2025-12-14,Customer_0313,Analytics License,Software,South,Vikram,13,20605.8,0.15,227694.09,93756.39,133937.7,0.5882,2025-12
ORD04385,2025-12-14,Customer_0242,Smart Sensor,IoT Devices,Central,Rohan,13,5887.76,0.05,72713.84,46689.94,26023.9,0.3579,2025-12
ORD02257,2025-12-14,Customer_0116,Advanced Meter,Energy Management,Central,Kavya,1,11634.89,0.2,9307.91,7562.68,1745.23,0.1875,2025-12
ORD00351,2025-12-14,Customer_0342,Cloud Platform,Software,West,Priya,4,34191.58,0.1,123089.69,41029.9,82059.79,0.6667,2025-12
ORD00405,2025-12-15,Customer_0343,Smart Sensor,IoT Devices,South,Ananya,18,5253.79,0.15,80382.99,57686.61,22696.37,0.2824,2025-12
ORD02115,2025-12-15,Customer_0102,Communication Module,IoT Devices,North,Rahul,6,4258.9,0.0,25553.4,15843.11,9710.29,0.38,2025-12
ORD03690,2025-12-15,Customer_0488,Advanced Meter,Energy Management,Central,Aarav,15,12494.74,0.05,178050.04,121823.72,56226.33,0.3158,2025-12
ORD02837,2025-12-15,Customer_0002,Advanced Meter,Energy Management,North,Priya,9,11718.99,0.15,89650.27,68556.09,21094.18,0.2353,2025-12
ORD02267,2025-12-15,Customer_0365,Network Controller,Networking,South,Rohan,6,16981.89,0.15,86607.64,59096.98,27510.66,0.3176,2025-12
ORD02399,2025-12-15,Customer_0160,Advanced Meter,Energy Management,South,Ananya,3,12345.31,0.1,33332.34,24073.35,9258.98,0.2778,2025-12
ORD01905,2025-12-15,Customer_0294,Network Controller,Networking,Central,Aarav,11,20233.87,0.15,189186.68,129092.09,60094.59,0.3176,2025-12
ORD02382,2025-12-15,Customer_0163,Energy Monitor,Energy Management,West,Meera,12,6967.02,0.05,79424.03,53506.71,25917.31,0.3263,2025-12
ORD03963,2025-12-15,Customer_0251,Analytics License,Software,North,Kavya,11,23478.5,0.2,206610.8,90392.22,116218.58,0.5625,2025-12
ORD00001,2025-12-15,Customer_0103,Cloud Platform,Software,South,Rahul,15,36623.96,0.1,494423.46,164807.82,329615.64,0.6667,2025-12
ORD00861,2025-12-15,Customer_0278,Smart Meter,Energy Management,South,Arjun,8,8631.5,0.15,58694.2,46955.36,11738.84,0.2,2025-12
ORD04533,2025-12-15,Customer_0430,Analytics License,Software,Central,Priya,14,20759.5,0.05,276101.35,101721.55,174379.8,0.6316,2025-12
ORD01232,2025-12-15,Customer_0303,Communication Module,IoT Devices,East,Ananya,16,4448.7,0.1,64061.28,44131.1,19930.18,0.3111,2025-12
ORD01464,2025-12-16,Customer_0230,Smart Meter,Energy Management,West,Vikram,17,8559.16,0.05,138230.43,98943.89,39286.54,0.2842,2025-12
ORD02819,2025-12-16,Customer_0023,Network Controller,Networking,West,Sneha,9,16653.17,0.25,112408.9,86929.55,25479.35,0.2267,2025-12
ORD01624,2025-12-16,Customer_0187,Smart Sensor,IoT Devices,East,Rohan,9,5272.2,0.05,45077.31,28944.38,16132.93,0.3579,2025-12
ORD01983,2025-12-16,Customer_0452,Smart Sensor,IoT Devices,North,Vikram,8,5054.25,0.05,38412.3,24664.74,13747.56,0.3579,2025-12
ORD02903,2025-12-16,Customer_0257,Communication Module,IoT Devices,North,Meera,20,3810.23,0.0,76204.6,47246.85,28957.75,0.38,2025-12
ORD02931,2025-12-16,Customer_0455,IoT Gateway,IoT Devices,West,Sneha,5,15652.89,0.05,74351.23,46958.67,27392.56,0.3684,2025-12
ORD00305,2025-12-16,Customer_0051,Smart Meter,Energy Management,Central,Rahul,13,8836.04,0.2,91894.82,78110.59,13784.22,0.15,2025-12
ORD02571,2025-12-16,Customer_0490,Network Controller,Networking,Central,Rohan,16,17072.12,0.0,273153.92,158429.27,114724.65,0.42,2025-12
ORD03819,2025-12-16,Customer_0059,Communication Module,IoT Devices,West,Aarav,15,4433.67,0.05,63179.8,41233.13,21946.67,0.3474,2025-12
ORD01678,2025-12-16,Customer_0272,Communication Module,IoT Devices,West,Meera,16,3784.88,0.05,57530.18,37546.01,19984.17,0.3474,2025-12
ORD04472,2025-12-16,Customer_0031,Smart Sensor,IoT Devices,Central,Arjun,2,5860.95,0.05,11135.8,7150.36,3985.45,0.3579,2025-12
ORD03626,2025-12-16,Customer_0154,Communication Module,IoT Devices,West,Sneha,14,4336.29,0.15,51601.85,37639.0,13962.85,0.2706,2025-12
ORD00607,2025-12-16,Customer_0108,Data Logger,Data Solutions,West,Rohan,6,7402.72,0.05,42195.5,27982.28,14213.22,0.3368,2025-12
ORD04109,2025-12-16,Customer_0246,Data Logger,Data Solutions,Central,Ananya,8,6247.31,0.1,44980.63,31486.44,13494.19,0.3,2025-12
ORD00366,2025-12-16,Customer_0268,Communication Module,IoT Devices,East,Aarav,8,4468.81,0.15,30387.91,22165.3,8222.61,0.2706,2025-12
ORD01219,2025-12-16,Customer_0121,Data Logger,Data Solutions,West,Vikram,12,7403.97,0.05,84405.26,55974.01,28431.24,0.3368,2025-12
ORD03805,2025-12-16,Customer_0183,Energy Monitor,Energy Management,North,Arjun,1,7890.43,0.15,6706.87,5049.88,1656.99,0.2471,2025-12
ORD04429,2025-12-17,Customer_0442,Smart Sensor,IoT Devices,East,Rahul,12,5453.36,0.2,52352.26,39918.6,12433.66,0.2375,2025-12
ORD02724,2025-12-17,Customer_0060,Data Logger,Data Solutions,North,Aarav,18,7193.55,0.15,110061.32,81574.86,28486.46,0.2588,2025-12
ORD02402,2025-12-17,Customer_0165,Cloud Platform,Software,West,Arjun,18,35776.82,0.2,515186.21,193194.83,321991.38,0.625,2025-12
ORD02728,2025-12-17,Customer_0117,Advanced Meter,Energy Management,West,Meera,6,12205.27,0.1,65908.46,47600.55,18307.9,0.2778,2025-12
ORD01432,2025-12-17,Customer_0112,Smart Sensor,IoT Devices,East,Aarav,15,5437.23,0.1,73402.6,49750.65,23651.95,0.3222,2025-12
ORD03766,2025-12-17,Customer_0357,Cloud Platform,Software,South,Aarav,17,38331.72,0.0,651639.24,195491.77,456147.47,0.7,2025-12
ORD02373,2025-12-17,Customer_0046,Advanced Meter,Energy Management,Central,Aarav,11,12235.15,0.1,121127.98,87481.32,33646.66,0.2778,2025-12
ORD01969,2025-12-17,Customer_0493,IoT Gateway,IoT Devices,South,Sneha,18,14200.74,0.15,217271.32,153367.99,63903.33,0.2941,2025-12
ORD03729,2025-12-17,Customer_0475,Analytics License,Software,South,Ananya,9,19833.99,0.05,169580.61,62477.07,107103.55,0.6316,2025-12
ORD03722,2025-12-17,Customer_0414,Data Logger,Data Solutions,East,Aarav,15,7451.19,0.0,111767.85,70413.75,41354.1,0.37,2025-12
ORD03436,2025-12-17,Customer_0471,Smart Meter,Energy Management,South,Aarav,1,8455.23,0.2,6764.18,5749.56,1014.63,0.15,2025-12
ORD01040,2025-12-17,Customer_0438,Energy Monitor,Energy Management,South,Priya,13,7354.76,0.1,86050.69,61191.6,24859.09,0.2889,2025-12
ORD04570,2025-12-17,Customer_0140,Data Logger,Data Solutions,East,Aarav,11,7008.75,0.15,65531.81,48570.64,16961.18,0.2588,2025-12
ORD03710,2025-12-17,Customer_0167,Cloud Platform,Software,Central,Rahul,9,34198.07,0.0,307782.63,92334.79,215447.84,0.7,2025-12
ORD02813,2025-12-17,Customer_0443,IoT Gateway,IoT Devices,Central,Arjun,3,16234.82,0.05,46269.24,29222.68,17046.56,0.3684,2025-12
ORD03421,2025-12-17,Customer_0086,Smart Sensor,IoT Devices,West,Meera,7,5332.84,0.05,35463.39,22771.23,12692.16,0.3579,2025-12
ORD03318,2025-12-17,Customer_0359,Analytics License,Software,West,Arjun,16,20640.56,0.15,280711.62,115587.14,165124.48,0.5882,2025-12
ORD00183,2025-12-18,Customer_0017,IoT Gateway,IoT Devices,West,Kavya,4,13703.51,0.05,52073.34,32888.42,19184.91,0.3684,2025-12
ORD01409,2025-12-18,Customer_0099,Advanced Meter,Energy Management,Central,Ananya,6,13027.82,0.05,74258.57,50808.5,23450.08,0.3158,2025-12
ORD00728,2025-12-18,Customer_0446,Energy Monitor,Energy Management,West,Vikram,20,7263.73,0.25,108955.95,92975.74,15980.21,0.1467,2025-12
ORD00695,2025-12-18,Customer_0225,Cloud Platform,Software,Central,Vikram,13,35656.46,0.1,417180.58,139060.19,278120.39,0.6667,2025-12
ORD04695,2025-12-18,Customer_0169,Analytics License,Software,North,Priya,9,21751.23,0.1,176184.96,68516.37,107668.59,0.6111,2025-12
ORD01734,2025-12-18,Customer_0476,Energy Monitor,Energy Management,North,Arjun,10,7611.98,0.0,76119.8,48716.67,27403.13,0.36,2025-12
ORD02688,2025-12-18,Customer_0178,Cloud Platform,Software,Central,Aarav,10,35710.93,0.15,303542.9,107132.79,196410.12,0.6471,2025-12
ORD00793,2025-12-18,Customer_0110,IoT Gateway,IoT Devices,North,Sneha,12,14219.46,0.05,162101.84,102380.11,59721.73,0.3684,2025-12
ORD00478,2025-12-18,Customer_0059,Smart Meter,Energy Management,West,Priya,16,8642.05,0.1,124445.52,94025.5,30420.02,0.2444,2025-12
ORD04323,2025-12-18,Customer_0066,Network Controller,Networking,West,Vikram,18,18379.63,0.0,330833.34,191883.34,138950.0,0.42,2025-12
ORD02077,2025-12-18,Customer_0158,Advanced Meter,Energy Management,South,Arjun,17,12326.79,0.1,188599.89,136211.03,52388.86,0.2778,2025-12
ORD00856,2025-12-19,Customer_0035,Smart Sensor,IoT Devices,East,Ananya,8,5424.33,0.1,39055.18,26470.73,12584.45,0.3222,2025-12
ORD01729,2025-12-19,Customer_0484,Advanced Meter,Energy Management,East,Arjun,16,12854.05,0.05,195381.56,133682.12,61699.44,0.3158,2025-12
ORD00918,2025-12-19,Customer_0282,Cloud Platform,Software,Central,Rohan,11,36408.01,0.0,400488.11,120146.43,280341.68,0.7,2025-12
ORD01830,2025-12-19,Customer_0310,Data Logger,Data Solutions,South,Vikram,7,7392.78,0.2,41399.57,32602.16,8797.41,0.2125,2025-12
ORD04587,2025-12-19,Customer_0162,Advanced Meter,Energy Management,West,Rohan,2,11626.84,0.15,19765.63,15114.89,4650.74,0.2353,2025-12
ORD03196,2025-12-19,Customer_0140,IoT Gateway,IoT Devices,Central,Rohan,16,13984.92,0.0,223758.72,134255.23,89503.49,0.4,2025-12
ORD03646,2025-12-19,Customer_0178,Data Logger,Data Solutions,East,Rahul,14,7356.54,0.2,82393.25,64884.68,17508.57,0.2125,2025-12
ORD03122,2025-12-19,Customer_0335,Analytics License,Software,South,Rohan,5,20861.38,0.15,88660.86,36507.42,52153.45,0.5882,2025-12
ORD03009,2025-12-19,Customer_0492,Cloud Platform,Software,Central,Rohan,18,37408.39,0.15,572348.37,202005.31,370343.06,0.6471,2025-12
ORD01925,2025-12-19,Customer_0219,Advanced Meter,Energy Management,Central,Arjun,9,12301.48,0.15,94106.32,71963.66,22142.66,0.2353,2025-12
ORD02553,2025-12-19,Customer_0005,Communication Module,IoT Devices,South,Vikram,11,4490.56,0.1,44456.54,30625.62,13830.92,0.3111,2025-12
ORD01424,2025-12-19,Customer_0170,IoT Gateway,IoT Devices,Central,Vikram,4,14007.31,0.0,56029.24,33617.54,22411.7,0.4,2025-12
ORD01576,2025-12-19,Customer_0383,Advanced Meter,Energy Management,Central,Ananya,16,13476.67,0.15,183282.71,140157.37,43125.34,0.2353,2025-12
ORD04394,2025-12-19,Customer_0414,IoT Gateway,IoT Devices,East,Rahul,16,14293.41,0.0,228694.56,137216.74,91477.82,0.4,2025-12
ORD02705,2025-12-20,Customer_0189,Cloud Platform,Software,East,Vikram,19,36923.06,0.15,596307.42,210461.44,385845.98,0.6471,2025-12
ORD02863,2025-12-20,Customer_0479,IoT Gateway,IoT Devices,North,Rahul,14,14623.74,0.15,174022.51,122839.42,51183.09,0.2941,2025-12
ORD02421,2025-12-20,Customer_0251,Data Logger,Data Solutions,South,Rahul,4,6271.25,0.0,25085.0,15803.55,9281.45,0.37,2025-12
ORD02160,2025-12-20,Customer_0112,IoT Gateway,IoT Devices,South,Priya,16,15589.62,0.1,224490.53,149660.35,74830.18,0.3333,2025-12
ORD02624,2025-12-20,Customer_0077,Energy Monitor,Energy Management,Central,Ananya,17,7371.73,0.2,100255.53,80204.42,20051.11,0.2,2025-12
ORD01061,2025-12-20,Customer_0480,Smart Meter,Energy Management,East,Aarav,13,8635.67,0.15,95424.15,76339.32,19084.83,0.2,2025-12
ORD00153,2025-12-20,Customer_0305,Analytics License,Software,Central,Aarav,12,21388.29,0.0,256659.48,89830.82,166828.66,0.65,2025-12
ORD04076,2025-12-20,Customer_0416,Communication Module,IoT Devices,North,Priya,12,4312.47,0.1,46574.68,32084.78,14489.9,0.3111,2025-12
ORD01818,2025-12-20,Customer_0474,Communication Module,IoT Devices,North,Sneha,8,3963.35,0.05,30121.46,19658.22,10463.24,0.3474,2025-12
ORD02885,2025-12-20,Customer_0181,Smart Meter,Energy Management,Central,Meera,12,8852.49,0.05,100918.39,72236.32,28682.07,0.2842,2025-12
ORD02253,2025-12-20,Customer_0473,Energy Monitor,Energy Management,South,Rahul,19,7368.09,0.05,132994.02,89595.97,43398.05,0.3263,2025-12
ORD02914,2025-12-20,Customer_0468,Advanced Meter,Energy Management,West,Arjun,4,12072.15,0.15,41045.31,31387.59,9657.72,0.2353,2025-12
ORD02573,2025-12-21,Customer_0143,Advanced Meter,Energy Management,North,Priya,13,13157.94,0.15,145395.24,111184.59,34210.64,0.2353,2025-12
ORD04945,2025-12-21,Customer_0406,Smart Meter,Energy Management,East,Priya,3,7710.99,0.05,21976.32,15730.42,6245.9,0.2842,2025-12
ORD00701,2025-12-21,Customer_0241,Data Logger,Data Solutions,West,Ananya,1,6244.33,0.15,5307.68,3933.93,1373.75,0.2588,2025-12
ORD02596,2025-12-21,Customer_0326,IoT Gateway,IoT Devices,East,Aarav,9,16281.21,0.05,139204.35,87918.53,51285.81,0.3684,2025-12
ORD04325,2025-12-21,Customer_0208,Advanced Meter,Energy Management,West,Priya,5,11698.4,0.05,55567.4,38019.8,17547.6,0.3158,2025-12
ORD04515,2025-12-21,Customer_0376,Communication Module,IoT Devices,East,Ananya,14,4598.21,0.2,51499.95,39912.46,11587.49,0.225,2025-12
ORD03253,2025-12-21,Customer_0080,Data Logger,Data Solutions,East,Aarav,2,7243.11,0.2,11588.98,9126.32,2462.66,0.2125,2025-12
ORD03259,2025-12-21,Customer_0070,Communication Module,IoT Devices,West,Ananya,4,4596.75,0.15,15628.95,11399.94,4229.01,0.2706,2025-12
ORD03314,2025-12-21,Customer_0338,Smart Sensor,IoT Devices,North,Kavya,8,5825.2,0.15,39611.36,28426.98,11184.38,0.2824,2025-12
ORD01599,2025-12-21,Customer_0250,IoT Gateway,IoT Devices,West,Meera,12,14913.25,0.1,161063.1,107375.4,53687.7,0.3333,2025-12
ORD02028,2025-12-21,Customer_0447,Cloud Platform,Software,North,Sneha,16,34060.01,0.15,463216.14,163488.05,299728.09,0.6471,2025-12
ORD04377,2025-12-21,Customer_0425,Communication Module,IoT Devices,Central,Sneha,16,4067.35,0.1,58569.84,40348.11,18221.73,0.3111,2025-12
ORD04147,2025-12-21,Customer_0020,Communication Module,IoT Devices,Central,Arjun,9,4137.21,0.1,33511.4,23085.63,10425.77,0.3111,2025-12
ORD01098,2025-12-21,Customer_0209,Network Controller,Networking,North,Ananya,20,19554.53,0.15,332427.01,226832.55,105594.46,0.3176,2025-12
ORD02094,2025-12-21,Customer_0017,Data Logger,Data Solutions,South,Priya,15,7143.9,0.15,91084.72,67509.85,23574.87,0.2588,2025-12
ORD02861,2025-12-22,Customer_0054,Smart Sensor,IoT Devices,South,Aarav,13,5253.35,0.1,61464.2,41659.07,19805.13,0.3222,2025-12
ORD02875,2025-12-22,Customer_0378,Smart Meter,Energy Management,Central,Rahul,19,8844.67,0.25,126036.55,114273.14,11763.41,0.0933,2025-12
ORD02150,2025-12-22,Customer_0046,Cloud Platform,Software,North,Aarav,1,35118.66,0.1,31606.79,10535.6,21071.2,0.6667,2025-12
ORD03668,2025-12-22,Customer_0384,Advanced Meter,Energy Management,South,Ananya,3,12374.56,0.2,29698.94,24130.39,5568.55,0.1875,2025-12
ORD01030,2025-12-22,Customer_0186,Analytics License,Software,North,Arjun,12,21156.75,0.2,203104.8,88858.35,114246.45,0.5625,2025-12
ORD01297,2025-12-22,Customer_0454,Energy Monitor,Energy Management,Central,Arjun,8,7149.0,0.15,48613.2,36602.88,12010.32,0.2471,2025-12
ORD02451,2025-12-22,Customer_0029,Smart Sensor,IoT Devices,South,Priya,16,5568.51,0.2,71276.93,54348.66,16928.27,0.2375,2025-12
ORD01489,2025-12-22,Customer_0385,Smart Sensor,IoT Devices,East,Rohan,8,5488.55,0.05,41712.98,26784.12,14928.86,0.3579,2025-12
ORD01598,2025-12-22,Customer_0321,Smart Meter,Energy Management,East,Kavya,13,8806.19,0.15,97308.4,77846.72,19461.68,0.2,2025-12
ORD01731,2025-12-22,Customer_0435,Energy Monitor,Energy Management,Central,Arjun,15,7010.31,0.15,89381.45,67298.98,22082.48,0.2471,2025-12
ORD02245,2025-12-23,Customer_0359,Smart Sensor,IoT Devices,East,Aarav,3,5933.46,0.1,16020.34,10858.23,5162.11,0.3222,2025-12
ORD04702,2025-12-23,Customer_0167,Communication Module,IoT Devices,North,Vikram,17,4068.42,0.05,65704.98,42881.15,22823.84,0.3474,2025-12
ORD03225,2025-12-23,Customer_0063,Smart Meter,Energy Management,North,Sneha,8,8249.5,0.05,62696.2,44877.28,17818.92,0.2842,2025-12
ORD04381,2025-12-23,Customer_0047,Network Controller,Networking,West,Ananya,19,18447.02,0.0,350493.38,203286.16,147207.22,0.42,2025-12
ORD03511,2025-12-23,Customer_0369,Analytics License,Software,Central,Kavya,6,22998.54,0.0,137991.24,48296.93,89694.31,0.65,2025-12
ORD00890,2025-12-23,Customer_0455,Smart Meter,Energy Management,West,Sneha,16,8766.16,0.2,112206.85,95375.82,16831.03,0.15,2025-12
ORD04204,2025-12-23,Customer_0028,Data Logger,Data Solutions,Central,Ananya,5,6539.24,0.1,29426.58,20598.61,8827.97,0.3,2025-12
ORD04915,2025-12-23,Customer_0146,IoT Gateway,IoT Devices,West,Ananya,11,13760.03,0.2,121088.26,90816.2,30272.07,0.25,2025-12
ORD02079,2025-12-23,Customer_0068,Advanced Meter,Energy Management,Central,Ananya,13,12140.42,0.1,142042.91,102586.55,39456.36,0.2778,2025-12
ORD04127,2025-12-23,Customer_0306,Communication Module,IoT Devices,South,Meera,15,4103.04,0.0,61545.6,38158.27,23387.33,0.38,2025-12
ORD01445,2025-12-23,Customer_0233,Analytics License,Software,West,Sneha,16,23389.61,0.2,299387.01,130981.82,168405.19,0.5625,2025-12
ORD04816,2025-12-24,Customer_0194,Communication Module,IoT Devices,North,Ananya,17,4411.74,0.15,63749.64,46499.74,17249.9,0.2706,2025-12
ORD03702,2025-12-24,Customer_0397,Advanced Meter,Energy Management,Central,Kavya,19,11742.54,0.05,211952.85,145020.37,66932.48,0.3158,2025-12
ORD03040,2025-12-24,Customer_0051,Energy Monitor,Energy Management,East,Sneha,13,7114.54,0.15,78615.67,59192.97,19422.69,0.2471,2025-12
ORD03143,2025-12-24,Customer_0357,Cloud Platform,Software,East,Priya,20,38333.9,0.05,728344.1,230003.4,498340.7,0.6842,2025-12
ORD03175,2025-12-24,Customer_0058,Energy Monitor,Energy Management,West,Priya,3,7357.31,0.15,18761.14,14126.04,4635.11,0.2471,2025-12
ORD02667,2025-12-24,Customer_0155,Smart Sensor,IoT Devices,South,Aarav,3,5865.73,0.05,16717.33,10734.29,5983.04,0.3579,2025-12
ORD04404,2025-12-24,Customer_0300,Analytics License,Software,West,Priya,12,22563.78,0.2,216612.29,94767.88,121844.41,0.5625,2025-12
ORD01519,2025-12-24,Customer_0017,IoT Gateway,IoT Devices,North,Vikram,12,14242.52,0.0,170910.24,102546.14,68364.1,0.4,2025-12
ORD00868,2025-12-24,Customer_0223,Smart Meter,Energy Management,South,Sneha,11,8883.05,0.2,78170.84,66445.21,11725.63,0.15,2025-12
ORD03427,2025-12-24,Customer_0416,Communication Module,IoT Devices,West,Meera,20,4449.62,0.25,66744.3,55175.29,11569.01,0.1733,2025-12
ORD03321,2025-12-25,Customer_0340,Smart Sensor,IoT Devices,South,Sneha,3,4970.47,0.15,12674.7,9095.96,3578.74,0.2824,2025-12
ORD02986,2025-12-25,Customer_0416,Communication Module,IoT Devices,Central,Kavya,12,4578.32,0.0,54939.84,34062.7,20877.14,0.38,2025-12
ORD00897,2025-12-25,Customer_0297,Communication Module,IoT Devices,East,Arjun,15,4525.12,0.05,64482.96,42083.62,22399.34,0.3474,2025-12
ORD03442,2025-12-25,Customer_0349,Data Logger,Data Solutions,West,Sneha,9,6880.43,0.05,58827.68,39012.04,19815.64,0.3368,2025-12
ORD02493,2025-12-25,Customer_0011,Network Controller,Networking,West,Rohan,8,17610.11,0.15,119748.75,81710.91,38037.84,0.3176,2025-12
ORD04583,2025-12-25,Customer_0328,Advanced Meter,Energy Management,Central,Rohan,14,13480.48,0.05,179290.38,122672.37,56618.02,0.3158,2025-12
ORD02468,2025-12-25,Customer_0017,Smart Meter,Energy Management,Central,Priya,1,7956.82,0.15,6763.3,5410.64,1352.66,0.2,2025-12
ORD03131,2025-12-25,Customer_0118,Cloud Platform,Software,South,Rahul,5,37132.87,0.05,176381.13,55699.31,120681.83,0.6842,2025-12
ORD00936,2025-12-25,Customer_0429,Advanced Meter,Energy Management,Central,Sneha,5,13306.64,0.0,66533.2,43246.58,23286.62,0.35,2025-12
ORD02337,2025-12-25,Customer_0375,Network Controller,Networking,West,Rahul,2,18298.0,0.1,32936.4,21225.68,11710.72,0.3556,2025-12
ORD03278,2025-12-25,Customer_0395,Data Logger,Data Solutions,East,Ananya,11,6941.45,0.05,72538.15,48104.25,24433.9,0.3368,2025-12
ORD03549,2025-12-25,Customer_0256,Communication Module,IoT Devices,West,Arjun,17,4202.68,0.05,67873.28,44296.25,23577.03,0.3474,2025-12
ORD03564,2025-12-25,Customer_0156,Smart Meter,Energy Management,North,Vikram,18,9223.54,0.25,124517.79,112896.13,11621.66,0.0933,2025-12
ORD01608,2025-12-25,Customer_0149,Smart Sensor,IoT Devices,South,Meera,1,5206.0,0.1,4685.4,3175.66,1509.74,0.3222,2025-12
ORD02676,2025-12-25,Customer_0363,Smart Sensor,IoT Devices,Central,Aarav,11,5613.65,0.2,49400.12,37667.59,11732.53,0.2375,2025-12
ORD04543,2025-12-25,Customer_0030,Cloud Platform,Software,Central,Ananya,13,35064.18,0.2,364667.47,136750.3,227917.17,0.625,2025-12
ORD02054,2025-12-25,Customer_0055,Smart Sensor,IoT Devices,Central,Sneha,19,5640.89,0.2,85741.53,65377.92,20363.61,0.2375,2025-12
ORD01122,2025-12-25,Customer_0339,Smart Sensor,IoT Devices,Central,Rohan,10,5041.01,0.2,40328.08,30750.16,9577.92,0.2375,2025-12
ORD04721,2025-12-25,Customer_0468,Cloud Platform,Software,North,Meera,9,38491.71,0.1,311782.85,103927.62,207855.23,0.6667,2025-12
ORD04138,2025-12-25,Customer_0272,Communication Module,IoT Devices,East,Rahul,2,3965.32,0.1,7137.58,4917.0,2220.58,0.3111,2025-12
ORD00442,2025-12-25,Customer_0349,Smart Meter,Energy Management,West,Arjun,14,8707.47,0.25,91428.44,82895.11,8533.32,0.0933,2025-12
ORD00370,2025-12-26,Customer_0313,Cloud Platform,Software,West,Aarav,11,35575.39,0.1,352196.36,117398.79,234797.57,0.6667,2025-12
ORD01900,2025-12-26,Customer_0386,Data Logger,Data Solutions,East,Sneha,17,6137.13,0.2,83464.97,65728.66,17736.31,0.2125,2025-12
ORD01688,2025-12-26,Customer_0197,Energy Monitor,Energy Management,West,Rohan,1,7630.67,0.1,6867.6,4883.63,1983.97,0.2889,2025-12
ORD03539,2025-12-26,Customer_0120,Energy Monitor,Energy Management,North,Kavya,13,7625.66,0.25,74350.18,63445.49,10904.69,0.1467,2025-12
ORD02738,2025-12-26,Customer_0081,Network Controller,Networking,East,Kavya,3,19448.99,0.1,52512.27,33841.24,18671.03,0.3556,2025-12
ORD03590,2025-12-26,Customer_0493,Network Controller,Networking,Central,Ananya,10,18982.54,0.0,189825.4,110098.73,79726.67,0.42,2025-12
ORD00551,2025-12-26,Customer_0350,Cloud Platform,Software,West,Meera,11,33783.78,0.05,353040.5,111486.47,241554.03,0.6842,2025-12
ORD02763,2025-12-26,Customer_0430,Communication Module,IoT Devices,East,Arjun,6,4579.29,0.05,26101.95,17034.96,9066.99,0.3474,2025-12
ORD04002,2025-12-26,Customer_0351,Analytics License,Software,South,Rahul,11,22815.45,0.1,225872.96,87839.48,138033.47,0.6111,2025-12
ORD04112,2025-12-27,Customer_0472,Energy Monitor,Energy Management,East,Arjun,13,7395.59,0.2,76914.14,61531.31,15382.83,0.2,2025-12
ORD04230,2025-12-27,Customer_0316,Cloud Platform,Software,North,Rohan,13,34122.62,0.0,443594.06,133078.22,310515.84,0.7,2025-12
ORD02037,2025-12-27,Customer_0451,Advanced Meter,Energy Management,Central,Sneha,13,11386.31,0.05,140620.93,96214.32,44406.61,0.3158,2025-12
ORD03331,2025-12-27,Customer_0369,IoT Gateway,IoT Devices,Central,Rahul,13,15871.67,0.05,196015.12,123799.03,72216.1,0.3684,2025-12
ORD01859,2025-12-27,Customer_0104,Cloud Platform,Software,Central,Kavya,8,32188.7,0.05,244634.12,77252.88,167381.24,0.6842,2025-12
ORD00715,2025-12-27,Customer_0035,Energy Monitor,Energy Management,North,Rahul,4,7624.88,0.05,28974.54,19519.69,9454.85,0.3263,2025-12
ORD03214,2025-12-27,Customer_0357,Advanced Meter,Energy Management,West,Arjun,4,12918.23,0.25,38754.69,33587.4,5167.29,0.1333,2025-12
ORD00225,2025-12-27,Customer_0073,Data Logger,Data Solutions,North,Vikram,2,7479.2,0.0,14958.4,9423.79,5534.61,0.37,2025-12
ORD03850,2025-12-27,Customer_0384,Cloud Platform,Software,South,Vikram,15,31805.13,0.1,429369.26,143123.08,286246.17,0.6667,2025-12
ORD00788,2025-12-28,Customer_0242,IoT Gateway,IoT Devices,Central,Kavya,12,15020.06,0.2,144192.58,108144.43,36048.14,0.25,2025-12
ORD03358,2025-12-28,Customer_0259,Energy Monitor,Energy Management,North,Kavya,17,7312.26,0.15,105662.16,79557.39,26104.77,0.2471,2025-12
ORD01437,2025-12-28,Customer_0176,Network Controller,Networking,East,Meera,3,17103.56,0.2,41048.54,29760.19,11288.35,0.275,2025-12
ORD03087,2025-12-28,Customer_0398,Smart Sensor,IoT Devices,Central,Arjun,20,5610.25,0.1,100984.5,68445.05,32539.45,0.3222,2025-12
ORD00292,2025-12-28,Customer_0003,Energy Monitor,Energy Management,North,Sneha,16,7648.92,0.15,104025.31,78324.94,25700.37,0.2471,2025-12
ORD03938,2025-12-28,Customer_0092,Cloud Platform,Software,South,Ananya,13,36760.24,0.15,406200.65,143364.94,262835.72,0.6471,2025-12
ORD03275,2025-12-28,Customer_0331,IoT Gateway,IoT Devices,North,Arjun,20,16402.65,0.05,311650.35,196831.8,114818.55,0.3684,2025-12
ORD03605,2025-12-28,Customer_0181,IoT Gateway,IoT Devices,East,Priya,6,14680.41,0.15,74870.09,52849.48,22020.61,0.2941,2025-12
ORD03676,2025-12-28,Customer_0451,Energy Monitor,Energy Management,West,Aarav,9,6746.58,0.2,48575.38,38860.3,9715.08,0.2,2025-12
ORD00903,2025-12-28,Customer_0112,Analytics License,Software,North,Vikram,18,23815.46,0.05,407244.37,150037.4,257206.97,0.6316,2025-12
ORD02593,2025-12-28,Customer_0377,Advanced Meter,Energy Management,South,Kavya,16,12102.81,0.05,183962.71,125869.22,58093.49,0.3158,2025-12
ORD02349,2025-12-28,Customer_0160,Advanced Meter,Energy Management,North,Ananya,3,11767.78,0.15,30007.84,22947.17,7060.67,0.2353,2025-12
ORD01673,2025-12-28,Customer_0198,Smart Meter,Energy Management,West,Rohan,8,7784.52,0.15,52934.74,42347.79,10586.95,0.2,2025-12
ORD04926,2025-12-28,Customer_0183,IoT Gateway,IoT Devices,Central,Arjun,3,16158.16,0.05,46050.76,29084.69,16966.07,0.3684,2025-12
ORD04491,2025-12-28,Customer_0458,Data Logger,Data Solutions,West,Vikram,9,7005.85,0.1,56747.38,39723.17,17024.22,0.3,2025-12
ORD01550,2025-12-28,Customer_0407,IoT Gateway,IoT Devices,Central,Vikram,20,14455.41,0.15,245741.97,173464.92,72277.05,0.2941,2025-12
ORD03403,2025-12-28,Customer_0259,Communication Module,IoT Devices,Central,Arjun,5,4416.87,0.2,17667.48,13692.3,3975.18,0.225,2025-12
ORD01422,2025-12-28,Customer_0102,Smart Sensor,IoT Devices,East,Ananya,5,4984.5,0.05,23676.38,15202.73,8473.65,0.3579,2025-12
ORD03532,2025-12-29,Customer_0314,Energy Monitor,Energy Management,North,Rohan,14,7465.45,0.1,94064.67,66890.43,27174.24,0.2889,2025-12
ORD01111,2025-12-29,Customer_0326,Advanced Meter,Energy Management,South,Vikram,18,11956.67,0.1,193698.05,139893.04,53805.02,0.2778,2025-12
ORD01778,2025-12-29,Customer_0335,Network Controller,Networking,Central,Meera,3,19454.08,0.1,52526.02,33850.1,18675.92,0.3556,2025-12
ORD03583,2025-12-29,Customer_0147,Network Controller,Networking,Central,Sneha,15,17130.29,0.05,244106.63,149033.52,95073.11,0.3895,2025-12
ORD04876,2025-12-29,Customer_0409,Network Controller,Networking,East,Priya,6,16881.81,0.15,86097.23,58748.7,27348.53,0.3176,2025-12
ORD02121,2025-12-29,Customer_0070,Smart Sensor,IoT Devices,East,Sneha,5,5691.43,0.0,28457.15,17358.86,11098.29,0.39,2025-12
ORD00505,2025-12-29,Customer_0019,Energy Monitor,Energy Management,East,Meera,9,7078.72,0.1,57337.63,40773.43,16564.2,0.2889,2025-12
ORD04776,2025-12-29,Customer_0095,Smart Sensor,IoT Devices,West,Vikram,17,5394.62,0.0,91708.54,55942.21,35766.33,0.39,2025-12
ORD00602,2025-12-29,Customer_0141,Cloud Platform,Software,South,Arjun,18,32241.12,0.1,522306.14,174102.05,348204.1,0.6667,2025-12
ORD02499,2025-12-29,Customer_0187,Analytics License,Software,Central,Aarav,10,21396.12,0.0,213961.2,74886.42,139074.78,0.65,2025-12
ORD02799,2025-12-29,Customer_0203,Communication Module,IoT Devices,South,Priya,15,4282.14,0.1,57808.89,39823.9,17984.99,0.3111,2025-12
ORD03825,2025-12-30,Customer_0206,Energy Monitor,Energy Management,Central,Rahul,5,7890.93,0.25,29590.99,25250.98,4340.01,0.1467,2025-12
ORD04711,2025-12-30,Customer_0330,Advanced Meter,Energy Management,South,Rahul,7,13420.19,0.25,70456.0,61061.86,9394.13,0.1333,2025-12
ORD02675,2025-12-30,Customer_0322,Smart Sensor,IoT Devices,Central,Rahul,12,5541.04,0.2,53193.98,40560.41,12633.57,0.2375,2025-12
ORD00332,2025-12-30,Customer_0470,Advanced Meter,Energy Management,East,Meera,12,12035.15,0.05,137200.71,93874.17,43326.54,0.3158,2025-12
ORD03056,2025-12-30,Customer_0048,Cloud Platform,Software,West,Rohan,3,37541.18,0.2,90098.83,33787.06,56311.77,0.625,2025-12
ORD01149,2025-12-30,Customer_0313,Smart Sensor,IoT Devices,North,Rohan,8,5059.45,0.15,34404.26,24690.12,9714.14,0.2824,2025-12
ORD03860,2025-12-30,Customer_0115,Smart Sensor,IoT Devices,Central,Kavya,5,5729.49,0.1,25782.7,17474.94,8307.76,0.3222,2025-12
ORD00675,2025-12-30,Customer_0369,Smart Meter,Energy Management,South,Ananya,11,9054.78,0.1,89642.32,67729.75,21912.57,0.2444,2025-12
ORD00618,2025-12-30,Customer_0076,Analytics License,Software,West,Sneha,11,21148.3,0.0,232631.3,81420.95,151210.34,0.65,2025-12
ORD03540,2025-12-30,Customer_0329,Advanced Meter,Energy Management,West,Kavya,6,12298.15,0.2,59031.12,47962.78,11068.34,0.1875,2025-12
ORD00440,2025-12-30,Customer_0438,Communication Module,IoT Devices,East,Priya,13,3780.37,0.2,39315.85,30469.78,8846.07,0.225,2025-12
ORD00958,2025-12-30,Customer_0214,Smart Sensor,IoT Devices,South,Kavya,2,5632.61,0.15,9575.44,6871.78,2703.65,0.2824,2025-12
ORD00973,2025-12-30,Customer_0240,Communication Module,IoT Devices,West,Ananya,15,4098.11,0.2,49177.32,38112.42,11064.9,0.225,2025-12
ORD03387,2025-12-30,Customer_0126,IoT Gateway,IoT Devices,North,Rahul,4,14983.3,0.1,53939.88,35959.92,17979.96,0.3333,2025-12
ORD03399,2025-12-31,Customer_0064,Energy Monitor,Energy Management,West,Arjun,20,7441.64,0.0,148832.8,95252.99,53579.81,0.36,2025-12
ORD01997,2025-12-31,Customer_0206,Analytics License,Software,South,Rahul,12,22249.15,0.05,253640.31,93446.43,160193.88,0.6316,2025-12
ORD01203,2025-12-31,Customer_0257,Smart Sensor,IoT Devices,Central,Priya,13,5010.15,0.1,58618.76,39730.49,18888.27,0.3222,2025-12
ORD02123,2025-12-31,Customer_0029,Smart Sensor,IoT Devices,West,Meera,16,5599.72,0.25,67196.64,54653.27,12543.37,0.1867,2025-12
ORD04559,2025-12-31,Customer_0400,Analytics License,Software,West,Rohan,1,21376.72,0.15,18170.21,7481.85,10688.36,0.5882,2025-12
ORD00389,2025-12-31,Customer_0116,IoT Gateway,IoT Devices,Central,Aarav,3,14101.42,0.0,42304.26,25382.56,16921.7,0.4,2025-12
ORD01831,2025-12-31,Customer_0359,IoT Gateway,IoT Devices,North,Rahul,11,15195.87,0.05,158796.84,100292.74,58504.1,0.3684,2025-12
ORD04634,2025-12-31,Customer_0194,Cloud Platform,Software,East,Ananya,13,33350.41,0.0,433555.33,130066.6,303488.73,0.7,2025-12
ORD00531,2025-12-31,Customer_0269,Communication Module,IoT Devices,North,Rahul,3,4259.78,0.05,12140.37,7923.19,4217.18,0.3474,2025-12
ORD00560,2025-12-31,Customer_0077,Energy Monitor,Energy Management,North,Meera,17,7657.71,0.1,117162.96,83315.88,33847.08,0.2889,2025-12
ORD00096,2025-12-31,Customer_0003,Energy Monitor,Energy Management,East,Priya,14,6692.74,0.0,93698.36,59966.95,33731.41,0.36,2025-12
ORD03215,2025-12-31,Customer_0473,IoT Gateway,IoT Devices,West,Sneha,1,13996.68,0.05,13296.85,8398.01,4898.84,0.3684,2025-12
ORD00156,2025-12-31,Customer_0401,Smart Sensor,IoT Devices,South,Arjun,15,4998.58,0.1,67480.83,45737.01,21743.82,0.3222,2025-12
